2026-06-23 09:51:03,228 INFO  Logger.cs: 70 - 
--------------------------------------------------------------------------------
2026-06-23 09:51:03,242 INFO  Logger.cs: 71 - Logging commencing for SW2URDF exporter
2026-06-23 09:51:03,242 INFO  Logger.cs: 73 - Commit version 1.6.0-4-g7f85cfe
2026-06-23 09:51:03,243 INFO  Logger.cs: 74 - Build version 1.6.7995.38578
2026-06-23 09:51:03,244 INFO  SwAddin.cs: 192 - Attempting to connect to SW
2026-06-23 09:51:03,244 INFO  SwAddin.cs: 197 - Setting up callbacks
2026-06-23 09:51:03,245 INFO  SwAddin.cs: 201 - Setting up command manager
2026-06-23 09:51:03,245 INFO  SwAddin.cs: 204 - Adding command manager
2026-06-23 09:51:03,246 INFO  SwAddin.cs: 263 - Adding Assembly export to file menu
2026-06-23 09:51:03,249 INFO  SwAddin.cs: 272 - Adding Part export to file menu
2026-06-23 09:51:03,249 INFO  SwAddin.cs: 210 - Adding event handlers
2026-06-23 09:51:03,258 INFO  SwAddin.cs: 217 - Connecting plugin to SolidWorks
2026-06-23 09:51:58,345 INFO  SwAddin.cs: 294 - Assembly export called for file Lidar_PKG
2026-06-23 09:52:01,382 INFO  SwAddin.cs: 313 - Saving assembly
2026-06-23 09:52:03,158 INFO  SwAddin.cs: 316 - Opening property manager
2026-06-23 09:52:03,165 INFO  ExportHelperExtension.cs: 1125 - Retrieving features of type [CoordSys] from Lidar_PKG
2026-06-23 09:52:03,168 INFO  ExportHelperExtension.cs: 1136 - Found 71 in Lidar_PKG
2026-06-23 09:52:03,168 INFO  ExportHelperExtension.cs: 1145 - Found 0 features of type [CoordSys] in Lidar_PKG
2026-06-23 09:52:03,169 INFO  ExportHelperExtension.cs: 1148 - Proceeding through assembly components
2026-06-23 09:52:03,169 INFO  ExportHelperExtension.cs: 1160 - 14 components to check
2026-06-23 09:52:03,170 INFO  ExportHelperExtension.cs: 1125 - Retrieving features of type [CoordSys] from Pi_Camera_module_3-1
2026-06-23 09:52:03,171 INFO  ExportHelperExtension.cs: 1136 - Found 563 in Pi_Camera_module_3-1
2026-06-23 09:52:03,172 INFO  ExportHelperExtension.cs: 1145 - Found 0 features of type [CoordSys] in Pi_Camera_module_3-1
2026-06-23 09:52:03,172 INFO  ExportHelperExtension.cs: 1125 - Retrieving features of type [CoordSys] from RASPBERRY_PI_5_1-1
2026-06-23 09:52:03,173 INFO  ExportHelperExtension.cs: 1136 - Found 23 in RASPBERRY_PI_5_1-1
2026-06-23 09:52:03,173 INFO  ExportHelperExtension.cs: 1145 - Found 0 features of type [CoordSys] in RASPBERRY_PI_5_1-1
2026-06-23 09:52:03,173 INFO  ExportHelperExtension.cs: 1125 - Retrieving features of type [CoordSys] from Lidar_pkg_box-1
2026-06-23 09:52:03,173 INFO  ExportHelperExtension.cs: 1136 - Found 31 in Lidar_pkg_box-1
2026-06-23 09:52:03,174 INFO  ExportHelperExtension.cs: 1145 - Found 0 features of type [CoordSys] in Lidar_pkg_box-1
2026-06-23 09:52:03,174 INFO  ExportHelperExtension.cs: 1125 - Retrieving features of type [CoordSys] from Ouster OS-1-2
2026-06-23 09:52:03,174 INFO  ExportHelperExtension.cs: 1136 - Found 83 in Ouster OS-1-2
2026-06-23 09:52:03,174 INFO  ExportHelperExtension.cs: 1145 - Found 0 features of type [CoordSys] in Ouster OS-1-2
2026-06-23 09:52:03,175 INFO  ExportHelperExtension.cs: 1125 - Retrieving features of type [CoordSys] from Lidar_cap-1
2026-06-23 09:52:03,175 INFO  ExportHelperExtension.cs: 1136 - Found 26 in Lidar_cap-1
2026-06-23 09:52:03,175 INFO  ExportHelperExtension.cs: 1145 - Found 0 features of type [CoordSys] in Lidar_cap-1
2026-06-23 09:52:03,175 INFO  ExportHelperExtension.cs: 1125 - Retrieving features of type [CoordSys] from 92510A444_Aluminum Unthreaded Spacer-3
2026-06-23 09:52:03,176 INFO  ExportHelperExtension.cs: 1136 - Found 29 in 92510A444_Aluminum Unthreaded Spacer-3
2026-06-23 09:52:03,176 INFO  ExportHelperExtension.cs: 1145 - Found 0 features of type [CoordSys] in 92510A444_Aluminum Unthreaded Spacer-3
2026-06-23 09:52:03,176 INFO  ExportHelperExtension.cs: 1125 - Retrieving features of type [CoordSys] from 92510A444_Aluminum Unthreaded Spacer-4
2026-06-23 09:52:03,177 INFO  ExportHelperExtension.cs: 1136 - Found 29 in 92510A444_Aluminum Unthreaded Spacer-4
2026-06-23 09:52:03,177 INFO  ExportHelperExtension.cs: 1145 - Found 0 features of type [CoordSys] in 92510A444_Aluminum Unthreaded Spacer-4
2026-06-23 09:52:03,177 INFO  ExportHelperExtension.cs: 1125 - Retrieving features of type [CoordSys] from d24v150fx-step-down-voltage-regulator-1
2026-06-23 09:52:03,177 INFO  ExportHelperExtension.cs: 1136 - Found 34 in d24v150fx-step-down-voltage-regulator-1
2026-06-23 09:52:03,178 INFO  ExportHelperExtension.cs: 1145 - Found 0 features of type [CoordSys] in d24v150fx-step-down-voltage-regulator-1
2026-06-23 09:52:03,178 INFO  ExportHelperExtension.cs: 1125 - Retrieving features of type [CoordSys] from 92510A444_Aluminum Unthreaded Spacer-1
2026-06-23 09:52:03,178 INFO  ExportHelperExtension.cs: 1136 - Found 29 in 92510A444_Aluminum Unthreaded Spacer-1
2026-06-23 09:52:03,178 INFO  ExportHelperExtension.cs: 1145 - Found 0 features of type [CoordSys] in 92510A444_Aluminum Unthreaded Spacer-1
2026-06-23 09:52:03,179 INFO  ExportHelperExtension.cs: 1125 - Retrieving features of type [CoordSys] from Lidar_control_box-1
2026-06-23 09:52:03,179 INFO  ExportHelperExtension.cs: 1136 - Found 31 in Lidar_control_box-1
2026-06-23 09:52:03,179 INFO  ExportHelperExtension.cs: 1145 - Found 0 features of type [CoordSys] in Lidar_control_box-1
2026-06-23 09:52:03,179 INFO  ExportHelperExtension.cs: 1125 - Retrieving features of type [CoordSys] from eth_to_usb_adpt-1
2026-06-23 09:52:03,180 INFO  ExportHelperExtension.cs: 1136 - Found 23 in eth_to_usb_adpt-1
2026-06-23 09:52:03,180 INFO  ExportHelperExtension.cs: 1145 - Found 0 features of type [CoordSys] in eth_to_usb_adpt-1
2026-06-23 09:52:03,180 INFO  ExportHelperExtension.cs: 1125 - Retrieving features of type [CoordSys] from 92510A444_Aluminum Unthreaded Spacer-2
2026-06-23 09:52:03,180 INFO  ExportHelperExtension.cs: 1136 - Found 29 in 92510A444_Aluminum Unthreaded Spacer-2
2026-06-23 09:52:03,180 INFO  ExportHelperExtension.cs: 1145 - Found 0 features of type [CoordSys] in 92510A444_Aluminum Unthreaded Spacer-2
2026-06-23 09:52:03,181 INFO  ExportHelperExtension.cs: 1125 - Retrieving features of type [CoordSys] from Pi_Camera_module_3-2
2026-06-23 09:52:03,181 INFO  ExportHelperExtension.cs: 1136 - Found 563 in Pi_Camera_module_3-2
2026-06-23 09:52:03,182 INFO  ExportHelperExtension.cs: 1145 - Found 0 features of type [CoordSys] in Pi_Camera_module_3-2
2026-06-23 09:52:03,182 INFO  ExportHelperExtension.cs: 1125 - Retrieving features of type [RefAxis] from Lidar_PKG
2026-06-23 09:52:03,218 INFO  ExportHelperExtension.cs: 1136 - Found 71 in Lidar_PKG
2026-06-23 09:52:03,219 INFO  ExportHelperExtension.cs: 1145 - Found 0 features of type [RefAxis] in Lidar_PKG
2026-06-23 09:52:03,220 INFO  ExportHelperExtension.cs: 1148 - Proceeding through assembly components
2026-06-23 09:52:03,220 INFO  ExportHelperExtension.cs: 1160 - 14 components to check
2026-06-23 09:52:03,220 INFO  ExportHelperExtension.cs: 1125 - Retrieving features of type [RefAxis] from Pi_Camera_module_3-1
2026-06-23 09:52:03,221 INFO  ExportHelperExtension.cs: 1136 - Found 563 in Pi_Camera_module_3-1
2026-06-23 09:52:03,222 INFO  ExportHelperExtension.cs: 1145 - Found 0 features of type [RefAxis] in Pi_Camera_module_3-1
2026-06-23 09:52:03,222 INFO  ExportHelperExtension.cs: 1125 - Retrieving features of type [RefAxis] from RASPBERRY_PI_5_1-1
2026-06-23 09:52:03,223 INFO  ExportHelperExtension.cs: 1136 - Found 23 in RASPBERRY_PI_5_1-1
2026-06-23 09:52:03,223 INFO  ExportHelperExtension.cs: 1145 - Found 0 features of type [RefAxis] in RASPBERRY_PI_5_1-1
2026-06-23 09:52:03,223 INFO  ExportHelperExtension.cs: 1125 - Retrieving features of type [RefAxis] from Lidar_pkg_box-1
2026-06-23 09:52:03,223 INFO  ExportHelperExtension.cs: 1136 - Found 31 in Lidar_pkg_box-1
2026-06-23 09:52:03,224 INFO  ExportHelperExtension.cs: 1145 - Found 0 features of type [RefAxis] in Lidar_pkg_box-1
2026-06-23 09:52:03,224 INFO  ExportHelperExtension.cs: 1125 - Retrieving features of type [RefAxis] from Ouster OS-1-2
2026-06-23 09:52:03,224 INFO  ExportHelperExtension.cs: 1136 - Found 83 in Ouster OS-1-2
2026-06-23 09:52:03,224 INFO  ExportHelperExtension.cs: 1145 - Found 0 features of type [RefAxis] in Ouster OS-1-2
2026-06-23 09:52:03,225 INFO  ExportHelperExtension.cs: 1125 - Retrieving features of type [RefAxis] from Lidar_cap-1
2026-06-23 09:52:03,225 INFO  ExportHelperExtension.cs: 1136 - Found 26 in Lidar_cap-1
2026-06-23 09:52:03,225 INFO  ExportHelperExtension.cs: 1145 - Found 0 features of type [RefAxis] in Lidar_cap-1
2026-06-23 09:52:03,225 INFO  ExportHelperExtension.cs: 1125 - Retrieving features of type [RefAxis] from 92510A444_Aluminum Unthreaded Spacer-3
2026-06-23 09:52:03,226 INFO  ExportHelperExtension.cs: 1136 - Found 29 in 92510A444_Aluminum Unthreaded Spacer-3
2026-06-23 09:52:03,226 INFO  ExportHelperExtension.cs: 1145 - Found 0 features of type [RefAxis] in 92510A444_Aluminum Unthreaded Spacer-3
2026-06-23 09:52:03,226 INFO  ExportHelperExtension.cs: 1125 - Retrieving features of type [RefAxis] from 92510A444_Aluminum Unthreaded Spacer-4
2026-06-23 09:52:03,226 INFO  ExportHelperExtension.cs: 1136 - Found 29 in 92510A444_Aluminum Unthreaded Spacer-4
2026-06-23 09:52:03,227 INFO  ExportHelperExtension.cs: 1145 - Found 0 features of type [RefAxis] in 92510A444_Aluminum Unthreaded Spacer-4
2026-06-23 09:52:03,227 INFO  ExportHelperExtension.cs: 1125 - Retrieving features of type [RefAxis] from d24v150fx-step-down-voltage-regulator-1
2026-06-23 09:52:03,227 INFO  ExportHelperExtension.cs: 1136 - Found 34 in d24v150fx-step-down-voltage-regulator-1
2026-06-23 09:52:03,227 INFO  ExportHelperExtension.cs: 1145 - Found 0 features of type [RefAxis] in d24v150fx-step-down-voltage-regulator-1
2026-06-23 09:52:03,227 INFO  ExportHelperExtension.cs: 1125 - Retrieving features of type [RefAxis] from 92510A444_Aluminum Unthreaded Spacer-1
2026-06-23 09:52:03,228 INFO  ExportHelperExtension.cs: 1136 - Found 29 in 92510A444_Aluminum Unthreaded Spacer-1
2026-06-23 09:52:03,228 INFO  ExportHelperExtension.cs: 1145 - Found 0 features of type [RefAxis] in 92510A444_Aluminum Unthreaded Spacer-1
2026-06-23 09:52:03,228 INFO  ExportHelperExtension.cs: 1125 - Retrieving features of type [RefAxis] from Lidar_control_box-1
2026-06-23 09:52:03,228 INFO  ExportHelperExtension.cs: 1136 - Found 31 in Lidar_control_box-1
2026-06-23 09:52:03,229 INFO  ExportHelperExtension.cs: 1145 - Found 0 features of type [RefAxis] in Lidar_control_box-1
2026-06-23 09:52:03,229 INFO  ExportHelperExtension.cs: 1125 - Retrieving features of type [RefAxis] from eth_to_usb_adpt-1
2026-06-23 09:52:03,229 INFO  ExportHelperExtension.cs: 1136 - Found 23 in eth_to_usb_adpt-1
2026-06-23 09:52:03,229 INFO  ExportHelperExtension.cs: 1145 - Found 0 features of type [RefAxis] in eth_to_usb_adpt-1
2026-06-23 09:52:03,229 INFO  ExportHelperExtension.cs: 1125 - Retrieving features of type [RefAxis] from 92510A444_Aluminum Unthreaded Spacer-2
2026-06-23 09:52:03,229 INFO  ExportHelperExtension.cs: 1136 - Found 29 in 92510A444_Aluminum Unthreaded Spacer-2
2026-06-23 09:52:03,230 INFO  ExportHelperExtension.cs: 1145 - Found 0 features of type [RefAxis] in 92510A444_Aluminum Unthreaded Spacer-2
2026-06-23 09:52:03,230 INFO  ExportHelperExtension.cs: 1125 - Retrieving features of type [RefAxis] from Pi_Camera_module_3-2
2026-06-23 09:52:03,230 INFO  ExportHelperExtension.cs: 1136 - Found 563 in Pi_Camera_module_3-2
2026-06-23 09:52:03,231 INFO  ExportHelperExtension.cs: 1145 - Found 0 features of type [RefAxis] in Pi_Camera_module_3-2
2026-06-23 09:52:04,475 INFO  SwAddin.cs: 339 - Loading config tree
2026-06-23 09:52:04,477 INFO  ExportPropertyManagerExtension.cs: 520 - Starting new configuration
2026-06-23 09:52:04,480 INFO  SwAddin.cs: 344 - Showing property manager
2026-06-23 09:52:39,641 INFO  ExportPropertyManager.cs: 422 - Configuration saved
2026-06-23 09:52:43,256 INFO  ExportHelperExtension.cs: 1125 - Retrieving features of type [CoordSys] from Lidar_PKG
2026-06-23 09:52:43,259 INFO  ExportHelperExtension.cs: 1136 - Found 74 in Lidar_PKG
2026-06-23 09:52:43,268 INFO  ExportHelperExtension.cs: 1145 - Found 1 features of type [CoordSys] in Lidar_PKG
2026-06-23 09:52:43,268 INFO  ExportHelperExtension.cs: 1148 - Proceeding through assembly components
2026-06-23 09:52:43,312 INFO  ExportHelperExtension.cs: 1160 - 14 components to check
2026-06-23 09:52:43,313 INFO  ExportHelperExtension.cs: 1125 - Retrieving features of type [CoordSys] from Pi_Camera_module_3-1
2026-06-23 09:52:43,314 INFO  ExportHelperExtension.cs: 1136 - Found 563 in Pi_Camera_module_3-1
2026-06-23 09:52:43,315 INFO  ExportHelperExtension.cs: 1145 - Found 0 features of type [CoordSys] in Pi_Camera_module_3-1
2026-06-23 09:52:43,315 INFO  ExportHelperExtension.cs: 1125 - Retrieving features of type [CoordSys] from RASPBERRY_PI_5_1-1
2026-06-23 09:52:43,315 INFO  ExportHelperExtension.cs: 1136 - Found 23 in RASPBERRY_PI_5_1-1
2026-06-23 09:52:43,316 INFO  ExportHelperExtension.cs: 1145 - Found 0 features of type [CoordSys] in RASPBERRY_PI_5_1-1
2026-06-23 09:52:43,316 INFO  ExportHelperExtension.cs: 1125 - Retrieving features of type [CoordSys] from Lidar_pkg_box-1
2026-06-23 09:52:43,316 INFO  ExportHelperExtension.cs: 1136 - Found 31 in Lidar_pkg_box-1
2026-06-23 09:52:43,316 INFO  ExportHelperExtension.cs: 1145 - Found 0 features of type [CoordSys] in Lidar_pkg_box-1
2026-06-23 09:52:43,317 INFO  ExportHelperExtension.cs: 1125 - Retrieving features of type [CoordSys] from Ouster OS-1-2
2026-06-23 09:52:43,317 INFO  ExportHelperExtension.cs: 1136 - Found 83 in Ouster OS-1-2
2026-06-23 09:52:43,317 INFO  ExportHelperExtension.cs: 1145 - Found 0 features of type [CoordSys] in Ouster OS-1-2
2026-06-23 09:52:43,318 INFO  ExportHelperExtension.cs: 1125 - Retrieving features of type [CoordSys] from Lidar_cap-1
2026-06-23 09:52:43,318 INFO  ExportHelperExtension.cs: 1136 - Found 26 in Lidar_cap-1
2026-06-23 09:52:43,318 INFO  ExportHelperExtension.cs: 1145 - Found 0 features of type [CoordSys] in Lidar_cap-1
2026-06-23 09:52:43,318 INFO  ExportHelperExtension.cs: 1125 - Retrieving features of type [CoordSys] from 92510A444_Aluminum Unthreaded Spacer-3
2026-06-23 09:52:43,318 INFO  ExportHelperExtension.cs: 1136 - Found 29 in 92510A444_Aluminum Unthreaded Spacer-3
2026-06-23 09:52:43,319 INFO  ExportHelperExtension.cs: 1145 - Found 0 features of type [CoordSys] in 92510A444_Aluminum Unthreaded Spacer-3
2026-06-23 09:52:43,319 INFO  ExportHelperExtension.cs: 1125 - Retrieving features of type [CoordSys] from 92510A444_Aluminum Unthreaded Spacer-4
2026-06-23 09:52:43,319 INFO  ExportHelperExtension.cs: 1136 - Found 29 in 92510A444_Aluminum Unthreaded Spacer-4
2026-06-23 09:52:43,319 INFO  ExportHelperExtension.cs: 1145 - Found 0 features of type [CoordSys] in 92510A444_Aluminum Unthreaded Spacer-4
2026-06-23 09:52:43,320 INFO  ExportHelperExtension.cs: 1125 - Retrieving features of type [CoordSys] from d24v150fx-step-down-voltage-regulator-1
2026-06-23 09:52:43,320 INFO  ExportHelperExtension.cs: 1136 - Found 34 in d24v150fx-step-down-voltage-regulator-1
2026-06-23 09:52:43,320 INFO  ExportHelperExtension.cs: 1145 - Found 0 features of type [CoordSys] in d24v150fx-step-down-voltage-regulator-1
2026-06-23 09:52:43,321 INFO  ExportHelperExtension.cs: 1125 - Retrieving features of type [CoordSys] from 92510A444_Aluminum Unthreaded Spacer-1
2026-06-23 09:52:43,321 INFO  ExportHelperExtension.cs: 1136 - Found 29 in 92510A444_Aluminum Unthreaded Spacer-1
2026-06-23 09:52:43,321 INFO  ExportHelperExtension.cs: 1145 - Found 0 features of type [CoordSys] in 92510A444_Aluminum Unthreaded Spacer-1
2026-06-23 09:52:43,321 INFO  ExportHelperExtension.cs: 1125 - Retrieving features of type [CoordSys] from Lidar_control_box-1
2026-06-23 09:52:43,321 INFO  ExportHelperExtension.cs: 1136 - Found 31 in Lidar_control_box-1
2026-06-23 09:52:43,322 INFO  ExportHelperExtension.cs: 1145 - Found 0 features of type [CoordSys] in Lidar_control_box-1
2026-06-23 09:52:43,322 INFO  ExportHelperExtension.cs: 1125 - Retrieving features of type [CoordSys] from eth_to_usb_adpt-1
2026-06-23 09:52:43,322 INFO  ExportHelperExtension.cs: 1136 - Found 23 in eth_to_usb_adpt-1
2026-06-23 09:52:43,322 INFO  ExportHelperExtension.cs: 1145 - Found 0 features of type [CoordSys] in eth_to_usb_adpt-1
2026-06-23 09:52:43,323 INFO  ExportHelperExtension.cs: 1125 - Retrieving features of type [CoordSys] from 92510A444_Aluminum Unthreaded Spacer-2
2026-06-23 09:52:43,323 INFO  ExportHelperExtension.cs: 1136 - Found 29 in 92510A444_Aluminum Unthreaded Spacer-2
2026-06-23 09:52:43,323 INFO  ExportHelperExtension.cs: 1145 - Found 0 features of type [CoordSys] in 92510A444_Aluminum Unthreaded Spacer-2
2026-06-23 09:52:43,323 INFO  ExportHelperExtension.cs: 1125 - Retrieving features of type [CoordSys] from Pi_Camera_module_3-2
2026-06-23 09:52:43,324 INFO  ExportHelperExtension.cs: 1136 - Found 563 in Pi_Camera_module_3-2
2026-06-23 09:52:43,325 INFO  ExportHelperExtension.cs: 1145 - Found 0 features of type [CoordSys] in Pi_Camera_module_3-2
2026-06-23 09:52:43,325 INFO  ExportHelperExtension.cs: 1125 - Retrieving features of type [RefAxis] from Lidar_PKG
2026-06-23 09:52:43,325 INFO  ExportHelperExtension.cs: 1136 - Found 74 in Lidar_PKG
2026-06-23 09:52:43,325 INFO  ExportHelperExtension.cs: 1145 - Found 0 features of type [RefAxis] in Lidar_PKG
2026-06-23 09:52:43,326 INFO  ExportHelperExtension.cs: 1148 - Proceeding through assembly components
2026-06-23 09:52:43,326 INFO  ExportHelperExtension.cs: 1160 - 14 components to check
2026-06-23 09:52:43,326 INFO  ExportHelperExtension.cs: 1125 - Retrieving features of type [RefAxis] from Pi_Camera_module_3-1
2026-06-23 09:52:43,326 INFO  ExportHelperExtension.cs: 1136 - Found 563 in Pi_Camera_module_3-1
2026-06-23 09:52:43,328 INFO  ExportHelperExtension.cs: 1145 - Found 0 features of type [RefAxis] in Pi_Camera_module_3-1
2026-06-23 09:52:43,328 INFO  ExportHelperExtension.cs: 1125 - Retrieving features of type [RefAxis] from RASPBERRY_PI_5_1-1
2026-06-23 09:52:43,328 INFO  ExportHelperExtension.cs: 1136 - Found 23 in RASPBERRY_PI_5_1-1
2026-06-23 09:52:43,328 INFO  ExportHelperExtension.cs: 1145 - Found 0 features of type [RefAxis] in RASPBERRY_PI_5_1-1
2026-06-23 09:52:43,328 INFO  ExportHelperExtension.cs: 1125 - Retrieving features of type [RefAxis] from Lidar_pkg_box-1
2026-06-23 09:52:43,329 INFO  ExportHelperExtension.cs: 1136 - Found 31 in Lidar_pkg_box-1
2026-06-23 09:52:43,329 INFO  ExportHelperExtension.cs: 1145 - Found 0 features of type [RefAxis] in Lidar_pkg_box-1
2026-06-23 09:52:43,329 INFO  ExportHelperExtension.cs: 1125 - Retrieving features of type [RefAxis] from Ouster OS-1-2
2026-06-23 09:52:43,329 INFO  ExportHelperExtension.cs: 1136 - Found 83 in Ouster OS-1-2
2026-06-23 09:52:43,330 INFO  ExportHelperExtension.cs: 1145 - Found 0 features of type [RefAxis] in Ouster OS-1-2
2026-06-23 09:52:43,330 INFO  ExportHelperExtension.cs: 1125 - Retrieving features of type [RefAxis] from Lidar_cap-1
2026-06-23 09:52:43,330 INFO  ExportHelperExtension.cs: 1136 - Found 26 in Lidar_cap-1
2026-06-23 09:52:43,330 INFO  ExportHelperExtension.cs: 1145 - Found 0 features of type [RefAxis] in Lidar_cap-1
2026-06-23 09:52:43,331 INFO  ExportHelperExtension.cs: 1125 - Retrieving features of type [RefAxis] from 92510A444_Aluminum Unthreaded Spacer-3
2026-06-23 09:52:43,331 INFO  ExportHelperExtension.cs: 1136 - Found 29 in 92510A444_Aluminum Unthreaded Spacer-3
2026-06-23 09:52:43,331 INFO  ExportHelperExtension.cs: 1145 - Found 0 features of type [RefAxis] in 92510A444_Aluminum Unthreaded Spacer-3
2026-06-23 09:52:43,331 INFO  ExportHelperExtension.cs: 1125 - Retrieving features of type [RefAxis] from 92510A444_Aluminum Unthreaded Spacer-4
2026-06-23 09:52:43,331 INFO  ExportHelperExtension.cs: 1136 - Found 29 in 92510A444_Aluminum Unthreaded Spacer-4
2026-06-23 09:52:43,332 INFO  ExportHelperExtension.cs: 1145 - Found 0 features of type [RefAxis] in 92510A444_Aluminum Unthreaded Spacer-4
2026-06-23 09:52:43,332 INFO  ExportHelperExtension.cs: 1125 - Retrieving features of type [RefAxis] from d24v150fx-step-down-voltage-regulator-1
2026-06-23 09:52:43,332 INFO  ExportHelperExtension.cs: 1136 - Found 34 in d24v150fx-step-down-voltage-regulator-1
2026-06-23 09:52:43,332 INFO  ExportHelperExtension.cs: 1145 - Found 0 features of type [RefAxis] in d24v150fx-step-down-voltage-regulator-1
2026-06-23 09:52:43,332 INFO  ExportHelperExtension.cs: 1125 - Retrieving features of type [RefAxis] from 92510A444_Aluminum Unthreaded Spacer-1
2026-06-23 09:52:43,333 INFO  ExportHelperExtension.cs: 1136 - Found 29 in 92510A444_Aluminum Unthreaded Spacer-1
2026-06-23 09:52:43,333 INFO  ExportHelperExtension.cs: 1145 - Found 0 features of type [RefAxis] in 92510A444_Aluminum Unthreaded Spacer-1
2026-06-23 09:52:43,333 INFO  ExportHelperExtension.cs: 1125 - Retrieving features of type [RefAxis] from Lidar_control_box-1
2026-06-23 09:52:43,333 INFO  ExportHelperExtension.cs: 1136 - Found 31 in Lidar_control_box-1
2026-06-23 09:52:43,333 INFO  ExportHelperExtension.cs: 1145 - Found 0 features of type [RefAxis] in Lidar_control_box-1
2026-06-23 09:52:43,334 INFO  ExportHelperExtension.cs: 1125 - Retrieving features of type [RefAxis] from eth_to_usb_adpt-1
2026-06-23 09:52:43,334 INFO  ExportHelperExtension.cs: 1136 - Found 23 in eth_to_usb_adpt-1
2026-06-23 09:52:43,334 INFO  ExportHelperExtension.cs: 1145 - Found 0 features of type [RefAxis] in eth_to_usb_adpt-1
2026-06-23 09:52:43,334 INFO  ExportHelperExtension.cs: 1125 - Retrieving features of type [RefAxis] from 92510A444_Aluminum Unthreaded Spacer-2
2026-06-23 09:52:43,334 INFO  ExportHelperExtension.cs: 1136 - Found 29 in 92510A444_Aluminum Unthreaded Spacer-2
2026-06-23 09:52:43,335 INFO  ExportHelperExtension.cs: 1145 - Found 0 features of type [RefAxis] in 92510A444_Aluminum Unthreaded Spacer-2
2026-06-23 09:52:43,335 INFO  ExportHelperExtension.cs: 1125 - Retrieving features of type [RefAxis] from Pi_Camera_module_3-2
2026-06-23 09:52:43,335 INFO  ExportHelperExtension.cs: 1136 - Found 563 in Pi_Camera_module_3-2
2026-06-23 09:52:43,336 INFO  ExportHelperExtension.cs: 1145 - Found 0 features of type [RefAxis] in Pi_Camera_module_3-2
2026-06-23 09:52:43,379 INFO  ExportPropertyManager.cs: 1142 - AfterClose called. This method no longer throws an Exception. It just silently does nothing. Ok, except for this logging message
2026-06-23 09:52:53,368 INFO  SwAddin.cs: 294 - Assembly export called for file Lidar_PKG
2026-06-23 09:52:53,368 INFO  SwAddin.cs: 299 - Save is required
2026-06-23 09:52:53,368 INFO  SwAddin.cs: 313 - Saving assembly
2026-06-23 09:52:55,288 INFO  SwAddin.cs: 316 - Opening property manager
2026-06-23 09:52:55,288 INFO  ExportHelperExtension.cs: 1125 - Retrieving features of type [CoordSys] from Lidar_PKG
2026-06-23 09:52:55,289 INFO  ExportHelperExtension.cs: 1136 - Found 74 in Lidar_PKG
2026-06-23 09:52:55,289 INFO  ExportHelperExtension.cs: 1145 - Found 1 features of type [CoordSys] in Lidar_PKG
2026-06-23 09:52:55,289 INFO  ExportHelperExtension.cs: 1148 - Proceeding through assembly components
2026-06-23 09:52:55,289 INFO  ExportHelperExtension.cs: 1160 - 14 components to check
2026-06-23 09:52:55,290 INFO  ExportHelperExtension.cs: 1125 - Retrieving features of type [CoordSys] from Pi_Camera_module_3-1
2026-06-23 09:52:55,290 INFO  ExportHelperExtension.cs: 1136 - Found 563 in Pi_Camera_module_3-1
2026-06-23 09:52:55,291 INFO  ExportHelperExtension.cs: 1145 - Found 0 features of type [CoordSys] in Pi_Camera_module_3-1
2026-06-23 09:52:55,291 INFO  ExportHelperExtension.cs: 1125 - Retrieving features of type [CoordSys] from RASPBERRY_PI_5_1-1
2026-06-23 09:52:55,292 INFO  ExportHelperExtension.cs: 1136 - Found 23 in RASPBERRY_PI_5_1-1
2026-06-23 09:52:55,292 INFO  ExportHelperExtension.cs: 1145 - Found 0 features of type [CoordSys] in RASPBERRY_PI_5_1-1
2026-06-23 09:52:55,292 INFO  ExportHelperExtension.cs: 1125 - Retrieving features of type [CoordSys] from Lidar_pkg_box-1
2026-06-23 09:52:55,292 INFO  ExportHelperExtension.cs: 1136 - Found 31 in Lidar_pkg_box-1
2026-06-23 09:52:55,293 INFO  ExportHelperExtension.cs: 1145 - Found 0 features of type [CoordSys] in Lidar_pkg_box-1
2026-06-23 09:52:55,293 INFO  ExportHelperExtension.cs: 1125 - Retrieving features of type [CoordSys] from Ouster OS-1-2
2026-06-23 09:52:55,293 INFO  ExportHelperExtension.cs: 1136 - Found 83 in Ouster OS-1-2
2026-06-23 09:52:55,294 INFO  ExportHelperExtension.cs: 1145 - Found 0 features of type [CoordSys] in Ouster OS-1-2
2026-06-23 09:52:55,294 INFO  ExportHelperExtension.cs: 1125 - Retrieving features of type [CoordSys] from Lidar_cap-1
2026-06-23 09:52:55,294 INFO  ExportHelperExtension.cs: 1136 - Found 26 in Lidar_cap-1
2026-06-23 09:52:55,294 INFO  ExportHelperExtension.cs: 1145 - Found 0 features of type [CoordSys] in Lidar_cap-1
2026-06-23 09:52:55,296 INFO  ExportHelperExtension.cs: 1125 - Retrieving features of type [CoordSys] from 92510A444_Aluminum Unthreaded Spacer-3
2026-06-23 09:52:55,339 INFO  ExportHelperExtension.cs: 1136 - Found 29 in 92510A444_Aluminum Unthreaded Spacer-3
2026-06-23 09:52:55,340 INFO  ExportHelperExtension.cs: 1145 - Found 0 features of type [CoordSys] in 92510A444_Aluminum Unthreaded Spacer-3
2026-06-23 09:52:55,340 INFO  ExportHelperExtension.cs: 1125 - Retrieving features of type [CoordSys] from 92510A444_Aluminum Unthreaded Spacer-4
2026-06-23 09:52:55,340 INFO  ExportHelperExtension.cs: 1136 - Found 29 in 92510A444_Aluminum Unthreaded Spacer-4
2026-06-23 09:52:55,340 INFO  ExportHelperExtension.cs: 1145 - Found 0 features of type [CoordSys] in 92510A444_Aluminum Unthreaded Spacer-4
2026-06-23 09:52:55,341 INFO  ExportHelperExtension.cs: 1125 - Retrieving features of type [CoordSys] from d24v150fx-step-down-voltage-regulator-1
2026-06-23 09:52:55,341 INFO  ExportHelperExtension.cs: 1136 - Found 34 in d24v150fx-step-down-voltage-regulator-1
2026-06-23 09:52:55,341 INFO  ExportHelperExtension.cs: 1145 - Found 0 features of type [CoordSys] in d24v150fx-step-down-voltage-regulator-1
2026-06-23 09:52:55,341 INFO  ExportHelperExtension.cs: 1125 - Retrieving features of type [CoordSys] from 92510A444_Aluminum Unthreaded Spacer-1
2026-06-23 09:52:55,341 INFO  ExportHelperExtension.cs: 1136 - Found 29 in 92510A444_Aluminum Unthreaded Spacer-1
2026-06-23 09:52:55,342 INFO  ExportHelperExtension.cs: 1145 - Found 0 features of type [CoordSys] in 92510A444_Aluminum Unthreaded Spacer-1
2026-06-23 09:52:55,342 INFO  ExportHelperExtension.cs: 1125 - Retrieving features of type [CoordSys] from Lidar_control_box-1
2026-06-23 09:52:55,342 INFO  ExportHelperExtension.cs: 1136 - Found 31 in Lidar_control_box-1
2026-06-23 09:52:55,342 INFO  ExportHelperExtension.cs: 1145 - Found 0 features of type [CoordSys] in Lidar_control_box-1
2026-06-23 09:52:55,342 INFO  ExportHelperExtension.cs: 1125 - Retrieving features of type [CoordSys] from eth_to_usb_adpt-1
2026-06-23 09:52:55,343 INFO  ExportHelperExtension.cs: 1136 - Found 23 in eth_to_usb_adpt-1
2026-06-23 09:52:55,343 INFO  ExportHelperExtension.cs: 1145 - Found 0 features of type [CoordSys] in eth_to_usb_adpt-1
2026-06-23 09:52:55,343 INFO  ExportHelperExtension.cs: 1125 - Retrieving features of type [CoordSys] from 92510A444_Aluminum Unthreaded Spacer-2
2026-06-23 09:52:55,343 INFO  ExportHelperExtension.cs: 1136 - Found 29 in 92510A444_Aluminum Unthreaded Spacer-2
2026-06-23 09:52:55,343 INFO  ExportHelperExtension.cs: 1145 - Found 0 features of type [CoordSys] in 92510A444_Aluminum Unthreaded Spacer-2
2026-06-23 09:52:55,344 INFO  ExportHelperExtension.cs: 1125 - Retrieving features of type [CoordSys] from Pi_Camera_module_3-2
2026-06-23 09:52:55,344 INFO  ExportHelperExtension.cs: 1136 - Found 563 in Pi_Camera_module_3-2
2026-06-23 09:52:55,346 INFO  ExportHelperExtension.cs: 1145 - Found 0 features of type [CoordSys] in Pi_Camera_module_3-2
2026-06-23 09:52:55,346 INFO  ExportHelperExtension.cs: 1125 - Retrieving features of type [RefAxis] from Lidar_PKG
2026-06-23 09:52:55,346 INFO  ExportHelperExtension.cs: 1136 - Found 74 in Lidar_PKG
2026-06-23 09:52:55,346 INFO  ExportHelperExtension.cs: 1145 - Found 0 features of type [RefAxis] in Lidar_PKG
2026-06-23 09:52:55,347 INFO  ExportHelperExtension.cs: 1148 - Proceeding through assembly components
2026-06-23 09:52:55,347 INFO  ExportHelperExtension.cs: 1160 - 14 components to check
2026-06-23 09:52:55,347 INFO  ExportHelperExtension.cs: 1125 - Retrieving features of type [RefAxis] from Pi_Camera_module_3-1
2026-06-23 09:52:55,347 INFO  ExportHelperExtension.cs: 1136 - Found 563 in Pi_Camera_module_3-1
2026-06-23 09:52:55,348 INFO  ExportHelperExtension.cs: 1145 - Found 0 features of type [RefAxis] in Pi_Camera_module_3-1
2026-06-23 09:52:55,348 INFO  ExportHelperExtension.cs: 1125 - Retrieving features of type [RefAxis] from RASPBERRY_PI_5_1-1
2026-06-23 09:52:55,349 INFO  ExportHelperExtension.cs: 1136 - Found 23 in RASPBERRY_PI_5_1-1
2026-06-23 09:52:55,349 INFO  ExportHelperExtension.cs: 1145 - Found 0 features of type [RefAxis] in RASPBERRY_PI_5_1-1
2026-06-23 09:52:55,349 INFO  ExportHelperExtension.cs: 1125 - Retrieving features of type [RefAxis] from Lidar_pkg_box-1
2026-06-23 09:52:55,349 INFO  ExportHelperExtension.cs: 1136 - Found 31 in Lidar_pkg_box-1
2026-06-23 09:52:55,349 INFO  ExportHelperExtension.cs: 1145 - Found 0 features of type [RefAxis] in Lidar_pkg_box-1
2026-06-23 09:52:55,350 INFO  ExportHelperExtension.cs: 1125 - Retrieving features of type [RefAxis] from Ouster OS-1-2
2026-06-23 09:52:55,350 INFO  ExportHelperExtension.cs: 1136 - Found 83 in Ouster OS-1-2
2026-06-23 09:52:55,350 INFO  ExportHelperExtension.cs: 1145 - Found 0 features of type [RefAxis] in Ouster OS-1-2
2026-06-23 09:52:55,350 INFO  ExportHelperExtension.cs: 1125 - Retrieving features of type [RefAxis] from Lidar_cap-1
2026-06-23 09:52:55,351 INFO  ExportHelperExtension.cs: 1136 - Found 26 in Lidar_cap-1
2026-06-23 09:52:55,351 INFO  ExportHelperExtension.cs: 1145 - Found 0 features of type [RefAxis] in Lidar_cap-1
2026-06-23 09:52:55,351 INFO  ExportHelperExtension.cs: 1125 - Retrieving features of type [RefAxis] from 92510A444_Aluminum Unthreaded Spacer-3
2026-06-23 09:52:55,351 INFO  ExportHelperExtension.cs: 1136 - Found 29 in 92510A444_Aluminum Unthreaded Spacer-3
2026-06-23 09:52:55,351 INFO  ExportHelperExtension.cs: 1145 - Found 0 features of type [RefAxis] in 92510A444_Aluminum Unthreaded Spacer-3
2026-06-23 09:52:55,352 INFO  ExportHelperExtension.cs: 1125 - Retrieving features of type [RefAxis] from 92510A444_Aluminum Unthreaded Spacer-4
2026-06-23 09:52:55,352 INFO  ExportHelperExtension.cs: 1136 - Found 29 in 92510A444_Aluminum Unthreaded Spacer-4
2026-06-23 09:52:55,352 INFO  ExportHelperExtension.cs: 1145 - Found 0 features of type [RefAxis] in 92510A444_Aluminum Unthreaded Spacer-4
2026-06-23 09:52:55,352 INFO  ExportHelperExtension.cs: 1125 - Retrieving features of type [RefAxis] from d24v150fx-step-down-voltage-regulator-1
2026-06-23 09:52:55,352 INFO  ExportHelperExtension.cs: 1136 - Found 34 in d24v150fx-step-down-voltage-regulator-1
2026-06-23 09:52:55,353 INFO  ExportHelperExtension.cs: 1145 - Found 0 features of type [RefAxis] in d24v150fx-step-down-voltage-regulator-1
2026-06-23 09:52:55,353 INFO  ExportHelperExtension.cs: 1125 - Retrieving features of type [RefAxis] from 92510A444_Aluminum Unthreaded Spacer-1
2026-06-23 09:52:55,353 INFO  ExportHelperExtension.cs: 1136 - Found 29 in 92510A444_Aluminum Unthreaded Spacer-1
2026-06-23 09:52:55,353 INFO  ExportHelperExtension.cs: 1145 - Found 0 features of type [RefAxis] in 92510A444_Aluminum Unthreaded Spacer-1
2026-06-23 09:52:55,353 INFO  ExportHelperExtension.cs: 1125 - Retrieving features of type [RefAxis] from Lidar_control_box-1
2026-06-23 09:52:55,353 INFO  ExportHelperExtension.cs: 1136 - Found 31 in Lidar_control_box-1
2026-06-23 09:52:55,354 INFO  ExportHelperExtension.cs: 1145 - Found 0 features of type [RefAxis] in Lidar_control_box-1
2026-06-23 09:52:55,354 INFO  ExportHelperExtension.cs: 1125 - Retrieving features of type [RefAxis] from eth_to_usb_adpt-1
2026-06-23 09:52:55,354 INFO  ExportHelperExtension.cs: 1136 - Found 23 in eth_to_usb_adpt-1
2026-06-23 09:52:55,354 INFO  ExportHelperExtension.cs: 1145 - Found 0 features of type [RefAxis] in eth_to_usb_adpt-1
2026-06-23 09:52:55,354 INFO  ExportHelperExtension.cs: 1125 - Retrieving features of type [RefAxis] from 92510A444_Aluminum Unthreaded Spacer-2
2026-06-23 09:52:55,355 INFO  ExportHelperExtension.cs: 1136 - Found 29 in 92510A444_Aluminum Unthreaded Spacer-2
2026-06-23 09:52:55,355 INFO  ExportHelperExtension.cs: 1145 - Found 0 features of type [RefAxis] in 92510A444_Aluminum Unthreaded Spacer-2
2026-06-23 09:52:55,355 INFO  ExportHelperExtension.cs: 1125 - Retrieving features of type [RefAxis] from Pi_Camera_module_3-2
2026-06-23 09:52:55,355 INFO  ExportHelperExtension.cs: 1136 - Found 563 in Pi_Camera_module_3-2
2026-06-23 09:52:55,356 INFO  ExportHelperExtension.cs: 1145 - Found 0 features of type [RefAxis] in Pi_Camera_module_3-2
2026-06-23 09:52:56,145 INFO  SwAddin.cs: 339 - Loading config tree
2026-06-23 09:52:56,148 INFO  ConfigurationSerialization.cs: 276 - URDF Configuration found
<Link z:Id="i1" xmlns="http://schemas.datacontract.org/2004/07/SW2URDF" xmlns:i="http://www.w3.org/2001/XMLSchema-instance" xmlns:z="http://schemas.microsoft.com/2003/10/Serialization/"><Attributes><Attribute z:Id="i2"><AttributeType>name</AttributeType><IsRequired>true</IsRequired><Value i:type="a:string" xmlns:a="http://www.w3.org/2001/XMLSchema">base_link</Value></Attribute></Attributes><ChildElements><URDFElement z:Id="i3" i:type="Inertial"><Attributes/><ChildElements><URDFElement z:Id="i4" i:type="Origin"><Attributes><Attribute z:Id="i5"><AttributeType>xyz</AttributeType><IsRequired>true</IsRequired><Value i:type="a:ArrayOfdouble" xmlns:a="http://schemas.microsoft.com/2003/10/Serialization/Arrays"><a:double>0</a:double><a:double>0</a:double><a:double>0</a:double></Value></Attribute><Attribute z:Id="i6"><AttributeType>rpy</AttributeType><IsRequired>true</IsRequired><Value i:type="a:ArrayOfdouble" xmlns:a="http://schemas.microsoft.com/2003/10/Serialization/Arrays"><a:double>0</a:double><a:double>0</a:double><a:double>0</a:double></Value></Attribute></Attributes><ChildElements/><ElementName>origin</ElementName><required>false</required><RPYAttribute z:Ref="i6"/><XYZAttribute z:Ref="i5"/><isCustomized>false</isCustomized></URDFElement><URDFElement z:Id="i7" i:type="Mass"><Attributes><Attribute z:Id="i8"><AttributeType>value</AttributeType><IsRequired>true</IsRequired><Value i:type="a:double" xmlns:a="http://www.w3.org/2001/XMLSchema">0</Value></Attribute></Attributes><ChildElements/><ElementName>mass</ElementName><required>false</required><ValueAttribute z:Ref="i8"/></URDFElement><URDFElement z:Id="i9" i:type="Inertia"><Attributes><Attribute z:Id="i10"><AttributeType>ixx</AttributeType><IsRequired>true</IsRequired><Value i:type="a:double" xmlns:a="http://www.w3.org/2001/XMLSchema">0</Value></Attribute><Attribute z:Id="i11"><AttributeType>ixy</AttributeType><IsRequired>true</IsRequired><Value i:type="a:double" xmlns:a="http://www.w3.org/2001/XMLSchema">0</Value></Attribute><Attribute z:Id="i12"><AttributeType>ixz</AttributeType><IsRequired>true</IsRequired><Value i:type="a:double" xmlns:a="http://www.w3.org/2001/XMLSchema">0</Value></Attribute><Attribute z:Id="i13"><AttributeType>iyy</AttributeType><IsRequired>true</IsRequired><Value i:type="a:double" xmlns:a="http://www.w3.org/2001/XMLSchema">0</Value></Attribute><Attribute z:Id="i14"><AttributeType>iyz</AttributeType><IsRequired>true</IsRequired><Value i:type="a:double" xmlns:a="http://www.w3.org/2001/XMLSchema">0</Value></Attribute><Attribute z:Id="i15"><AttributeType>izz</AttributeType><IsRequired>true</IsRequired><Value i:type="a:double" xmlns:a="http://www.w3.org/2001/XMLSchema">0</Value></Attribute></Attributes><ChildElements/><ElementName>inertia</ElementName><required>false</required><IxxAttribute z:Ref="i10"/><IxyAttribute z:Ref="i11"/><IxzAttribute z:Ref="i12"/><IyyAttribute z:Ref="i13"/><IyzAttribute z:Ref="i14"/><IzzAttribute z:Ref="i15"/></URDFElement></ChildElements><ElementName>inertial</ElementName><required>false</required><Inertia z:Ref="i9"/><Mass z:Ref="i7"/><Origin z:Ref="i4"/></URDFElement><URDFElement z:Id="i16" i:type="Visual"><Attributes/><ChildElements><URDFElement z:Id="i17" i:type="Origin"><Attributes><Attribute z:Id="i18"><AttributeType>xyz</AttributeType><IsRequired>true</IsRequired><Value i:type="a:ArrayOfdouble" xmlns:a="http://schemas.microsoft.com/2003/10/Serialization/Arrays"><a:double>0</a:double><a:double>0</a:double><a:double>0</a:double></Value></Attribute><Attribute z:Id="i19"><AttributeType>rpy</AttributeType><IsRequired>true</IsRequired><Value i:type="a:ArrayOfdouble" xmlns:a="http://schemas.microsoft.com/2003/10/Serialization/Arrays"><a:double>0</a:double><a:double>0</a:double><a:double>0</a:double></Value></Attribute></Attributes><ChildElements/><ElementName>origin</ElementName><required>false</required><RPYAttribute z:Ref="i19"/><XYZAttribute z:Ref="i18"/><isCustomized>false</isCustomized></URDFElement><URDFElement z:Id="i20" i:type="Geometry"><Attributes/><ChildElements><URDFElement z:Id="i21" i:type="Mesh"><Attributes><Attribute z:Id="i22"><AttributeType>filename</AttributeType><IsRequired>true</IsRequired><Value i:nil="true"/></Attribute></Attributes><ChildElements/><ElementName>mesh</ElementName><required>false</required><FilenameAttribute z:Ref="i22"/></URDFElement></ChildElements><ElementName>geometry</ElementName><required>true</required><Mesh z:Ref="i21"/></URDFElement><URDFElement z:Id="i23" i:type="Material"><Attributes><Attribute z:Id="i24"><AttributeType>name</AttributeType><IsRequired>true</IsRequired><Value i:type="a:string" xmlns:a="http://www.w3.org/2001/XMLSchema"/></Attribute></Attributes><ChildElements><URDFElement z:Id="i25" i:type="Color"><Attributes><Attribute z:Id="i26"><AttributeType>rgba</AttributeType><IsRequired>true</IsRequired><Value i:type="a:ArrayOfdouble" xmlns:a="http://schemas.microsoft.com/2003/10/Serialization/Arrays"><a:double>1</a:double><a:double>1</a:double><a:double>1</a:double><a:double>1</a:double></Value></Attribute></Attributes><ChildElements/><ElementName>color</ElementName><required>false</required><RGBAAttribute z:Ref="i26"/></URDFElement><URDFElement z:Id="i27" i:type="Texture"><Attributes><Attribute z:Id="i28"><AttributeType>filename</AttributeType><IsRequired>true</IsRequired><Value i:nil="true"/></Attribute></Attributes><ChildElements/><ElementName>texture</ElementName><required>false</required><FilenameAttribute z:Ref="i28"/><wFilename/></URDFElement></ChildElements><ElementName>material</ElementName><required>false</required><Color z:Ref="i25"/><NameAttribute z:Ref="i24"/><Texture z:Ref="i27"/></URDFElement></ChildElements><ElementName>visual</ElementName><required>false</required><Geometry z:Ref="i20"/><Material z:Ref="i23"/><Origin z:Ref="i17"/></URDFElement><URDFElement z:Id="i29" i:type="Collision"><Attributes/><ChildElements><URDFElement z:Id="i30" i:type="Origin"><Attributes><Attribute z:Id="i31"><AttributeType>xyz</AttributeType><IsRequired>true</IsRequired><Value i:type="a:ArrayOfdouble" xmlns:a="http://schemas.microsoft.com/2003/10/Serialization/Arrays"><a:double>0</a:double><a:double>0</a:double><a:double>0</a:double></Value></Attribute><Attribute z:Id="i32"><AttributeType>rpy</AttributeType><IsRequired>true</IsRequired><Value i:type="a:ArrayOfdouble" xmlns:a="http://schemas.microsoft.com/2003/10/Serialization/Arrays"><a:double>0</a:double><a:double>0</a:double><a:double>0</a:double></Value></Attribute></Attributes><ChildElements/><ElementName>origin</ElementName><required>false</required><RPYAttribute z:Ref="i32"/><XYZAttribute z:Ref="i31"/><isCustomized>false</isCustomized></URDFElement><URDFElement z:Id="i33" i:type="Geometry"><Attributes/><ChildElements><URDFElement z:Id="i34" i:type="Mesh"><Attributes><Attribute z:Id="i35"><AttributeType>filename</AttributeType><IsRequired>true</IsRequired><Value i:nil="true"/></Attribute></Attributes><ChildElements/><ElementName>mesh</ElementName><required>false</required><FilenameAttribute z:Ref="i35"/></URDFElement></ChildElements><ElementName>geometry</ElementName><required>true</required><Mesh z:Ref="i34"/></URDFElement></ChildElements><ElementName>collision</ElementName><required>false</required><Geometry z:Ref="i33"/><Origin z:Ref="i30"/></URDFElement><URDFElement z:Id="i36" i:type="Joint"><Attributes><Attribute z:Id="i37"><AttributeType>name</AttributeType><IsRequired>true</IsRequired><Value i:type="a:string" xmlns:a="http://www.w3.org/2001/XMLSchema"/></Attribute><Attribute z:Id="i38"><AttributeType>type</AttributeType><IsRequired>true</IsRequired><Value i:type="a:string" xmlns:a="http://www.w3.org/2001/XMLSchema"/></Attribute></Attributes><ChildElements><URDFElement z:Id="i39" i:type="Origin"><Attributes><Attribute z:Id="i40"><AttributeType>xyz</AttributeType><IsRequired>true</IsRequired><Value i:type="a:ArrayOfdouble" xmlns:a="http://schemas.microsoft.com/2003/10/Serialization/Arrays"><a:double>0</a:double><a:double>0</a:double><a:double>0</a:double></Value></Attribute><Attribute z:Id="i41"><AttributeType>rpy</AttributeType><IsRequired>true</IsRequired><Value i:type="a:ArrayOfdouble" xmlns:a="http://schemas.microsoft.com/2003/10/Serialization/Arrays"><a:double>0</a:double><a:double>0</a:double><a:double>0</a:double></Value></Attribute></Attributes><ChildElements/><ElementName>origin</ElementName><required>false</required><RPYAttribute z:Ref="i41"/><XYZAttribute z:Ref="i40"/><isCustomized>false</isCustomized></URDFElement><URDFElement z:Id="i42" i:type="ParentLink"><Attributes><Attribute z:Id="i43"><AttributeType>link</AttributeType><IsRequired>true</IsRequired><Value i:type="a:string" xmlns:a="http://www.w3.org/2001/XMLSchema"/></Attribute></Attributes><ChildElements/><ElementName>parent</ElementName><required>true</required><NameAttribute z:Ref="i43"/></URDFElement><URDFElement z:Id="i44" i:type="ChildLink"><Attributes><Attribute z:Id="i45"><AttributeType>link</AttributeType><IsRequired>true</IsRequired><Value i:type="a:string" xmlns:a="http://www.w3.org/2001/XMLSchema"/></Attribute></Attributes><ChildElements/><ElementName>child</ElementName><required>true</required><NameAttribute z:Ref="i45"/></URDFElement><URDFElement z:Id="i46" i:type="Axis"><Attributes><Attribute z:Id="i47"><AttributeType>xyz</AttributeType><IsRequired>true</IsRequired><Value i:type="a:ArrayOfdouble" xmlns:a="http://schemas.microsoft.com/2003/10/Serialization/Arrays"><a:double>0</a:double><a:double>0</a:double><a:double>0</a:double></Value></Attribute></Attributes><ChildElements/><ElementName>axis</ElementName><required>false</required><XYZAttribute z:Ref="i47"/></URDFElement><URDFElement z:Id="i48" i:type="Limit"><Attributes><Attribute z:Id="i49"><AttributeType>lower</AttributeType><IsRequired>false</IsRequired><Value i:nil="true"/></Attribute><Attribute z:Id="i50"><AttributeType>upper</AttributeType><IsRequired>false</IsRequired><Value i:nil="true"/></Attribute><Attribute z:Id="i51"><AttributeType>effort</AttributeType><IsRequired>true</IsRequired><Value i:nil="true"/></Attribute><Attribute z:Id="i52"><AttributeType>velocity</AttributeType><IsRequired>true</IsRequired><Value i:nil="true"/></Attribute></Attributes><ChildElements/><ElementName>limit</ElementName><required>false</required><EffortAttribute z:Ref="i51"/><LowerAttribute z:Ref="i49"/><UpperAttribute z:Ref="i50"/><VelocityAttribute z:Ref="i52"/></URDFElement><URDFElement z:Id="i53" i:type="Calibration"><Attributes><Attribute z:Id="i54"><AttributeType>rising</AttributeType><IsRequired>false</IsRequired><Value i:nil="true"/></Attribute><Attribute z:Id="i55"><AttributeType>falling</AttributeType><IsRequired>false</IsRequired><Value i:nil="true"/></Attribute></Attributes><ChildElements/><ElementName>calibration</ElementName><required>false</required><FallingAttribute z:Ref="i55"/><RisingAttribute z:Ref="i54"/></URDFElement><URDFElement z:Id="i56" i:type="Dynamics"><Attributes><Attribute z:Id="i57"><AttributeType>damping</AttributeType><IsRequired>false</IsRequired><Value i:nil="true"/></Attribute><Attribute z:Id="i58"><AttributeType>friction</AttributeType><IsRequired>false</IsRequired><Value i:nil="true"/></Attribute></Attributes><ChildElements/><ElementName>dynamics</ElementName><required>false</required><DampingAttribute z:Ref="i57"/><FrictionAttribute z:Ref="i58"/></URDFElement><URDFElement z:Id="i59" i:type="SafetyController"><Attributes><Attribute z:Id="i60"><AttributeType>soft_upper_limit</AttributeType><IsRequired>false</IsRequired><Value i:nil="true"/></Attribute><Attribute z:Id="i61"><AttributeType>soft_lower_limit</AttributeType><IsRequired>false</IsRequired><Value i:nil="true"/></Attribute><Attribute z:Id="i62"><AttributeType>k_position</AttributeType><IsRequired>false</IsRequired><Value i:nil="true"/></Attribute><Attribute z:Id="i63"><AttributeType>k_velocity</AttributeType><IsRequired>true</IsRequired><Value i:nil="true"/></Attribute></Attributes><ChildElements/><ElementName>safety_controller</ElementName><required>false</required><KPositionAttribute z:Ref="i62"/><KVelocityAttribute z:Ref="i63"/><SoftLowerAttribute z:Ref="i61"/><SoftUpperAttribute z:Ref="i60"/></URDFElement><URDFElement z:Id="i64" i:type="Mimic"><Attributes><Attribute z:Id="i65"><AttributeType>joint</AttributeType><IsRequired>true</IsRequired><Value i:nil="true"/></Attribute><Attribute z:Id="i66"><AttributeType>multiplier</AttributeType><IsRequired>false</IsRequired><Value i:nil="true"/></Attribute><Attribute z:Id="i67"><AttributeType>offset</AttributeType><IsRequired>false</IsRequired><Value i:nil="true"/></Attribute></Attributes><ChildElements/><ElementName>mimic</ElementName><required>false</required><JointNameAttribute z:Ref="i65"/><MultiplierAttribute z:Ref="i66"/><OffsetAttribute z:Ref="i67"/></URDFElement></ChildElements><ElementName>joint</ElementName><required>false</required><Axis z:Ref="i46"/><AxisName/><Calibration z:Ref="i53"/><Child z:Ref="i44"/><CoordinateSystemName>Automatically Generate</CoordinateSystemName><Dynamics z:Ref="i56"/><Limit z:Ref="i48"/><Mimic z:Ref="i64"/><NameAttribute z:Ref="i37"/><Origin z:Ref="i39"/><Parent z:Ref="i42"/><Safety z:Ref="i59"/><TypeAttribute z:Ref="i38"/></URDFElement></ChildElements><ElementName>link</ElementName><required>true</required><Children/><Collision z:Ref="i29"/><Inertial z:Ref="i3"/><Joint z:Ref="i36"/><NameAttribute z:Ref="i2"/><Parent i:nil="true"/><STLQualityFine>false</STLQualityFine><SWComponentPIDs xmlns:a="http://schemas.microsoft.com/2003/10/Serialization/Arrays"><a:base64Binary>OEoAAAUAAAD//v8ZTABpAGQAYQByAF8AcABrAGcAXwBiAG8AeAAtADEAQABMAGkAZABhAHIAXwBQAEsARwAEAAAAEAAAAAEAAAABAAAAGgAAAA==</a:base64Binary></SWComponentPIDs><SWMainComponentPID i:nil="true"/><Visual z:Ref="i16"/><isFixedFrame>false</isFixedFrame><isIncomplete>false</isIncomplete></Link>
2026-06-23 09:52:56,176 INFO  LinkNode.cs: 35 - Building node base_link
2026-06-23 09:52:56,177 INFO  CommonSwOperations.cs: 221 - Loading SolidWorks components for base_link from C:\Users\juanh\OneDrive\Documents\CAD Projects\Lidar pkg\Lidar_PKG.SLDASM
2026-06-23 09:52:56,177 INFO  CommonSwOperations.cs: 245 - Loading component with PID 8J     ???L i d a r _ p k g _ b o x - 1 @ L i d a r _ P K G                
2026-06-23 09:52:56,178 INFO  CommonSwOperations.cs: 254 - Successfully loaded component C:\Users\juanh\OneDrive\Documents\CAD Projects\Lidar pkg\Lidar_pkg_box.SLDPRT
2026-06-23 09:52:56,178 INFO  CommonSwOperations.cs: 230 - Loaded 1 components for link base_link
2026-06-23 09:52:56,189 INFO  SwAddin.cs: 344 - Showing property manager
2026-06-23 09:53:01,439 INFO  ExportPropertyManager.cs: 1136 - OnNumberBoxTrackingCompleted called. This method no longer throws an Exception. It just silently does nothing. Ok, except for this logging message
2026-06-23 09:53:02,274 INFO  ExportPropertyManager.cs: 1136 - OnNumberBoxTrackingCompleted called. This method no longer throws an Exception. It just silently does nothing. Ok, except for this logging message
2026-06-23 09:53:03,915 INFO  ExportPropertyManager.cs: 1136 - OnNumberBoxTrackingCompleted called. This method no longer throws an Exception. It just silently does nothing. Ok, except for this logging message
2026-06-23 09:53:13,026 INFO  ExportPropertyManager.cs: 422 - Configuration saved
2026-06-23 09:53:13,028 INFO  ConfigurationSerialization.cs: 276 - URDF Configuration found
<Link z:Id="i1" xmlns="http://schemas.datacontract.org/2004/07/SW2URDF" xmlns:i="http://www.w3.org/2001/XMLSchema-instance" xmlns:z="http://schemas.microsoft.com/2003/10/Serialization/"><Attributes><Attribute z:Id="i2"><AttributeType>name</AttributeType><IsRequired>true</IsRequired><Value i:type="a:string" xmlns:a="http://www.w3.org/2001/XMLSchema">base_link</Value></Attribute></Attributes><ChildElements><URDFElement z:Id="i3" i:type="Inertial"><Attributes/><ChildElements><URDFElement z:Id="i4" i:type="Origin"><Attributes><Attribute z:Id="i5"><AttributeType>xyz</AttributeType><IsRequired>true</IsRequired><Value i:type="a:ArrayOfdouble" xmlns:a="http://schemas.microsoft.com/2003/10/Serialization/Arrays"><a:double>0</a:double><a:double>0</a:double><a:double>0</a:double></Value></Attribute><Attribute z:Id="i6"><AttributeType>rpy</AttributeType><IsRequired>true</IsRequired><Value i:type="a:ArrayOfdouble" xmlns:a="http://schemas.microsoft.com/2003/10/Serialization/Arrays"><a:double>0</a:double><a:double>0</a:double><a:double>0</a:double></Value></Attribute></Attributes><ChildElements/><ElementName>origin</ElementName><required>false</required><RPYAttribute z:Ref="i6"/><XYZAttribute z:Ref="i5"/><isCustomized>false</isCustomized></URDFElement><URDFElement z:Id="i7" i:type="Mass"><Attributes><Attribute z:Id="i8"><AttributeType>value</AttributeType><IsRequired>true</IsRequired><Value i:type="a:double" xmlns:a="http://www.w3.org/2001/XMLSchema">0</Value></Attribute></Attributes><ChildElements/><ElementName>mass</ElementName><required>false</required><ValueAttribute z:Ref="i8"/></URDFElement><URDFElement z:Id="i9" i:type="Inertia"><Attributes><Attribute z:Id="i10"><AttributeType>ixx</AttributeType><IsRequired>true</IsRequired><Value i:type="a:double" xmlns:a="http://www.w3.org/2001/XMLSchema">0</Value></Attribute><Attribute z:Id="i11"><AttributeType>ixy</AttributeType><IsRequired>true</IsRequired><Value i:type="a:double" xmlns:a="http://www.w3.org/2001/XMLSchema">0</Value></Attribute><Attribute z:Id="i12"><AttributeType>ixz</AttributeType><IsRequired>true</IsRequired><Value i:type="a:double" xmlns:a="http://www.w3.org/2001/XMLSchema">0</Value></Attribute><Attribute z:Id="i13"><AttributeType>iyy</AttributeType><IsRequired>true</IsRequired><Value i:type="a:double" xmlns:a="http://www.w3.org/2001/XMLSchema">0</Value></Attribute><Attribute z:Id="i14"><AttributeType>iyz</AttributeType><IsRequired>true</IsRequired><Value i:type="a:double" xmlns:a="http://www.w3.org/2001/XMLSchema">0</Value></Attribute><Attribute z:Id="i15"><AttributeType>izz</AttributeType><IsRequired>true</IsRequired><Value i:type="a:double" xmlns:a="http://www.w3.org/2001/XMLSchema">0</Value></Attribute></Attributes><ChildElements/><ElementName>inertia</ElementName><required>false</required><IxxAttribute z:Ref="i10"/><IxyAttribute z:Ref="i11"/><IxzAttribute z:Ref="i12"/><IyyAttribute z:Ref="i13"/><IyzAttribute z:Ref="i14"/><IzzAttribute z:Ref="i15"/></URDFElement></ChildElements><ElementName>inertial</ElementName><required>false</required><Inertia z:Ref="i9"/><Mass z:Ref="i7"/><Origin z:Ref="i4"/></URDFElement><URDFElement z:Id="i16" i:type="Visual"><Attributes/><ChildElements><URDFElement z:Id="i17" i:type="Origin"><Attributes><Attribute z:Id="i18"><AttributeType>xyz</AttributeType><IsRequired>true</IsRequired><Value i:type="a:ArrayOfdouble" xmlns:a="http://schemas.microsoft.com/2003/10/Serialization/Arrays"><a:double>0</a:double><a:double>0</a:double><a:double>0</a:double></Value></Attribute><Attribute z:Id="i19"><AttributeType>rpy</AttributeType><IsRequired>true</IsRequired><Value i:type="a:ArrayOfdouble" xmlns:a="http://schemas.microsoft.com/2003/10/Serialization/Arrays"><a:double>0</a:double><a:double>0</a:double><a:double>0</a:double></Value></Attribute></Attributes><ChildElements/><ElementName>origin</ElementName><required>false</required><RPYAttribute z:Ref="i19"/><XYZAttribute z:Ref="i18"/><isCustomized>false</isCustomized></URDFElement><URDFElement z:Id="i20" i:type="Geometry"><Attributes/><ChildElements><URDFElement z:Id="i21" i:type="Mesh"><Attributes><Attribute z:Id="i22"><AttributeType>filename</AttributeType><IsRequired>true</IsRequired><Value i:nil="true"/></Attribute></Attributes><ChildElements/><ElementName>mesh</ElementName><required>false</required><FilenameAttribute z:Ref="i22"/></URDFElement></ChildElements><ElementName>geometry</ElementName><required>true</required><Mesh z:Ref="i21"/></URDFElement><URDFElement z:Id="i23" i:type="Material"><Attributes><Attribute z:Id="i24"><AttributeType>name</AttributeType><IsRequired>true</IsRequired><Value i:type="a:string" xmlns:a="http://www.w3.org/2001/XMLSchema"/></Attribute></Attributes><ChildElements><URDFElement z:Id="i25" i:type="Color"><Attributes><Attribute z:Id="i26"><AttributeType>rgba</AttributeType><IsRequired>true</IsRequired><Value i:type="a:ArrayOfdouble" xmlns:a="http://schemas.microsoft.com/2003/10/Serialization/Arrays"><a:double>1</a:double><a:double>1</a:double><a:double>1</a:double><a:double>1</a:double></Value></Attribute></Attributes><ChildElements/><ElementName>color</ElementName><required>false</required><RGBAAttribute z:Ref="i26"/></URDFElement><URDFElement z:Id="i27" i:type="Texture"><Attributes><Attribute z:Id="i28"><AttributeType>filename</AttributeType><IsRequired>true</IsRequired><Value i:nil="true"/></Attribute></Attributes><ChildElements/><ElementName>texture</ElementName><required>false</required><FilenameAttribute z:Ref="i28"/><wFilename/></URDFElement></ChildElements><ElementName>material</ElementName><required>false</required><Color z:Ref="i25"/><NameAttribute z:Ref="i24"/><Texture z:Ref="i27"/></URDFElement></ChildElements><ElementName>visual</ElementName><required>false</required><Geometry z:Ref="i20"/><Material z:Ref="i23"/><Origin z:Ref="i17"/></URDFElement><URDFElement z:Id="i29" i:type="Collision"><Attributes/><ChildElements><URDFElement z:Id="i30" i:type="Origin"><Attributes><Attribute z:Id="i31"><AttributeType>xyz</AttributeType><IsRequired>true</IsRequired><Value i:type="a:ArrayOfdouble" xmlns:a="http://schemas.microsoft.com/2003/10/Serialization/Arrays"><a:double>0</a:double><a:double>0</a:double><a:double>0</a:double></Value></Attribute><Attribute z:Id="i32"><AttributeType>rpy</AttributeType><IsRequired>true</IsRequired><Value i:type="a:ArrayOfdouble" xmlns:a="http://schemas.microsoft.com/2003/10/Serialization/Arrays"><a:double>0</a:double><a:double>0</a:double><a:double>0</a:double></Value></Attribute></Attributes><ChildElements/><ElementName>origin</ElementName><required>false</required><RPYAttribute z:Ref="i32"/><XYZAttribute z:Ref="i31"/><isCustomized>false</isCustomized></URDFElement><URDFElement z:Id="i33" i:type="Geometry"><Attributes/><ChildElements><URDFElement z:Id="i34" i:type="Mesh"><Attributes><Attribute z:Id="i35"><AttributeType>filename</AttributeType><IsRequired>true</IsRequired><Value i:nil="true"/></Attribute></Attributes><ChildElements/><ElementName>mesh</ElementName><required>false</required><FilenameAttribute z:Ref="i35"/></URDFElement></ChildElements><ElementName>geometry</ElementName><required>true</required><Mesh z:Ref="i34"/></URDFElement></ChildElements><ElementName>collision</ElementName><required>false</required><Geometry z:Ref="i33"/><Origin z:Ref="i30"/></URDFElement><URDFElement z:Id="i36" i:type="Joint"><Attributes><Attribute z:Id="i37"><AttributeType>name</AttributeType><IsRequired>true</IsRequired><Value i:type="a:string" xmlns:a="http://www.w3.org/2001/XMLSchema"/></Attribute><Attribute z:Id="i38"><AttributeType>type</AttributeType><IsRequired>true</IsRequired><Value i:type="a:string" xmlns:a="http://www.w3.org/2001/XMLSchema"/></Attribute></Attributes><ChildElements><URDFElement z:Id="i39" i:type="Origin"><Attributes><Attribute z:Id="i40"><AttributeType>xyz</AttributeType><IsRequired>true</IsRequired><Value i:type="a:ArrayOfdouble" xmlns:a="http://schemas.microsoft.com/2003/10/Serialization/Arrays"><a:double>0</a:double><a:double>0</a:double><a:double>0</a:double></Value></Attribute><Attribute z:Id="i41"><AttributeType>rpy</AttributeType><IsRequired>true</IsRequired><Value i:type="a:ArrayOfdouble" xmlns:a="http://schemas.microsoft.com/2003/10/Serialization/Arrays"><a:double>0</a:double><a:double>0</a:double><a:double>0</a:double></Value></Attribute></Attributes><ChildElements/><ElementName>origin</ElementName><required>false</required><RPYAttribute z:Ref="i41"/><XYZAttribute z:Ref="i40"/><isCustomized>false</isCustomized></URDFElement><URDFElement z:Id="i42" i:type="ParentLink"><Attributes><Attribute z:Id="i43"><AttributeType>link</AttributeType><IsRequired>true</IsRequired><Value i:type="a:string" xmlns:a="http://www.w3.org/2001/XMLSchema"/></Attribute></Attributes><ChildElements/><ElementName>parent</ElementName><required>true</required><NameAttribute z:Ref="i43"/></URDFElement><URDFElement z:Id="i44" i:type="ChildLink"><Attributes><Attribute z:Id="i45"><AttributeType>link</AttributeType><IsRequired>true</IsRequired><Value i:type="a:string" xmlns:a="http://www.w3.org/2001/XMLSchema"/></Attribute></Attributes><ChildElements/><ElementName>child</ElementName><required>true</required><NameAttribute z:Ref="i45"/></URDFElement><URDFElement z:Id="i46" i:type="Axis"><Attributes><Attribute z:Id="i47"><AttributeType>xyz</AttributeType><IsRequired>true</IsRequired><Value i:type="a:ArrayOfdouble" xmlns:a="http://schemas.microsoft.com/2003/10/Serialization/Arrays"><a:double>0</a:double><a:double>0</a:double><a:double>0</a:double></Value></Attribute></Attributes><ChildElements/><ElementName>axis</ElementName><required>false</required><XYZAttribute z:Ref="i47"/></URDFElement><URDFElement z:Id="i48" i:type="Limit"><Attributes><Attribute z:Id="i49"><AttributeType>lower</AttributeType><IsRequired>false</IsRequired><Value i:nil="true"/></Attribute><Attribute z:Id="i50"><AttributeType>upper</AttributeType><IsRequired>false</IsRequired><Value i:nil="true"/></Attribute><Attribute z:Id="i51"><AttributeType>effort</AttributeType><IsRequired>true</IsRequired><Value i:nil="true"/></Attribute><Attribute z:Id="i52"><AttributeType>velocity</AttributeType><IsRequired>true</IsRequired><Value i:nil="true"/></Attribute></Attributes><ChildElements/><ElementName>limit</ElementName><required>false</required><EffortAttribute z:Ref="i51"/><LowerAttribute z:Ref="i49"/><UpperAttribute z:Ref="i50"/><VelocityAttribute z:Ref="i52"/></URDFElement><URDFElement z:Id="i53" i:type="Calibration"><Attributes><Attribute z:Id="i54"><AttributeType>rising</AttributeType><IsRequired>false</IsRequired><Value i:nil="true"/></Attribute><Attribute z:Id="i55"><AttributeType>falling</AttributeType><IsRequired>false</IsRequired><Value i:nil="true"/></Attribute></Attributes><ChildElements/><ElementName>calibration</ElementName><required>false</required><FallingAttribute z:Ref="i55"/><RisingAttribute z:Ref="i54"/></URDFElement><URDFElement z:Id="i56" i:type="Dynamics"><Attributes><Attribute z:Id="i57"><AttributeType>damping</AttributeType><IsRequired>false</IsRequired><Value i:nil="true"/></Attribute><Attribute z:Id="i58"><AttributeType>friction</AttributeType><IsRequired>false</IsRequired><Value i:nil="true"/></Attribute></Attributes><ChildElements/><ElementName>dynamics</ElementName><required>false</required><DampingAttribute z:Ref="i57"/><FrictionAttribute z:Ref="i58"/></URDFElement><URDFElement z:Id="i59" i:type="SafetyController"><Attributes><Attribute z:Id="i60"><AttributeType>soft_upper_limit</AttributeType><IsRequired>false</IsRequired><Value i:nil="true"/></Attribute><Attribute z:Id="i61"><AttributeType>soft_lower_limit</AttributeType><IsRequired>false</IsRequired><Value i:nil="true"/></Attribute><Attribute z:Id="i62"><AttributeType>k_position</AttributeType><IsRequired>false</IsRequired><Value i:nil="true"/></Attribute><Attribute z:Id="i63"><AttributeType>k_velocity</AttributeType><IsRequired>true</IsRequired><Value i:nil="true"/></Attribute></Attributes><ChildElements/><ElementName>safety_controller</ElementName><required>false</required><KPositionAttribute z:Ref="i62"/><KVelocityAttribute z:Ref="i63"/><SoftLowerAttribute z:Ref="i61"/><SoftUpperAttribute z:Ref="i60"/></URDFElement><URDFElement z:Id="i64" i:type="Mimic"><Attributes><Attribute z:Id="i65"><AttributeType>joint</AttributeType><IsRequired>true</IsRequired><Value i:nil="true"/></Attribute><Attribute z:Id="i66"><AttributeType>multiplier</AttributeType><IsRequired>false</IsRequired><Value i:nil="true"/></Attribute><Attribute z:Id="i67"><AttributeType>offset</AttributeType><IsRequired>false</IsRequired><Value i:nil="true"/></Attribute></Attributes><ChildElements/><ElementName>mimic</ElementName><required>false</required><JointNameAttribute z:Ref="i65"/><MultiplierAttribute z:Ref="i66"/><OffsetAttribute z:Ref="i67"/></URDFElement></ChildElements><ElementName>joint</ElementName><required>false</required><Axis z:Ref="i46"/><AxisName/><Calibration z:Ref="i53"/><Child z:Ref="i44"/><CoordinateSystemName>Automatically Generate</CoordinateSystemName><Dynamics z:Ref="i56"/><Limit z:Ref="i48"/><Mimic z:Ref="i64"/><NameAttribute z:Ref="i37"/><Origin z:Ref="i39"/><Parent z:Ref="i42"/><Safety z:Ref="i59"/><TypeAttribute z:Ref="i38"/></URDFElement></ChildElements><ElementName>link</ElementName><required>true</required><Children/><Collision z:Ref="i29"/><Inertial z:Ref="i3"/><Joint z:Ref="i36"/><NameAttribute z:Ref="i2"/><Parent i:nil="true"/><STLQualityFine>false</STLQualityFine><SWComponentPIDs xmlns:a="http://schemas.microsoft.com/2003/10/Serialization/Arrays"><a:base64Binary>OEoAAAUAAAD//v8ZTABpAGQAYQByAF8AcABrAGcAXwBiAG8AeAAtADEAQABMAGkAZABhAHIAXwBQAEsARwAEAAAAEAAAAAEAAAABAAAAGgAAAA==</a:base64Binary></SWComponentPIDs><SWMainComponentPID i:nil="true"/><Visual z:Ref="i16"/><isFixedFrame>false</isFixedFrame><isIncomplete>false</isIncomplete></Link>
2026-06-23 09:53:13,089 INFO  ExportPropertyManager.cs: 1142 - AfterClose called. This method no longer throws an Exception. It just silently does nothing. Ok, except for this logging message
2026-06-23 09:53:35,108 INFO  SwAddin.cs: 294 - Assembly export called for file Lidar_PKG
2026-06-23 09:53:38,130 INFO  SwAddin.cs: 313 - Saving assembly
2026-06-23 09:53:39,865 INFO  SwAddin.cs: 316 - Opening property manager
2026-06-23 09:53:39,866 INFO  ExportHelperExtension.cs: 1125 - Retrieving features of type [CoordSys] from Lidar_PKG
2026-06-23 09:53:39,866 INFO  ExportHelperExtension.cs: 1136 - Found 74 in Lidar_PKG
2026-06-23 09:53:39,866 INFO  ExportHelperExtension.cs: 1145 - Found 1 features of type [CoordSys] in Lidar_PKG
2026-06-23 09:53:39,867 INFO  ExportHelperExtension.cs: 1148 - Proceeding through assembly components
2026-06-23 09:53:39,867 INFO  ExportHelperExtension.cs: 1160 - 14 components to check
2026-06-23 09:53:39,867 INFO  ExportHelperExtension.cs: 1125 - Retrieving features of type [CoordSys] from Pi_Camera_module_3-1
2026-06-23 09:53:39,867 INFO  ExportHelperExtension.cs: 1136 - Found 563 in Pi_Camera_module_3-1
2026-06-23 09:53:39,868 INFO  ExportHelperExtension.cs: 1145 - Found 0 features of type [CoordSys] in Pi_Camera_module_3-1
2026-06-23 09:53:39,869 INFO  ExportHelperExtension.cs: 1125 - Retrieving features of type [CoordSys] from RASPBERRY_PI_5_1-1
2026-06-23 09:53:39,869 INFO  ExportHelperExtension.cs: 1136 - Found 23 in RASPBERRY_PI_5_1-1
2026-06-23 09:53:39,874 INFO  ExportHelperExtension.cs: 1145 - Found 0 features of type [CoordSys] in RASPBERRY_PI_5_1-1
2026-06-23 09:53:39,875 INFO  ExportHelperExtension.cs: 1125 - Retrieving features of type [CoordSys] from Lidar_pkg_box-1
2026-06-23 09:53:39,901 INFO  ExportHelperExtension.cs: 1136 - Found 31 in Lidar_pkg_box-1
2026-06-23 09:53:39,902 INFO  ExportHelperExtension.cs: 1145 - Found 0 features of type [CoordSys] in Lidar_pkg_box-1
2026-06-23 09:53:39,902 INFO  ExportHelperExtension.cs: 1125 - Retrieving features of type [CoordSys] from Ouster OS-1-2
2026-06-23 09:53:39,902 INFO  ExportHelperExtension.cs: 1136 - Found 83 in Ouster OS-1-2
2026-06-23 09:53:39,902 INFO  ExportHelperExtension.cs: 1145 - Found 0 features of type [CoordSys] in Ouster OS-1-2
2026-06-23 09:53:39,903 INFO  ExportHelperExtension.cs: 1125 - Retrieving features of type [CoordSys] from Lidar_cap-1
2026-06-23 09:53:39,903 INFO  ExportHelperExtension.cs: 1136 - Found 26 in Lidar_cap-1
2026-06-23 09:53:39,903 INFO  ExportHelperExtension.cs: 1145 - Found 0 features of type [CoordSys] in Lidar_cap-1
2026-06-23 09:53:39,903 INFO  ExportHelperExtension.cs: 1125 - Retrieving features of type [CoordSys] from 92510A444_Aluminum Unthreaded Spacer-3
2026-06-23 09:53:39,903 INFO  ExportHelperExtension.cs: 1136 - Found 29 in 92510A444_Aluminum Unthreaded Spacer-3
2026-06-23 09:53:39,904 INFO  ExportHelperExtension.cs: 1145 - Found 0 features of type [CoordSys] in 92510A444_Aluminum Unthreaded Spacer-3
2026-06-23 09:53:39,904 INFO  ExportHelperExtension.cs: 1125 - Retrieving features of type [CoordSys] from 92510A444_Aluminum Unthreaded Spacer-4
2026-06-23 09:53:39,904 INFO  ExportHelperExtension.cs: 1136 - Found 29 in 92510A444_Aluminum Unthreaded Spacer-4
2026-06-23 09:53:39,904 INFO  ExportHelperExtension.cs: 1145 - Found 0 features of type [CoordSys] in 92510A444_Aluminum Unthreaded Spacer-4
2026-06-23 09:53:39,904 INFO  ExportHelperExtension.cs: 1125 - Retrieving features of type [CoordSys] from d24v150fx-step-down-voltage-regulator-1
2026-06-23 09:53:39,905 INFO  ExportHelperExtension.cs: 1136 - Found 34 in d24v150fx-step-down-voltage-regulator-1
2026-06-23 09:53:39,905 INFO  ExportHelperExtension.cs: 1145 - Found 0 features of type [CoordSys] in d24v150fx-step-down-voltage-regulator-1
2026-06-23 09:53:39,905 INFO  ExportHelperExtension.cs: 1125 - Retrieving features of type [CoordSys] from 92510A444_Aluminum Unthreaded Spacer-1
2026-06-23 09:53:39,905 INFO  ExportHelperExtension.cs: 1136 - Found 29 in 92510A444_Aluminum Unthreaded Spacer-1
2026-06-23 09:53:39,906 INFO  ExportHelperExtension.cs: 1145 - Found 0 features of type [CoordSys] in 92510A444_Aluminum Unthreaded Spacer-1
2026-06-23 09:53:39,906 INFO  ExportHelperExtension.cs: 1125 - Retrieving features of type [CoordSys] from Lidar_control_box-1
2026-06-23 09:53:39,906 INFO  ExportHelperExtension.cs: 1136 - Found 31 in Lidar_control_box-1
2026-06-23 09:53:39,906 INFO  ExportHelperExtension.cs: 1145 - Found 0 features of type [CoordSys] in Lidar_control_box-1
2026-06-23 09:53:39,906 INFO  ExportHelperExtension.cs: 1125 - Retrieving features of type [CoordSys] from eth_to_usb_adpt-1
2026-06-23 09:53:39,907 INFO  ExportHelperExtension.cs: 1136 - Found 23 in eth_to_usb_adpt-1
2026-06-23 09:53:39,907 INFO  ExportHelperExtension.cs: 1145 - Found 0 features of type [CoordSys] in eth_to_usb_adpt-1
2026-06-23 09:53:39,907 INFO  ExportHelperExtension.cs: 1125 - Retrieving features of type [CoordSys] from 92510A444_Aluminum Unthreaded Spacer-2
2026-06-23 09:53:39,907 INFO  ExportHelperExtension.cs: 1136 - Found 29 in 92510A444_Aluminum Unthreaded Spacer-2
2026-06-23 09:53:39,907 INFO  ExportHelperExtension.cs: 1145 - Found 0 features of type [CoordSys] in 92510A444_Aluminum Unthreaded Spacer-2
2026-06-23 09:53:39,908 INFO  ExportHelperExtension.cs: 1125 - Retrieving features of type [CoordSys] from Pi_Camera_module_3-2
2026-06-23 09:53:39,908 INFO  ExportHelperExtension.cs: 1136 - Found 563 in Pi_Camera_module_3-2
2026-06-23 09:53:39,909 INFO  ExportHelperExtension.cs: 1145 - Found 0 features of type [CoordSys] in Pi_Camera_module_3-2
2026-06-23 09:53:39,910 INFO  ExportHelperExtension.cs: 1125 - Retrieving features of type [RefAxis] from Lidar_PKG
2026-06-23 09:53:39,910 INFO  ExportHelperExtension.cs: 1136 - Found 74 in Lidar_PKG
2026-06-23 09:53:39,910 INFO  ExportHelperExtension.cs: 1145 - Found 0 features of type [RefAxis] in Lidar_PKG
2026-06-23 09:53:39,910 INFO  ExportHelperExtension.cs: 1148 - Proceeding through assembly components
2026-06-23 09:53:39,911 INFO  ExportHelperExtension.cs: 1160 - 14 components to check
2026-06-23 09:53:39,911 INFO  ExportHelperExtension.cs: 1125 - Retrieving features of type [RefAxis] from Pi_Camera_module_3-1
2026-06-23 09:53:39,911 INFO  ExportHelperExtension.cs: 1136 - Found 563 in Pi_Camera_module_3-1
2026-06-23 09:53:39,912 INFO  ExportHelperExtension.cs: 1145 - Found 0 features of type [RefAxis] in Pi_Camera_module_3-1
2026-06-23 09:53:39,912 INFO  ExportHelperExtension.cs: 1125 - Retrieving features of type [RefAxis] from RASPBERRY_PI_5_1-1
2026-06-23 09:53:39,912 INFO  ExportHelperExtension.cs: 1136 - Found 23 in RASPBERRY_PI_5_1-1
2026-06-23 09:53:39,913 INFO  ExportHelperExtension.cs: 1145 - Found 0 features of type [RefAxis] in RASPBERRY_PI_5_1-1
2026-06-23 09:53:39,913 INFO  ExportHelperExtension.cs: 1125 - Retrieving features of type [RefAxis] from Lidar_pkg_box-1
2026-06-23 09:53:39,913 INFO  ExportHelperExtension.cs: 1136 - Found 31 in Lidar_pkg_box-1
2026-06-23 09:53:39,913 INFO  ExportHelperExtension.cs: 1145 - Found 0 features of type [RefAxis] in Lidar_pkg_box-1
2026-06-23 09:53:39,913 INFO  ExportHelperExtension.cs: 1125 - Retrieving features of type [RefAxis] from Ouster OS-1-2
2026-06-23 09:53:39,914 INFO  ExportHelperExtension.cs: 1136 - Found 83 in Ouster OS-1-2
2026-06-23 09:53:39,914 INFO  ExportHelperExtension.cs: 1145 - Found 0 features of type [RefAxis] in Ouster OS-1-2
2026-06-23 09:53:39,914 INFO  ExportHelperExtension.cs: 1125 - Retrieving features of type [RefAxis] from Lidar_cap-1
2026-06-23 09:53:39,914 INFO  ExportHelperExtension.cs: 1136 - Found 26 in Lidar_cap-1
2026-06-23 09:53:39,915 INFO  ExportHelperExtension.cs: 1145 - Found 0 features of type [RefAxis] in Lidar_cap-1
2026-06-23 09:53:39,915 INFO  ExportHelperExtension.cs: 1125 - Retrieving features of type [RefAxis] from 92510A444_Aluminum Unthreaded Spacer-3
2026-06-23 09:53:39,915 INFO  ExportHelperExtension.cs: 1136 - Found 29 in 92510A444_Aluminum Unthreaded Spacer-3
2026-06-23 09:53:39,915 INFO  ExportHelperExtension.cs: 1145 - Found 0 features of type [RefAxis] in 92510A444_Aluminum Unthreaded Spacer-3
2026-06-23 09:53:39,915 INFO  ExportHelperExtension.cs: 1125 - Retrieving features of type [RefAxis] from 92510A444_Aluminum Unthreaded Spacer-4
2026-06-23 09:53:39,915 INFO  ExportHelperExtension.cs: 1136 - Found 29 in 92510A444_Aluminum Unthreaded Spacer-4
2026-06-23 09:53:39,916 INFO  ExportHelperExtension.cs: 1145 - Found 0 features of type [RefAxis] in 92510A444_Aluminum Unthreaded Spacer-4
2026-06-23 09:53:39,916 INFO  ExportHelperExtension.cs: 1125 - Retrieving features of type [RefAxis] from d24v150fx-step-down-voltage-regulator-1
2026-06-23 09:53:39,916 INFO  ExportHelperExtension.cs: 1136 - Found 34 in d24v150fx-step-down-voltage-regulator-1
2026-06-23 09:53:39,916 INFO  ExportHelperExtension.cs: 1145 - Found 0 features of type [RefAxis] in d24v150fx-step-down-voltage-regulator-1
2026-06-23 09:53:39,916 INFO  ExportHelperExtension.cs: 1125 - Retrieving features of type [RefAxis] from 92510A444_Aluminum Unthreaded Spacer-1
2026-06-23 09:53:39,917 INFO  ExportHelperExtension.cs: 1136 - Found 29 in 92510A444_Aluminum Unthreaded Spacer-1
2026-06-23 09:53:39,917 INFO  ExportHelperExtension.cs: 1145 - Found 0 features of type [RefAxis] in 92510A444_Aluminum Unthreaded Spacer-1
2026-06-23 09:53:39,917 INFO  ExportHelperExtension.cs: 1125 - Retrieving features of type [RefAxis] from Lidar_control_box-1
2026-06-23 09:53:39,917 INFO  ExportHelperExtension.cs: 1136 - Found 31 in Lidar_control_box-1
2026-06-23 09:53:39,917 INFO  ExportHelperExtension.cs: 1145 - Found 0 features of type [RefAxis] in Lidar_control_box-1
2026-06-23 09:53:39,918 INFO  ExportHelperExtension.cs: 1125 - Retrieving features of type [RefAxis] from eth_to_usb_adpt-1
2026-06-23 09:53:39,918 INFO  ExportHelperExtension.cs: 1136 - Found 23 in eth_to_usb_adpt-1
2026-06-23 09:53:39,918 INFO  ExportHelperExtension.cs: 1145 - Found 0 features of type [RefAxis] in eth_to_usb_adpt-1
2026-06-23 09:53:39,918 INFO  ExportHelperExtension.cs: 1125 - Retrieving features of type [RefAxis] from 92510A444_Aluminum Unthreaded Spacer-2
2026-06-23 09:53:39,918 INFO  ExportHelperExtension.cs: 1136 - Found 29 in 92510A444_Aluminum Unthreaded Spacer-2
2026-06-23 09:53:39,919 INFO  ExportHelperExtension.cs: 1145 - Found 0 features of type [RefAxis] in 92510A444_Aluminum Unthreaded Spacer-2
2026-06-23 09:53:39,919 INFO  ExportHelperExtension.cs: 1125 - Retrieving features of type [RefAxis] from Pi_Camera_module_3-2
2026-06-23 09:53:39,919 INFO  ExportHelperExtension.cs: 1136 - Found 563 in Pi_Camera_module_3-2
2026-06-23 09:53:39,920 INFO  ExportHelperExtension.cs: 1145 - Found 0 features of type [RefAxis] in Pi_Camera_module_3-2
2026-06-23 09:53:40,539 INFO  SwAddin.cs: 339 - Loading config tree
2026-06-23 09:53:40,540 INFO  ConfigurationSerialization.cs: 276 - URDF Configuration found
<Link z:Id="i1" xmlns="http://schemas.datacontract.org/2004/07/SW2URDF" xmlns:i="http://www.w3.org/2001/XMLSchema-instance" xmlns:z="http://schemas.microsoft.com/2003/10/Serialization/"><Attributes><Attribute z:Id="i2"><AttributeType>name</AttributeType><IsRequired>true</IsRequired><Value i:type="a:string" xmlns:a="http://www.w3.org/2001/XMLSchema">base_link</Value></Attribute></Attributes><ChildElements><URDFElement z:Id="i3" i:type="Inertial"><Attributes/><ChildElements><URDFElement z:Id="i4" i:type="Origin"><Attributes><Attribute z:Id="i5"><AttributeType>xyz</AttributeType><IsRequired>true</IsRequired><Value i:type="a:ArrayOfdouble" xmlns:a="http://schemas.microsoft.com/2003/10/Serialization/Arrays"><a:double>0</a:double><a:double>0</a:double><a:double>0</a:double></Value></Attribute><Attribute z:Id="i6"><AttributeType>rpy</AttributeType><IsRequired>true</IsRequired><Value i:type="a:ArrayOfdouble" xmlns:a="http://schemas.microsoft.com/2003/10/Serialization/Arrays"><a:double>0</a:double><a:double>0</a:double><a:double>0</a:double></Value></Attribute></Attributes><ChildElements/><ElementName>origin</ElementName><required>false</required><RPYAttribute z:Ref="i6"/><XYZAttribute z:Ref="i5"/><isCustomized>false</isCustomized></URDFElement><URDFElement z:Id="i7" i:type="Mass"><Attributes><Attribute z:Id="i8"><AttributeType>value</AttributeType><IsRequired>true</IsRequired><Value i:type="a:double" xmlns:a="http://www.w3.org/2001/XMLSchema">0</Value></Attribute></Attributes><ChildElements/><ElementName>mass</ElementName><required>false</required><ValueAttribute z:Ref="i8"/></URDFElement><URDFElement z:Id="i9" i:type="Inertia"><Attributes><Attribute z:Id="i10"><AttributeType>ixx</AttributeType><IsRequired>true</IsRequired><Value i:type="a:double" xmlns:a="http://www.w3.org/2001/XMLSchema">0</Value></Attribute><Attribute z:Id="i11"><AttributeType>ixy</AttributeType><IsRequired>true</IsRequired><Value i:type="a:double" xmlns:a="http://www.w3.org/2001/XMLSchema">0</Value></Attribute><Attribute z:Id="i12"><AttributeType>ixz</AttributeType><IsRequired>true</IsRequired><Value i:type="a:double" xmlns:a="http://www.w3.org/2001/XMLSchema">0</Value></Attribute><Attribute z:Id="i13"><AttributeType>iyy</AttributeType><IsRequired>true</IsRequired><Value i:type="a:double" xmlns:a="http://www.w3.org/2001/XMLSchema">0</Value></Attribute><Attribute z:Id="i14"><AttributeType>iyz</AttributeType><IsRequired>true</IsRequired><Value i:type="a:double" xmlns:a="http://www.w3.org/2001/XMLSchema">0</Value></Attribute><Attribute z:Id="i15"><AttributeType>izz</AttributeType><IsRequired>true</IsRequired><Value i:type="a:double" xmlns:a="http://www.w3.org/2001/XMLSchema">0</Value></Attribute></Attributes><ChildElements/><ElementName>inertia</ElementName><required>false</required><IxxAttribute z:Ref="i10"/><IxyAttribute z:Ref="i11"/><IxzAttribute z:Ref="i12"/><IyyAttribute z:Ref="i13"/><IyzAttribute z:Ref="i14"/><IzzAttribute z:Ref="i15"/></URDFElement></ChildElements><ElementName>inertial</ElementName><required>false</required><Inertia z:Ref="i9"/><Mass z:Ref="i7"/><Origin z:Ref="i4"/></URDFElement><URDFElement z:Id="i16" i:type="Visual"><Attributes/><ChildElements><URDFElement z:Id="i17" i:type="Origin"><Attributes><Attribute z:Id="i18"><AttributeType>xyz</AttributeType><IsRequired>true</IsRequired><Value i:type="a:ArrayOfdouble" xmlns:a="http://schemas.microsoft.com/2003/10/Serialization/Arrays"><a:double>0</a:double><a:double>0</a:double><a:double>0</a:double></Value></Attribute><Attribute z:Id="i19"><AttributeType>rpy</AttributeType><IsRequired>true</IsRequired><Value i:type="a:ArrayOfdouble" xmlns:a="http://schemas.microsoft.com/2003/10/Serialization/Arrays"><a:double>0</a:double><a:double>0</a:double><a:double>0</a:double></Value></Attribute></Attributes><ChildElements/><ElementName>origin</ElementName><required>false</required><RPYAttribute z:Ref="i19"/><XYZAttribute z:Ref="i18"/><isCustomized>false</isCustomized></URDFElement><URDFElement z:Id="i20" i:type="Geometry"><Attributes/><ChildElements><URDFElement z:Id="i21" i:type="Mesh"><Attributes><Attribute z:Id="i22"><AttributeType>filename</AttributeType><IsRequired>true</IsRequired><Value i:nil="true"/></Attribute></Attributes><ChildElements/><ElementName>mesh</ElementName><required>false</required><FilenameAttribute z:Ref="i22"/></URDFElement></ChildElements><ElementName>geometry</ElementName><required>true</required><Mesh z:Ref="i21"/></URDFElement><URDFElement z:Id="i23" i:type="Material"><Attributes><Attribute z:Id="i24"><AttributeType>name</AttributeType><IsRequired>true</IsRequired><Value i:type="a:string" xmlns:a="http://www.w3.org/2001/XMLSchema"/></Attribute></Attributes><ChildElements><URDFElement z:Id="i25" i:type="Color"><Attributes><Attribute z:Id="i26"><AttributeType>rgba</AttributeType><IsRequired>true</IsRequired><Value i:type="a:ArrayOfdouble" xmlns:a="http://schemas.microsoft.com/2003/10/Serialization/Arrays"><a:double>1</a:double><a:double>1</a:double><a:double>1</a:double><a:double>1</a:double></Value></Attribute></Attributes><ChildElements/><ElementName>color</ElementName><required>false</required><RGBAAttribute z:Ref="i26"/></URDFElement><URDFElement z:Id="i27" i:type="Texture"><Attributes><Attribute z:Id="i28"><AttributeType>filename</AttributeType><IsRequired>true</IsRequired><Value i:nil="true"/></Attribute></Attributes><ChildElements/><ElementName>texture</ElementName><required>false</required><FilenameAttribute z:Ref="i28"/><wFilename/></URDFElement></ChildElements><ElementName>material</ElementName><required>false</required><Color z:Ref="i25"/><NameAttribute z:Ref="i24"/><Texture z:Ref="i27"/></URDFElement></ChildElements><ElementName>visual</ElementName><required>false</required><Geometry z:Ref="i20"/><Material z:Ref="i23"/><Origin z:Ref="i17"/></URDFElement><URDFElement z:Id="i29" i:type="Collision"><Attributes/><ChildElements><URDFElement z:Id="i30" i:type="Origin"><Attributes><Attribute z:Id="i31"><AttributeType>xyz</AttributeType><IsRequired>true</IsRequired><Value i:type="a:ArrayOfdouble" xmlns:a="http://schemas.microsoft.com/2003/10/Serialization/Arrays"><a:double>0</a:double><a:double>0</a:double><a:double>0</a:double></Value></Attribute><Attribute z:Id="i32"><AttributeType>rpy</AttributeType><IsRequired>true</IsRequired><Value i:type="a:ArrayOfdouble" xmlns:a="http://schemas.microsoft.com/2003/10/Serialization/Arrays"><a:double>0</a:double><a:double>0</a:double><a:double>0</a:double></Value></Attribute></Attributes><ChildElements/><ElementName>origin</ElementName><required>false</required><RPYAttribute z:Ref="i32"/><XYZAttribute z:Ref="i31"/><isCustomized>false</isCustomized></URDFElement><URDFElement z:Id="i33" i:type="Geometry"><Attributes/><ChildElements><URDFElement z:Id="i34" i:type="Mesh"><Attributes><Attribute z:Id="i35"><AttributeType>filename</AttributeType><IsRequired>true</IsRequired><Value i:nil="true"/></Attribute></Attributes><ChildElements/><ElementName>mesh</ElementName><required>false</required><FilenameAttribute z:Ref="i35"/></URDFElement></ChildElements><ElementName>geometry</ElementName><required>true</required><Mesh z:Ref="i34"/></URDFElement></ChildElements><ElementName>collision</ElementName><required>false</required><Geometry z:Ref="i33"/><Origin z:Ref="i30"/></URDFElement><URDFElement z:Id="i36" i:type="Joint"><Attributes><Attribute z:Id="i37"><AttributeType>name</AttributeType><IsRequired>true</IsRequired><Value i:type="a:string" xmlns:a="http://www.w3.org/2001/XMLSchema"/></Attribute><Attribute z:Id="i38"><AttributeType>type</AttributeType><IsRequired>true</IsRequired><Value i:type="a:string" xmlns:a="http://www.w3.org/2001/XMLSchema"/></Attribute></Attributes><ChildElements><URDFElement z:Id="i39" i:type="Origin"><Attributes><Attribute z:Id="i40"><AttributeType>xyz</AttributeType><IsRequired>true</IsRequired><Value i:type="a:ArrayOfdouble" xmlns:a="http://schemas.microsoft.com/2003/10/Serialization/Arrays"><a:double>0</a:double><a:double>0</a:double><a:double>0</a:double></Value></Attribute><Attribute z:Id="i41"><AttributeType>rpy</AttributeType><IsRequired>true</IsRequired><Value i:type="a:ArrayOfdouble" xmlns:a="http://schemas.microsoft.com/2003/10/Serialization/Arrays"><a:double>0</a:double><a:double>0</a:double><a:double>0</a:double></Value></Attribute></Attributes><ChildElements/><ElementName>origin</ElementName><required>false</required><RPYAttribute z:Ref="i41"/><XYZAttribute z:Ref="i40"/><isCustomized>false</isCustomized></URDFElement><URDFElement z:Id="i42" i:type="ParentLink"><Attributes><Attribute z:Id="i43"><AttributeType>link</AttributeType><IsRequired>true</IsRequired><Value i:type="a:string" xmlns:a="http://www.w3.org/2001/XMLSchema"/></Attribute></Attributes><ChildElements/><ElementName>parent</ElementName><required>true</required><NameAttribute z:Ref="i43"/></URDFElement><URDFElement z:Id="i44" i:type="ChildLink"><Attributes><Attribute z:Id="i45"><AttributeType>link</AttributeType><IsRequired>true</IsRequired><Value i:type="a:string" xmlns:a="http://www.w3.org/2001/XMLSchema"/></Attribute></Attributes><ChildElements/><ElementName>child</ElementName><required>true</required><NameAttribute z:Ref="i45"/></URDFElement><URDFElement z:Id="i46" i:type="Axis"><Attributes><Attribute z:Id="i47"><AttributeType>xyz</AttributeType><IsRequired>true</IsRequired><Value i:type="a:ArrayOfdouble" xmlns:a="http://schemas.microsoft.com/2003/10/Serialization/Arrays"><a:double>0</a:double><a:double>0</a:double><a:double>0</a:double></Value></Attribute></Attributes><ChildElements/><ElementName>axis</ElementName><required>false</required><XYZAttribute z:Ref="i47"/></URDFElement><URDFElement z:Id="i48" i:type="Limit"><Attributes><Attribute z:Id="i49"><AttributeType>lower</AttributeType><IsRequired>false</IsRequired><Value i:nil="true"/></Attribute><Attribute z:Id="i50"><AttributeType>upper</AttributeType><IsRequired>false</IsRequired><Value i:nil="true"/></Attribute><Attribute z:Id="i51"><AttributeType>effort</AttributeType><IsRequired>true</IsRequired><Value i:nil="true"/></Attribute><Attribute z:Id="i52"><AttributeType>velocity</AttributeType><IsRequired>true</IsRequired><Value i:nil="true"/></Attribute></Attributes><ChildElements/><ElementName>limit</ElementName><required>false</required><EffortAttribute z:Ref="i51"/><LowerAttribute z:Ref="i49"/><UpperAttribute z:Ref="i50"/><VelocityAttribute z:Ref="i52"/></URDFElement><URDFElement z:Id="i53" i:type="Calibration"><Attributes><Attribute z:Id="i54"><AttributeType>rising</AttributeType><IsRequired>false</IsRequired><Value i:nil="true"/></Attribute><Attribute z:Id="i55"><AttributeType>falling</AttributeType><IsRequired>false</IsRequired><Value i:nil="true"/></Attribute></Attributes><ChildElements/><ElementName>calibration</ElementName><required>false</required><FallingAttribute z:Ref="i55"/><RisingAttribute z:Ref="i54"/></URDFElement><URDFElement z:Id="i56" i:type="Dynamics"><Attributes><Attribute z:Id="i57"><AttributeType>damping</AttributeType><IsRequired>false</IsRequired><Value i:nil="true"/></Attribute><Attribute z:Id="i58"><AttributeType>friction</AttributeType><IsRequired>false</IsRequired><Value i:nil="true"/></Attribute></Attributes><ChildElements/><ElementName>dynamics</ElementName><required>false</required><DampingAttribute z:Ref="i57"/><FrictionAttribute z:Ref="i58"/></URDFElement><URDFElement z:Id="i59" i:type="SafetyController"><Attributes><Attribute z:Id="i60"><AttributeType>soft_upper_limit</AttributeType><IsRequired>false</IsRequired><Value i:nil="true"/></Attribute><Attribute z:Id="i61"><AttributeType>soft_lower_limit</AttributeType><IsRequired>false</IsRequired><Value i:nil="true"/></Attribute><Attribute z:Id="i62"><AttributeType>k_position</AttributeType><IsRequired>false</IsRequired><Value i:nil="true"/></Attribute><Attribute z:Id="i63"><AttributeType>k_velocity</AttributeType><IsRequired>true</IsRequired><Value i:nil="true"/></Attribute></Attributes><ChildElements/><ElementName>safety_controller</ElementName><required>false</required><KPositionAttribute z:Ref="i62"/><KVelocityAttribute z:Ref="i63"/><SoftLowerAttribute z:Ref="i61"/><SoftUpperAttribute z:Ref="i60"/></URDFElement><URDFElement z:Id="i64" i:type="Mimic"><Attributes><Attribute z:Id="i65"><AttributeType>joint</AttributeType><IsRequired>true</IsRequired><Value i:nil="true"/></Attribute><Attribute z:Id="i66"><AttributeType>multiplier</AttributeType><IsRequired>false</IsRequired><Value i:nil="true"/></Attribute><Attribute z:Id="i67"><AttributeType>offset</AttributeType><IsRequired>false</IsRequired><Value i:nil="true"/></Attribute></Attributes><ChildElements/><ElementName>mimic</ElementName><required>false</required><JointNameAttribute z:Ref="i65"/><MultiplierAttribute z:Ref="i66"/><OffsetAttribute z:Ref="i67"/></URDFElement></ChildElements><ElementName>joint</ElementName><required>false</required><Axis z:Ref="i46"/><AxisName/><Calibration z:Ref="i53"/><Child z:Ref="i44"/><CoordinateSystemName>Automatically Generate</CoordinateSystemName><Dynamics z:Ref="i56"/><Limit z:Ref="i48"/><Mimic z:Ref="i64"/><NameAttribute z:Ref="i37"/><Origin z:Ref="i39"/><Parent z:Ref="i42"/><Safety z:Ref="i59"/><TypeAttribute z:Ref="i38"/></URDFElement></ChildElements><ElementName>link</ElementName><required>true</required><Children/><Collision z:Ref="i29"/><Inertial z:Ref="i3"/><Joint z:Ref="i36"/><NameAttribute z:Ref="i2"/><Parent i:nil="true"/><STLQualityFine>false</STLQualityFine><SWComponentPIDs xmlns:a="http://schemas.microsoft.com/2003/10/Serialization/Arrays"><a:base64Binary>OEoAAAUAAAD//v8ZTABpAGQAYQByAF8AcABrAGcAXwBiAG8AeAAtADEAQABMAGkAZABhAHIAXwBQAEsARwAEAAAAEAAAAAEAAAABAAAAGgAAAA==</a:base64Binary></SWComponentPIDs><SWMainComponentPID i:nil="true"/><Visual z:Ref="i16"/><isFixedFrame>false</isFixedFrame><isIncomplete>false</isIncomplete></Link>
2026-06-23 09:53:40,540 INFO  LinkNode.cs: 35 - Building node base_link
2026-06-23 09:53:40,541 INFO  CommonSwOperations.cs: 221 - Loading SolidWorks components for base_link from C:\Users\juanh\OneDrive\Documents\CAD Projects\Lidar pkg\Lidar_PKG.SLDASM
2026-06-23 09:53:40,541 INFO  CommonSwOperations.cs: 245 - Loading component with PID 8J     ???L i d a r _ p k g _ b o x - 1 @ L i d a r _ P K G                
2026-06-23 09:53:40,541 INFO  CommonSwOperations.cs: 254 - Successfully loaded component C:\Users\juanh\OneDrive\Documents\CAD Projects\Lidar pkg\Lidar_pkg_box.SLDPRT
2026-06-23 09:53:40,541 INFO  CommonSwOperations.cs: 230 - Loaded 1 components for link base_link
2026-06-23 09:53:40,549 INFO  SwAddin.cs: 344 - Showing property manager
2026-06-23 09:54:55,503 INFO  ExportPropertyManager.cs: 422 - Configuration saved
2026-06-23 09:54:55,504 INFO  ConfigurationSerialization.cs: 276 - URDF Configuration found
<Link z:Id="i1" xmlns="http://schemas.datacontract.org/2004/07/SW2URDF" xmlns:i="http://www.w3.org/2001/XMLSchema-instance" xmlns:z="http://schemas.microsoft.com/2003/10/Serialization/"><Attributes><Attribute z:Id="i2"><AttributeType>name</AttributeType><IsRequired>true</IsRequired><Value i:type="a:string" xmlns:a="http://www.w3.org/2001/XMLSchema">base_link</Value></Attribute></Attributes><ChildElements><URDFElement z:Id="i3" i:type="Inertial"><Attributes/><ChildElements><URDFElement z:Id="i4" i:type="Origin"><Attributes><Attribute z:Id="i5"><AttributeType>xyz</AttributeType><IsRequired>true</IsRequired><Value i:type="a:ArrayOfdouble" xmlns:a="http://schemas.microsoft.com/2003/10/Serialization/Arrays"><a:double>0</a:double><a:double>0</a:double><a:double>0</a:double></Value></Attribute><Attribute z:Id="i6"><AttributeType>rpy</AttributeType><IsRequired>true</IsRequired><Value i:type="a:ArrayOfdouble" xmlns:a="http://schemas.microsoft.com/2003/10/Serialization/Arrays"><a:double>0</a:double><a:double>0</a:double><a:double>0</a:double></Value></Attribute></Attributes><ChildElements/><ElementName>origin</ElementName><required>false</required><RPYAttribute z:Ref="i6"/><XYZAttribute z:Ref="i5"/><isCustomized>false</isCustomized></URDFElement><URDFElement z:Id="i7" i:type="Mass"><Attributes><Attribute z:Id="i8"><AttributeType>value</AttributeType><IsRequired>true</IsRequired><Value i:type="a:double" xmlns:a="http://www.w3.org/2001/XMLSchema">0</Value></Attribute></Attributes><ChildElements/><ElementName>mass</ElementName><required>false</required><ValueAttribute z:Ref="i8"/></URDFElement><URDFElement z:Id="i9" i:type="Inertia"><Attributes><Attribute z:Id="i10"><AttributeType>ixx</AttributeType><IsRequired>true</IsRequired><Value i:type="a:double" xmlns:a="http://www.w3.org/2001/XMLSchema">0</Value></Attribute><Attribute z:Id="i11"><AttributeType>ixy</AttributeType><IsRequired>true</IsRequired><Value i:type="a:double" xmlns:a="http://www.w3.org/2001/XMLSchema">0</Value></Attribute><Attribute z:Id="i12"><AttributeType>ixz</AttributeType><IsRequired>true</IsRequired><Value i:type="a:double" xmlns:a="http://www.w3.org/2001/XMLSchema">0</Value></Attribute><Attribute z:Id="i13"><AttributeType>iyy</AttributeType><IsRequired>true</IsRequired><Value i:type="a:double" xmlns:a="http://www.w3.org/2001/XMLSchema">0</Value></Attribute><Attribute z:Id="i14"><AttributeType>iyz</AttributeType><IsRequired>true</IsRequired><Value i:type="a:double" xmlns:a="http://www.w3.org/2001/XMLSchema">0</Value></Attribute><Attribute z:Id="i15"><AttributeType>izz</AttributeType><IsRequired>true</IsRequired><Value i:type="a:double" xmlns:a="http://www.w3.org/2001/XMLSchema">0</Value></Attribute></Attributes><ChildElements/><ElementName>inertia</ElementName><required>false</required><IxxAttribute z:Ref="i10"/><IxyAttribute z:Ref="i11"/><IxzAttribute z:Ref="i12"/><IyyAttribute z:Ref="i13"/><IyzAttribute z:Ref="i14"/><IzzAttribute z:Ref="i15"/></URDFElement></ChildElements><ElementName>inertial</ElementName><required>false</required><Inertia z:Ref="i9"/><Mass z:Ref="i7"/><Origin z:Ref="i4"/></URDFElement><URDFElement z:Id="i16" i:type="Visual"><Attributes/><ChildElements><URDFElement z:Id="i17" i:type="Origin"><Attributes><Attribute z:Id="i18"><AttributeType>xyz</AttributeType><IsRequired>true</IsRequired><Value i:type="a:ArrayOfdouble" xmlns:a="http://schemas.microsoft.com/2003/10/Serialization/Arrays"><a:double>0</a:double><a:double>0</a:double><a:double>0</a:double></Value></Attribute><Attribute z:Id="i19"><AttributeType>rpy</AttributeType><IsRequired>true</IsRequired><Value i:type="a:ArrayOfdouble" xmlns:a="http://schemas.microsoft.com/2003/10/Serialization/Arrays"><a:double>0</a:double><a:double>0</a:double><a:double>0</a:double></Value></Attribute></Attributes><ChildElements/><ElementName>origin</ElementName><required>false</required><RPYAttribute z:Ref="i19"/><XYZAttribute z:Ref="i18"/><isCustomized>false</isCustomized></URDFElement><URDFElement z:Id="i20" i:type="Geometry"><Attributes/><ChildElements><URDFElement z:Id="i21" i:type="Mesh"><Attributes><Attribute z:Id="i22"><AttributeType>filename</AttributeType><IsRequired>true</IsRequired><Value i:nil="true"/></Attribute></Attributes><ChildElements/><ElementName>mesh</ElementName><required>false</required><FilenameAttribute z:Ref="i22"/></URDFElement></ChildElements><ElementName>geometry</ElementName><required>true</required><Mesh z:Ref="i21"/></URDFElement><URDFElement z:Id="i23" i:type="Material"><Attributes><Attribute z:Id="i24"><AttributeType>name</AttributeType><IsRequired>true</IsRequired><Value i:type="a:string" xmlns:a="http://www.w3.org/2001/XMLSchema"/></Attribute></Attributes><ChildElements><URDFElement z:Id="i25" i:type="Color"><Attributes><Attribute z:Id="i26"><AttributeType>rgba</AttributeType><IsRequired>true</IsRequired><Value i:type="a:ArrayOfdouble" xmlns:a="http://schemas.microsoft.com/2003/10/Serialization/Arrays"><a:double>1</a:double><a:double>1</a:double><a:double>1</a:double><a:double>1</a:double></Value></Attribute></Attributes><ChildElements/><ElementName>color</ElementName><required>false</required><RGBAAttribute z:Ref="i26"/></URDFElement><URDFElement z:Id="i27" i:type="Texture"><Attributes><Attribute z:Id="i28"><AttributeType>filename</AttributeType><IsRequired>true</IsRequired><Value i:nil="true"/></Attribute></Attributes><ChildElements/><ElementName>texture</ElementName><required>false</required><FilenameAttribute z:Ref="i28"/><wFilename/></URDFElement></ChildElements><ElementName>material</ElementName><required>false</required><Color z:Ref="i25"/><NameAttribute z:Ref="i24"/><Texture z:Ref="i27"/></URDFElement></ChildElements><ElementName>visual</ElementName><required>false</required><Geometry z:Ref="i20"/><Material z:Ref="i23"/><Origin z:Ref="i17"/></URDFElement><URDFElement z:Id="i29" i:type="Collision"><Attributes/><ChildElements><URDFElement z:Id="i30" i:type="Origin"><Attributes><Attribute z:Id="i31"><AttributeType>xyz</AttributeType><IsRequired>true</IsRequired><Value i:type="a:ArrayOfdouble" xmlns:a="http://schemas.microsoft.com/2003/10/Serialization/Arrays"><a:double>0</a:double><a:double>0</a:double><a:double>0</a:double></Value></Attribute><Attribute z:Id="i32"><AttributeType>rpy</AttributeType><IsRequired>true</IsRequired><Value i:type="a:ArrayOfdouble" xmlns:a="http://schemas.microsoft.com/2003/10/Serialization/Arrays"><a:double>0</a:double><a:double>0</a:double><a:double>0</a:double></Value></Attribute></Attributes><ChildElements/><ElementName>origin</ElementName><required>false</required><RPYAttribute z:Ref="i32"/><XYZAttribute z:Ref="i31"/><isCustomized>false</isCustomized></URDFElement><URDFElement z:Id="i33" i:type="Geometry"><Attributes/><ChildElements><URDFElement z:Id="i34" i:type="Mesh"><Attributes><Attribute z:Id="i35"><AttributeType>filename</AttributeType><IsRequired>true</IsRequired><Value i:nil="true"/></Attribute></Attributes><ChildElements/><ElementName>mesh</ElementName><required>false</required><FilenameAttribute z:Ref="i35"/></URDFElement></ChildElements><ElementName>geometry</ElementName><required>true</required><Mesh z:Ref="i34"/></URDFElement></ChildElements><ElementName>collision</ElementName><required>false</required><Geometry z:Ref="i33"/><Origin z:Ref="i30"/></URDFElement><URDFElement z:Id="i36" i:type="Joint"><Attributes><Attribute z:Id="i37"><AttributeType>name</AttributeType><IsRequired>true</IsRequired><Value i:type="a:string" xmlns:a="http://www.w3.org/2001/XMLSchema"/></Attribute><Attribute z:Id="i38"><AttributeType>type</AttributeType><IsRequired>true</IsRequired><Value i:type="a:string" xmlns:a="http://www.w3.org/2001/XMLSchema"/></Attribute></Attributes><ChildElements><URDFElement z:Id="i39" i:type="Origin"><Attributes><Attribute z:Id="i40"><AttributeType>xyz</AttributeType><IsRequired>true</IsRequired><Value i:type="a:ArrayOfdouble" xmlns:a="http://schemas.microsoft.com/2003/10/Serialization/Arrays"><a:double>0</a:double><a:double>0</a:double><a:double>0</a:double></Value></Attribute><Attribute z:Id="i41"><AttributeType>rpy</AttributeType><IsRequired>true</IsRequired><Value i:type="a:ArrayOfdouble" xmlns:a="http://schemas.microsoft.com/2003/10/Serialization/Arrays"><a:double>0</a:double><a:double>0</a:double><a:double>0</a:double></Value></Attribute></Attributes><ChildElements/><ElementName>origin</ElementName><required>false</required><RPYAttribute z:Ref="i41"/><XYZAttribute z:Ref="i40"/><isCustomized>false</isCustomized></URDFElement><URDFElement z:Id="i42" i:type="ParentLink"><Attributes><Attribute z:Id="i43"><AttributeType>link</AttributeType><IsRequired>true</IsRequired><Value i:type="a:string" xmlns:a="http://www.w3.org/2001/XMLSchema"/></Attribute></Attributes><ChildElements/><ElementName>parent</ElementName><required>true</required><NameAttribute z:Ref="i43"/></URDFElement><URDFElement z:Id="i44" i:type="ChildLink"><Attributes><Attribute z:Id="i45"><AttributeType>link</AttributeType><IsRequired>true</IsRequired><Value i:type="a:string" xmlns:a="http://www.w3.org/2001/XMLSchema"/></Attribute></Attributes><ChildElements/><ElementName>child</ElementName><required>true</required><NameAttribute z:Ref="i45"/></URDFElement><URDFElement z:Id="i46" i:type="Axis"><Attributes><Attribute z:Id="i47"><AttributeType>xyz</AttributeType><IsRequired>true</IsRequired><Value i:type="a:ArrayOfdouble" xmlns:a="http://schemas.microsoft.com/2003/10/Serialization/Arrays"><a:double>0</a:double><a:double>0</a:double><a:double>0</a:double></Value></Attribute></Attributes><ChildElements/><ElementName>axis</ElementName><required>false</required><XYZAttribute z:Ref="i47"/></URDFElement><URDFElement z:Id="i48" i:type="Limit"><Attributes><Attribute z:Id="i49"><AttributeType>lower</AttributeType><IsRequired>false</IsRequired><Value i:nil="true"/></Attribute><Attribute z:Id="i50"><AttributeType>upper</AttributeType><IsRequired>false</IsRequired><Value i:nil="true"/></Attribute><Attribute z:Id="i51"><AttributeType>effort</AttributeType><IsRequired>true</IsRequired><Value i:nil="true"/></Attribute><Attribute z:Id="i52"><AttributeType>velocity</AttributeType><IsRequired>true</IsRequired><Value i:nil="true"/></Attribute></Attributes><ChildElements/><ElementName>limit</ElementName><required>false</required><EffortAttribute z:Ref="i51"/><LowerAttribute z:Ref="i49"/><UpperAttribute z:Ref="i50"/><VelocityAttribute z:Ref="i52"/></URDFElement><URDFElement z:Id="i53" i:type="Calibration"><Attributes><Attribute z:Id="i54"><AttributeType>rising</AttributeType><IsRequired>false</IsRequired><Value i:nil="true"/></Attribute><Attribute z:Id="i55"><AttributeType>falling</AttributeType><IsRequired>false</IsRequired><Value i:nil="true"/></Attribute></Attributes><ChildElements/><ElementName>calibration</ElementName><required>false</required><FallingAttribute z:Ref="i55"/><RisingAttribute z:Ref="i54"/></URDFElement><URDFElement z:Id="i56" i:type="Dynamics"><Attributes><Attribute z:Id="i57"><AttributeType>damping</AttributeType><IsRequired>false</IsRequired><Value i:nil="true"/></Attribute><Attribute z:Id="i58"><AttributeType>friction</AttributeType><IsRequired>false</IsRequired><Value i:nil="true"/></Attribute></Attributes><ChildElements/><ElementName>dynamics</ElementName><required>false</required><DampingAttribute z:Ref="i57"/><FrictionAttribute z:Ref="i58"/></URDFElement><URDFElement z:Id="i59" i:type="SafetyController"><Attributes><Attribute z:Id="i60"><AttributeType>soft_upper_limit</AttributeType><IsRequired>false</IsRequired><Value i:nil="true"/></Attribute><Attribute z:Id="i61"><AttributeType>soft_lower_limit</AttributeType><IsRequired>false</IsRequired><Value i:nil="true"/></Attribute><Attribute z:Id="i62"><AttributeType>k_position</AttributeType><IsRequired>false</IsRequired><Value i:nil="true"/></Attribute><Attribute z:Id="i63"><AttributeType>k_velocity</AttributeType><IsRequired>true</IsRequired><Value i:nil="true"/></Attribute></Attributes><ChildElements/><ElementName>safety_controller</ElementName><required>false</required><KPositionAttribute z:Ref="i62"/><KVelocityAttribute z:Ref="i63"/><SoftLowerAttribute z:Ref="i61"/><SoftUpperAttribute z:Ref="i60"/></URDFElement><URDFElement z:Id="i64" i:type="Mimic"><Attributes><Attribute z:Id="i65"><AttributeType>joint</AttributeType><IsRequired>true</IsRequired><Value i:nil="true"/></Attribute><Attribute z:Id="i66"><AttributeType>multiplier</AttributeType><IsRequired>false</IsRequired><Value i:nil="true"/></Attribute><Attribute z:Id="i67"><AttributeType>offset</AttributeType><IsRequired>false</IsRequired><Value i:nil="true"/></Attribute></Attributes><ChildElements/><ElementName>mimic</ElementName><required>false</required><JointNameAttribute z:Ref="i65"/><MultiplierAttribute z:Ref="i66"/><OffsetAttribute z:Ref="i67"/></URDFElement></ChildElements><ElementName>joint</ElementName><required>false</required><Axis z:Ref="i46"/><AxisName/><Calibration z:Ref="i53"/><Child z:Ref="i44"/><CoordinateSystemName>Automatically Generate</CoordinateSystemName><Dynamics z:Ref="i56"/><Limit z:Ref="i48"/><Mimic z:Ref="i64"/><NameAttribute z:Ref="i37"/><Origin z:Ref="i39"/><Parent z:Ref="i42"/><Safety z:Ref="i59"/><TypeAttribute z:Ref="i38"/></URDFElement></ChildElements><ElementName>link</ElementName><required>true</required><Children/><Collision z:Ref="i29"/><Inertial z:Ref="i3"/><Joint z:Ref="i36"/><NameAttribute z:Ref="i2"/><Parent i:nil="true"/><STLQualityFine>false</STLQualityFine><SWComponentPIDs xmlns:a="http://schemas.microsoft.com/2003/10/Serialization/Arrays"><a:base64Binary>OEoAAAUAAAD//v8ZTABpAGQAYQByAF8AcABrAGcAXwBiAG8AeAAtADEAQABMAGkAZABhAHIAXwBQAEsARwAEAAAAEAAAAAEAAAABAAAAGgAAAA==</a:base64Binary></SWComponentPIDs><SWMainComponentPID i:nil="true"/><Visual z:Ref="i16"/><isFixedFrame>false</isFixedFrame><isIncomplete>false</isIncomplete></Link>
2026-06-23 09:54:55,648 INFO  ExportHelperExtension.cs: 1125 - Retrieving features of type [CoordSys] from Lidar_PKG
2026-06-23 09:54:55,649 INFO  ExportHelperExtension.cs: 1136 - Found 74 in Lidar_PKG
2026-06-23 09:54:55,649 INFO  ExportHelperExtension.cs: 1145 - Found 1 features of type [CoordSys] in Lidar_PKG
2026-06-23 09:54:55,650 INFO  ExportHelperExtension.cs: 1148 - Proceeding through assembly components
2026-06-23 09:54:55,650 INFO  ExportHelperExtension.cs: 1160 - 14 components to check
2026-06-23 09:54:55,650 INFO  ExportHelperExtension.cs: 1125 - Retrieving features of type [CoordSys] from Pi_Camera_module_3-1
2026-06-23 09:54:55,650 INFO  ExportHelperExtension.cs: 1136 - Found 563 in Pi_Camera_module_3-1
2026-06-23 09:54:55,651 INFO  ExportHelperExtension.cs: 1145 - Found 0 features of type [CoordSys] in Pi_Camera_module_3-1
2026-06-23 09:54:55,652 INFO  ExportHelperExtension.cs: 1125 - Retrieving features of type [CoordSys] from RASPBERRY_PI_5_1-1
2026-06-23 09:54:55,652 INFO  ExportHelperExtension.cs: 1136 - Found 23 in RASPBERRY_PI_5_1-1
2026-06-23 09:54:55,652 INFO  ExportHelperExtension.cs: 1145 - Found 0 features of type [CoordSys] in RASPBERRY_PI_5_1-1
2026-06-23 09:54:55,652 INFO  ExportHelperExtension.cs: 1125 - Retrieving features of type [CoordSys] from Lidar_pkg_box-1
2026-06-23 09:54:55,653 INFO  ExportHelperExtension.cs: 1136 - Found 31 in Lidar_pkg_box-1
2026-06-23 09:54:55,653 INFO  ExportHelperExtension.cs: 1145 - Found 0 features of type [CoordSys] in Lidar_pkg_box-1
2026-06-23 09:54:55,653 INFO  ExportHelperExtension.cs: 1125 - Retrieving features of type [CoordSys] from Ouster OS-1-2
2026-06-23 09:54:55,653 INFO  ExportHelperExtension.cs: 1136 - Found 83 in Ouster OS-1-2
2026-06-23 09:54:55,654 INFO  ExportHelperExtension.cs: 1145 - Found 0 features of type [CoordSys] in Ouster OS-1-2
2026-06-23 09:54:55,654 INFO  ExportHelperExtension.cs: 1125 - Retrieving features of type [CoordSys] from Lidar_cap-1
2026-06-23 09:54:55,654 INFO  ExportHelperExtension.cs: 1136 - Found 26 in Lidar_cap-1
2026-06-23 09:54:55,654 INFO  ExportHelperExtension.cs: 1145 - Found 0 features of type [CoordSys] in Lidar_cap-1
2026-06-23 09:54:55,655 INFO  ExportHelperExtension.cs: 1125 - Retrieving features of type [CoordSys] from 92510A444_Aluminum Unthreaded Spacer-3
2026-06-23 09:54:55,655 INFO  ExportHelperExtension.cs: 1136 - Found 29 in 92510A444_Aluminum Unthreaded Spacer-3
2026-06-23 09:54:55,655 INFO  ExportHelperExtension.cs: 1145 - Found 0 features of type [CoordSys] in 92510A444_Aluminum Unthreaded Spacer-3
2026-06-23 09:54:55,655 INFO  ExportHelperExtension.cs: 1125 - Retrieving features of type [CoordSys] from 92510A444_Aluminum Unthreaded Spacer-4
2026-06-23 09:54:55,655 INFO  ExportHelperExtension.cs: 1136 - Found 29 in 92510A444_Aluminum Unthreaded Spacer-4
2026-06-23 09:54:55,656 INFO  ExportHelperExtension.cs: 1145 - Found 0 features of type [CoordSys] in 92510A444_Aluminum Unthreaded Spacer-4
2026-06-23 09:54:55,656 INFO  ExportHelperExtension.cs: 1125 - Retrieving features of type [CoordSys] from d24v150fx-step-down-voltage-regulator-1
2026-06-23 09:54:55,659 INFO  ExportHelperExtension.cs: 1136 - Found 34 in d24v150fx-step-down-voltage-regulator-1
2026-06-23 09:54:55,660 INFO  ExportHelperExtension.cs: 1145 - Found 0 features of type [CoordSys] in d24v150fx-step-down-voltage-regulator-1
2026-06-23 09:54:55,660 INFO  ExportHelperExtension.cs: 1125 - Retrieving features of type [CoordSys] from 92510A444_Aluminum Unthreaded Spacer-1
2026-06-23 09:54:55,690 INFO  ExportHelperExtension.cs: 1136 - Found 29 in 92510A444_Aluminum Unthreaded Spacer-1
2026-06-23 09:54:55,690 INFO  ExportHelperExtension.cs: 1145 - Found 0 features of type [CoordSys] in 92510A444_Aluminum Unthreaded Spacer-1
2026-06-23 09:54:55,691 INFO  ExportHelperExtension.cs: 1125 - Retrieving features of type [CoordSys] from Lidar_control_box-1
2026-06-23 09:54:55,691 INFO  ExportHelperExtension.cs: 1136 - Found 31 in Lidar_control_box-1
2026-06-23 09:54:55,691 INFO  ExportHelperExtension.cs: 1145 - Found 0 features of type [CoordSys] in Lidar_control_box-1
2026-06-23 09:54:55,692 INFO  ExportHelperExtension.cs: 1125 - Retrieving features of type [CoordSys] from eth_to_usb_adpt-1
2026-06-23 09:54:55,692 INFO  ExportHelperExtension.cs: 1136 - Found 23 in eth_to_usb_adpt-1
2026-06-23 09:54:55,692 INFO  ExportHelperExtension.cs: 1145 - Found 0 features of type [CoordSys] in eth_to_usb_adpt-1
2026-06-23 09:54:55,693 INFO  ExportHelperExtension.cs: 1125 - Retrieving features of type [CoordSys] from 92510A444_Aluminum Unthreaded Spacer-2
2026-06-23 09:54:55,693 INFO  ExportHelperExtension.cs: 1136 - Found 29 in 92510A444_Aluminum Unthreaded Spacer-2
2026-06-23 09:54:55,693 INFO  ExportHelperExtension.cs: 1145 - Found 0 features of type [CoordSys] in 92510A444_Aluminum Unthreaded Spacer-2
2026-06-23 09:54:55,693 INFO  ExportHelperExtension.cs: 1125 - Retrieving features of type [CoordSys] from Pi_Camera_module_3-2
2026-06-23 09:54:55,694 INFO  ExportHelperExtension.cs: 1136 - Found 563 in Pi_Camera_module_3-2
2026-06-23 09:54:55,695 INFO  ExportHelperExtension.cs: 1145 - Found 0 features of type [CoordSys] in Pi_Camera_module_3-2
2026-06-23 09:54:55,695 INFO  ExportHelperExtension.cs: 1125 - Retrieving features of type [RefAxis] from Lidar_PKG
2026-06-23 09:54:55,696 INFO  ExportHelperExtension.cs: 1136 - Found 74 in Lidar_PKG
2026-06-23 09:54:55,696 INFO  ExportHelperExtension.cs: 1145 - Found 0 features of type [RefAxis] in Lidar_PKG
2026-06-23 09:54:55,696 INFO  ExportHelperExtension.cs: 1148 - Proceeding through assembly components
2026-06-23 09:54:55,696 INFO  ExportHelperExtension.cs: 1160 - 14 components to check
2026-06-23 09:54:55,697 INFO  ExportHelperExtension.cs: 1125 - Retrieving features of type [RefAxis] from Pi_Camera_module_3-1
2026-06-23 09:54:55,697 INFO  ExportHelperExtension.cs: 1136 - Found 563 in Pi_Camera_module_3-1
2026-06-23 09:54:55,698 INFO  ExportHelperExtension.cs: 1145 - Found 0 features of type [RefAxis] in Pi_Camera_module_3-1
2026-06-23 09:54:55,698 INFO  ExportHelperExtension.cs: 1125 - Retrieving features of type [RefAxis] from RASPBERRY_PI_5_1-1
2026-06-23 09:54:55,698 INFO  ExportHelperExtension.cs: 1136 - Found 23 in RASPBERRY_PI_5_1-1
2026-06-23 09:54:55,699 INFO  ExportHelperExtension.cs: 1145 - Found 0 features of type [RefAxis] in RASPBERRY_PI_5_1-1
2026-06-23 09:54:55,699 INFO  ExportHelperExtension.cs: 1125 - Retrieving features of type [RefAxis] from Lidar_pkg_box-1
2026-06-23 09:54:55,699 INFO  ExportHelperExtension.cs: 1136 - Found 31 in Lidar_pkg_box-1
2026-06-23 09:54:55,699 INFO  ExportHelperExtension.cs: 1145 - Found 0 features of type [RefAxis] in Lidar_pkg_box-1
2026-06-23 09:54:55,700 INFO  ExportHelperExtension.cs: 1125 - Retrieving features of type [RefAxis] from Ouster OS-1-2
2026-06-23 09:54:55,700 INFO  ExportHelperExtension.cs: 1136 - Found 83 in Ouster OS-1-2
2026-06-23 09:54:55,700 INFO  ExportHelperExtension.cs: 1145 - Found 0 features of type [RefAxis] in Ouster OS-1-2
2026-06-23 09:54:55,701 INFO  ExportHelperExtension.cs: 1125 - Retrieving features of type [RefAxis] from Lidar_cap-1
2026-06-23 09:54:55,701 INFO  ExportHelperExtension.cs: 1136 - Found 26 in Lidar_cap-1
2026-06-23 09:54:55,701 INFO  ExportHelperExtension.cs: 1145 - Found 0 features of type [RefAxis] in Lidar_cap-1
2026-06-23 09:54:55,701 INFO  ExportHelperExtension.cs: 1125 - Retrieving features of type [RefAxis] from 92510A444_Aluminum Unthreaded Spacer-3
2026-06-23 09:54:55,701 INFO  ExportHelperExtension.cs: 1136 - Found 29 in 92510A444_Aluminum Unthreaded Spacer-3
2026-06-23 09:54:55,702 INFO  ExportHelperExtension.cs: 1145 - Found 0 features of type [RefAxis] in 92510A444_Aluminum Unthreaded Spacer-3
2026-06-23 09:54:55,702 INFO  ExportHelperExtension.cs: 1125 - Retrieving features of type [RefAxis] from 92510A444_Aluminum Unthreaded Spacer-4
2026-06-23 09:54:55,702 INFO  ExportHelperExtension.cs: 1136 - Found 29 in 92510A444_Aluminum Unthreaded Spacer-4
2026-06-23 09:54:55,702 INFO  ExportHelperExtension.cs: 1145 - Found 0 features of type [RefAxis] in 92510A444_Aluminum Unthreaded Spacer-4
2026-06-23 09:54:55,703 INFO  ExportHelperExtension.cs: 1125 - Retrieving features of type [RefAxis] from d24v150fx-step-down-voltage-regulator-1
2026-06-23 09:54:55,703 INFO  ExportHelperExtension.cs: 1136 - Found 34 in d24v150fx-step-down-voltage-regulator-1
2026-06-23 09:54:55,703 INFO  ExportHelperExtension.cs: 1145 - Found 0 features of type [RefAxis] in d24v150fx-step-down-voltage-regulator-1
2026-06-23 09:54:55,703 INFO  ExportHelperExtension.cs: 1125 - Retrieving features of type [RefAxis] from 92510A444_Aluminum Unthreaded Spacer-1
2026-06-23 09:54:55,703 INFO  ExportHelperExtension.cs: 1136 - Found 29 in 92510A444_Aluminum Unthreaded Spacer-1
2026-06-23 09:54:55,704 INFO  ExportHelperExtension.cs: 1145 - Found 0 features of type [RefAxis] in 92510A444_Aluminum Unthreaded Spacer-1
2026-06-23 09:54:55,704 INFO  ExportHelperExtension.cs: 1125 - Retrieving features of type [RefAxis] from Lidar_control_box-1
2026-06-23 09:54:55,704 INFO  ExportHelperExtension.cs: 1136 - Found 31 in Lidar_control_box-1
2026-06-23 09:54:55,704 INFO  ExportHelperExtension.cs: 1145 - Found 0 features of type [RefAxis] in Lidar_control_box-1
2026-06-23 09:54:55,705 INFO  ExportHelperExtension.cs: 1125 - Retrieving features of type [RefAxis] from eth_to_usb_adpt-1
2026-06-23 09:54:55,705 INFO  ExportHelperExtension.cs: 1136 - Found 23 in eth_to_usb_adpt-1
2026-06-23 09:54:55,705 INFO  ExportHelperExtension.cs: 1145 - Found 0 features of type [RefAxis] in eth_to_usb_adpt-1
2026-06-23 09:54:55,705 INFO  ExportHelperExtension.cs: 1125 - Retrieving features of type [RefAxis] from 92510A444_Aluminum Unthreaded Spacer-2
2026-06-23 09:54:55,705 INFO  ExportHelperExtension.cs: 1136 - Found 29 in 92510A444_Aluminum Unthreaded Spacer-2
2026-06-23 09:54:55,706 INFO  ExportHelperExtension.cs: 1145 - Found 0 features of type [RefAxis] in 92510A444_Aluminum Unthreaded Spacer-2
2026-06-23 09:54:55,706 INFO  ExportHelperExtension.cs: 1125 - Retrieving features of type [RefAxis] from Pi_Camera_module_3-2
2026-06-23 09:54:55,706 INFO  ExportHelperExtension.cs: 1136 - Found 563 in Pi_Camera_module_3-2
2026-06-23 09:54:55,707 INFO  ExportHelperExtension.cs: 1145 - Found 0 features of type [RefAxis] in Pi_Camera_module_3-2
2026-06-23 09:54:55,744 INFO  ExportPropertyManager.cs: 1142 - AfterClose called. This method no longer throws an Exception. It just silently does nothing. Ok, except for this logging message
2026-06-23 09:55:31,395 INFO  AssemblyExportForm.cs: 253 - Completing URDF export
2026-06-23 09:55:31,399 INFO  ConfigurationSerialization.cs: 276 - URDF Configuration found
<Link z:Id="i1" xmlns="http://schemas.datacontract.org/2004/07/SW2URDF" xmlns:i="http://www.w3.org/2001/XMLSchema-instance" xmlns:z="http://schemas.microsoft.com/2003/10/Serialization/"><Attributes><Attribute z:Id="i2"><AttributeType>name</AttributeType><IsRequired>true</IsRequired><Value i:type="a:string" xmlns:a="http://www.w3.org/2001/XMLSchema">base_link</Value></Attribute></Attributes><ChildElements><URDFElement z:Id="i3" i:type="Inertial"><Attributes/><ChildElements><URDFElement z:Id="i4" i:type="Origin"><Attributes><Attribute z:Id="i5"><AttributeType>xyz</AttributeType><IsRequired>true</IsRequired><Value i:type="a:ArrayOfdouble" xmlns:a="http://schemas.microsoft.com/2003/10/Serialization/Arrays"><a:double>0</a:double><a:double>0</a:double><a:double>0</a:double></Value></Attribute><Attribute z:Id="i6"><AttributeType>rpy</AttributeType><IsRequired>true</IsRequired><Value i:type="a:ArrayOfdouble" xmlns:a="http://schemas.microsoft.com/2003/10/Serialization/Arrays"><a:double>0</a:double><a:double>0</a:double><a:double>0</a:double></Value></Attribute></Attributes><ChildElements/><ElementName>origin</ElementName><required>false</required><RPYAttribute z:Ref="i6"/><XYZAttribute z:Ref="i5"/><isCustomized>false</isCustomized></URDFElement><URDFElement z:Id="i7" i:type="Mass"><Attributes><Attribute z:Id="i8"><AttributeType>value</AttributeType><IsRequired>true</IsRequired><Value i:type="a:double" xmlns:a="http://www.w3.org/2001/XMLSchema">0</Value></Attribute></Attributes><ChildElements/><ElementName>mass</ElementName><required>false</required><ValueAttribute z:Ref="i8"/></URDFElement><URDFElement z:Id="i9" i:type="Inertia"><Attributes><Attribute z:Id="i10"><AttributeType>ixx</AttributeType><IsRequired>true</IsRequired><Value i:type="a:double" xmlns:a="http://www.w3.org/2001/XMLSchema">0</Value></Attribute><Attribute z:Id="i11"><AttributeType>ixy</AttributeType><IsRequired>true</IsRequired><Value i:type="a:double" xmlns:a="http://www.w3.org/2001/XMLSchema">0</Value></Attribute><Attribute z:Id="i12"><AttributeType>ixz</AttributeType><IsRequired>true</IsRequired><Value i:type="a:double" xmlns:a="http://www.w3.org/2001/XMLSchema">0</Value></Attribute><Attribute z:Id="i13"><AttributeType>iyy</AttributeType><IsRequired>true</IsRequired><Value i:type="a:double" xmlns:a="http://www.w3.org/2001/XMLSchema">0</Value></Attribute><Attribute z:Id="i14"><AttributeType>iyz</AttributeType><IsRequired>true</IsRequired><Value i:type="a:double" xmlns:a="http://www.w3.org/2001/XMLSchema">0</Value></Attribute><Attribute z:Id="i15"><AttributeType>izz</AttributeType><IsRequired>true</IsRequired><Value i:type="a:double" xmlns:a="http://www.w3.org/2001/XMLSchema">0</Value></Attribute></Attributes><ChildElements/><ElementName>inertia</ElementName><required>false</required><IxxAttribute z:Ref="i10"/><IxyAttribute z:Ref="i11"/><IxzAttribute z:Ref="i12"/><IyyAttribute z:Ref="i13"/><IyzAttribute z:Ref="i14"/><IzzAttribute z:Ref="i15"/></URDFElement></ChildElements><ElementName>inertial</ElementName><required>false</required><Inertia z:Ref="i9"/><Mass z:Ref="i7"/><Origin z:Ref="i4"/></URDFElement><URDFElement z:Id="i16" i:type="Visual"><Attributes/><ChildElements><URDFElement z:Id="i17" i:type="Origin"><Attributes><Attribute z:Id="i18"><AttributeType>xyz</AttributeType><IsRequired>true</IsRequired><Value i:type="a:ArrayOfdouble" xmlns:a="http://schemas.microsoft.com/2003/10/Serialization/Arrays"><a:double>0</a:double><a:double>0</a:double><a:double>0</a:double></Value></Attribute><Attribute z:Id="i19"><AttributeType>rpy</AttributeType><IsRequired>true</IsRequired><Value i:type="a:ArrayOfdouble" xmlns:a="http://schemas.microsoft.com/2003/10/Serialization/Arrays"><a:double>0</a:double><a:double>0</a:double><a:double>0</a:double></Value></Attribute></Attributes><ChildElements/><ElementName>origin</ElementName><required>false</required><RPYAttribute z:Ref="i19"/><XYZAttribute z:Ref="i18"/><isCustomized>false</isCustomized></URDFElement><URDFElement z:Id="i20" i:type="Geometry"><Attributes/><ChildElements><URDFElement z:Id="i21" i:type="Mesh"><Attributes><Attribute z:Id="i22"><AttributeType>filename</AttributeType><IsRequired>true</IsRequired><Value i:nil="true"/></Attribute></Attributes><ChildElements/><ElementName>mesh</ElementName><required>false</required><FilenameAttribute z:Ref="i22"/></URDFElement></ChildElements><ElementName>geometry</ElementName><required>true</required><Mesh z:Ref="i21"/></URDFElement><URDFElement z:Id="i23" i:type="Material"><Attributes><Attribute z:Id="i24"><AttributeType>name</AttributeType><IsRequired>true</IsRequired><Value i:type="a:string" xmlns:a="http://www.w3.org/2001/XMLSchema"/></Attribute></Attributes><ChildElements><URDFElement z:Id="i25" i:type="Color"><Attributes><Attribute z:Id="i26"><AttributeType>rgba</AttributeType><IsRequired>true</IsRequired><Value i:type="a:ArrayOfdouble" xmlns:a="http://schemas.microsoft.com/2003/10/Serialization/Arrays"><a:double>1</a:double><a:double>1</a:double><a:double>1</a:double><a:double>1</a:double></Value></Attribute></Attributes><ChildElements/><ElementName>color</ElementName><required>false</required><RGBAAttribute z:Ref="i26"/></URDFElement><URDFElement z:Id="i27" i:type="Texture"><Attributes><Attribute z:Id="i28"><AttributeType>filename</AttributeType><IsRequired>true</IsRequired><Value i:nil="true"/></Attribute></Attributes><ChildElements/><ElementName>texture</ElementName><required>false</required><FilenameAttribute z:Ref="i28"/><wFilename/></URDFElement></ChildElements><ElementName>material</ElementName><required>false</required><Color z:Ref="i25"/><NameAttribute z:Ref="i24"/><Texture z:Ref="i27"/></URDFElement></ChildElements><ElementName>visual</ElementName><required>false</required><Geometry z:Ref="i20"/><Material z:Ref="i23"/><Origin z:Ref="i17"/></URDFElement><URDFElement z:Id="i29" i:type="Collision"><Attributes/><ChildElements><URDFElement z:Id="i30" i:type="Origin"><Attributes><Attribute z:Id="i31"><AttributeType>xyz</AttributeType><IsRequired>true</IsRequired><Value i:type="a:ArrayOfdouble" xmlns:a="http://schemas.microsoft.com/2003/10/Serialization/Arrays"><a:double>0</a:double><a:double>0</a:double><a:double>0</a:double></Value></Attribute><Attribute z:Id="i32"><AttributeType>rpy</AttributeType><IsRequired>true</IsRequired><Value i:type="a:ArrayOfdouble" xmlns:a="http://schemas.microsoft.com/2003/10/Serialization/Arrays"><a:double>0</a:double><a:double>0</a:double><a:double>0</a:double></Value></Attribute></Attributes><ChildElements/><ElementName>origin</ElementName><required>false</required><RPYAttribute z:Ref="i32"/><XYZAttribute z:Ref="i31"/><isCustomized>false</isCustomized></URDFElement><URDFElement z:Id="i33" i:type="Geometry"><Attributes/><ChildElements><URDFElement z:Id="i34" i:type="Mesh"><Attributes><Attribute z:Id="i35"><AttributeType>filename</AttributeType><IsRequired>true</IsRequired><Value i:nil="true"/></Attribute></Attributes><ChildElements/><ElementName>mesh</ElementName><required>false</required><FilenameAttribute z:Ref="i35"/></URDFElement></ChildElements><ElementName>geometry</ElementName><required>true</required><Mesh z:Ref="i34"/></URDFElement></ChildElements><ElementName>collision</ElementName><required>false</required><Geometry z:Ref="i33"/><Origin z:Ref="i30"/></URDFElement><URDFElement z:Id="i36" i:type="Joint"><Attributes><Attribute z:Id="i37"><AttributeType>name</AttributeType><IsRequired>true</IsRequired><Value i:type="a:string" xmlns:a="http://www.w3.org/2001/XMLSchema"/></Attribute><Attribute z:Id="i38"><AttributeType>type</AttributeType><IsRequired>true</IsRequired><Value i:type="a:string" xmlns:a="http://www.w3.org/2001/XMLSchema"/></Attribute></Attributes><ChildElements><URDFElement z:Id="i39" i:type="Origin"><Attributes><Attribute z:Id="i40"><AttributeType>xyz</AttributeType><IsRequired>true</IsRequired><Value i:type="a:ArrayOfdouble" xmlns:a="http://schemas.microsoft.com/2003/10/Serialization/Arrays"><a:double>0</a:double><a:double>0</a:double><a:double>0</a:double></Value></Attribute><Attribute z:Id="i41"><AttributeType>rpy</AttributeType><IsRequired>true</IsRequired><Value i:type="a:ArrayOfdouble" xmlns:a="http://schemas.microsoft.com/2003/10/Serialization/Arrays"><a:double>0</a:double><a:double>0</a:double><a:double>0</a:double></Value></Attribute></Attributes><ChildElements/><ElementName>origin</ElementName><required>false</required><RPYAttribute z:Ref="i41"/><XYZAttribute z:Ref="i40"/><isCustomized>false</isCustomized></URDFElement><URDFElement z:Id="i42" i:type="ParentLink"><Attributes><Attribute z:Id="i43"><AttributeType>link</AttributeType><IsRequired>true</IsRequired><Value i:type="a:string" xmlns:a="http://www.w3.org/2001/XMLSchema"/></Attribute></Attributes><ChildElements/><ElementName>parent</ElementName><required>true</required><NameAttribute z:Ref="i43"/></URDFElement><URDFElement z:Id="i44" i:type="ChildLink"><Attributes><Attribute z:Id="i45"><AttributeType>link</AttributeType><IsRequired>true</IsRequired><Value i:type="a:string" xmlns:a="http://www.w3.org/2001/XMLSchema"/></Attribute></Attributes><ChildElements/><ElementName>child</ElementName><required>true</required><NameAttribute z:Ref="i45"/></URDFElement><URDFElement z:Id="i46" i:type="Axis"><Attributes><Attribute z:Id="i47"><AttributeType>xyz</AttributeType><IsRequired>true</IsRequired><Value i:type="a:ArrayOfdouble" xmlns:a="http://schemas.microsoft.com/2003/10/Serialization/Arrays"><a:double>0</a:double><a:double>0</a:double><a:double>0</a:double></Value></Attribute></Attributes><ChildElements/><ElementName>axis</ElementName><required>false</required><XYZAttribute z:Ref="i47"/></URDFElement><URDFElement z:Id="i48" i:type="Limit"><Attributes><Attribute z:Id="i49"><AttributeType>lower</AttributeType><IsRequired>false</IsRequired><Value i:nil="true"/></Attribute><Attribute z:Id="i50"><AttributeType>upper</AttributeType><IsRequired>false</IsRequired><Value i:nil="true"/></Attribute><Attribute z:Id="i51"><AttributeType>effort</AttributeType><IsRequired>true</IsRequired><Value i:nil="true"/></Attribute><Attribute z:Id="i52"><AttributeType>velocity</AttributeType><IsRequired>true</IsRequired><Value i:nil="true"/></Attribute></Attributes><ChildElements/><ElementName>limit</ElementName><required>false</required><EffortAttribute z:Ref="i51"/><LowerAttribute z:Ref="i49"/><UpperAttribute z:Ref="i50"/><VelocityAttribute z:Ref="i52"/></URDFElement><URDFElement z:Id="i53" i:type="Calibration"><Attributes><Attribute z:Id="i54"><AttributeType>rising</AttributeType><IsRequired>false</IsRequired><Value i:nil="true"/></Attribute><Attribute z:Id="i55"><AttributeType>falling</AttributeType><IsRequired>false</IsRequired><Value i:nil="true"/></Attribute></Attributes><ChildElements/><ElementName>calibration</ElementName><required>false</required><FallingAttribute z:Ref="i55"/><RisingAttribute z:Ref="i54"/></URDFElement><URDFElement z:Id="i56" i:type="Dynamics"><Attributes><Attribute z:Id="i57"><AttributeType>damping</AttributeType><IsRequired>false</IsRequired><Value i:nil="true"/></Attribute><Attribute z:Id="i58"><AttributeType>friction</AttributeType><IsRequired>false</IsRequired><Value i:nil="true"/></Attribute></Attributes><ChildElements/><ElementName>dynamics</ElementName><required>false</required><DampingAttribute z:Ref="i57"/><FrictionAttribute z:Ref="i58"/></URDFElement><URDFElement z:Id="i59" i:type="SafetyController"><Attributes><Attribute z:Id="i60"><AttributeType>soft_upper_limit</AttributeType><IsRequired>false</IsRequired><Value i:nil="true"/></Attribute><Attribute z:Id="i61"><AttributeType>soft_lower_limit</AttributeType><IsRequired>false</IsRequired><Value i:nil="true"/></Attribute><Attribute z:Id="i62"><AttributeType>k_position</AttributeType><IsRequired>false</IsRequired><Value i:nil="true"/></Attribute><Attribute z:Id="i63"><AttributeType>k_velocity</AttributeType><IsRequired>true</IsRequired><Value i:nil="true"/></Attribute></Attributes><ChildElements/><ElementName>safety_controller</ElementName><required>false</required><KPositionAttribute z:Ref="i62"/><KVelocityAttribute z:Ref="i63"/><SoftLowerAttribute z:Ref="i61"/><SoftUpperAttribute z:Ref="i60"/></URDFElement><URDFElement z:Id="i64" i:type="Mimic"><Attributes><Attribute z:Id="i65"><AttributeType>joint</AttributeType><IsRequired>true</IsRequired><Value i:nil="true"/></Attribute><Attribute z:Id="i66"><AttributeType>multiplier</AttributeType><IsRequired>false</IsRequired><Value i:nil="true"/></Attribute><Attribute z:Id="i67"><AttributeType>offset</AttributeType><IsRequired>false</IsRequired><Value i:nil="true"/></Attribute></Attributes><ChildElements/><ElementName>mimic</ElementName><required>false</required><JointNameAttribute z:Ref="i65"/><MultiplierAttribute z:Ref="i66"/><OffsetAttribute z:Ref="i67"/></URDFElement></ChildElements><ElementName>joint</ElementName><required>false</required><Axis z:Ref="i46"/><AxisName/><Calibration z:Ref="i53"/><Child z:Ref="i44"/><CoordinateSystemName>Automatically Generate</CoordinateSystemName><Dynamics z:Ref="i56"/><Limit z:Ref="i48"/><Mimic z:Ref="i64"/><NameAttribute z:Ref="i37"/><Origin z:Ref="i39"/><Parent z:Ref="i42"/><Safety z:Ref="i59"/><TypeAttribute z:Ref="i38"/></URDFElement></ChildElements><ElementName>link</ElementName><required>true</required><Children/><Collision z:Ref="i29"/><Inertial z:Ref="i3"/><Joint z:Ref="i36"/><NameAttribute z:Ref="i2"/><Parent i:nil="true"/><STLQualityFine>false</STLQualityFine><SWComponentPIDs xmlns:a="http://schemas.microsoft.com/2003/10/Serialization/Arrays"><a:base64Binary>OEoAAAUAAAD//v8ZTABpAGQAYQByAF8AcABrAGcAXwBiAG8AeAAtADEAQABMAGkAZABhAHIAXwBQAEsARwAEAAAAEAAAAAEAAAABAAAAGgAAAA==</a:base64Binary></SWComponentPIDs><SWMainComponentPID i:nil="true"/><Visual z:Ref="i16"/><isFixedFrame>false</isFixedFrame><isIncomplete>false</isIncomplete></Link>
2026-06-23 09:55:40,183 INFO  AssemblyExportForm.cs: 309 - Saving URDF package to C:\Users\juanh\OneDrive\Documents\CAD Projects\Lidar pkg\Lidar_PKG
2026-06-23 09:55:40,184 INFO  ExportHelper.cs: 147 - Beginning the export process
2026-06-23 09:55:40,186 INFO  ExportHelper.cs: 153 - Creating package directories with name Lidar_PKG and save path C:\Users\juanh\OneDrive\Documents\CAD Projects\Lidar pkg
2026-06-23 09:56:21,089 INFO  ExportHelper.cs: 162 - Creating CMakeLists.txt at C:\Users\juanh\OneDrive\Documents\CAD Projects\Lidar pkg\Lidar_PKG\CMakeLists.txt
2026-06-23 09:56:21,091 INFO  ExportHelper.cs: 166 - Creating joint names config at C:\Users\juanh\OneDrive\Documents\CAD Projects\Lidar pkg\Lidar_PKG\config\joint_names_Lidar_PKG.yaml
2026-06-23 09:56:21,092 INFO  ExportHelper.cs: 170 - Creating package.xml at C:\Users\juanh\OneDrive\Documents\CAD Projects\Lidar pkg\Lidar_PKG\package.xml
2026-06-23 09:56:21,092 INFO  PackageXMLWriter.cs: 21 - Creating package.xml at C:\Users\juanh\OneDrive\Documents\CAD Projects\Lidar pkg\Lidar_PKG\package.xml
2026-06-23 09:56:21,095 INFO  ExportHelper.cs: 177 - Creating RVIZ launch file in C:\Users\juanh\OneDrive\Documents\CAD Projects\Lidar pkg\Lidar_PKG\launch\
2026-06-23 09:56:21,100 INFO  ExportHelper.cs: 182 - Creating Gazebo launch file in C:\Users\juanh\OneDrive\Documents\CAD Projects\Lidar pkg\Lidar_PKG\launch\
2026-06-23 09:56:21,101 INFO  ExportHelper.cs: 187 - Saving existing STL preferences
2026-06-23 09:56:21,102 INFO  ExportHelper.cs: 450 - Saving users preferences
2026-06-23 09:56:21,102 INFO  ExportHelper.cs: 190 - Modifying STL preferences
2026-06-23 09:56:21,103 INFO  ExportHelper.cs: 464 - Setting STL preferences
2026-06-23 09:56:21,122 INFO  ExportHelper.cs: 196 - Found 0 hidden components 
2026-06-23 09:56:21,122 INFO  ExportHelper.cs: 197 - Hiding all components
2026-06-23 09:56:21,860 INFO  ExportHelper.cs: 204 - Beginning individual files export
2026-06-23 09:56:21,862 INFO  ExportHelper.cs: 270 - Exporting link: base_link
2026-06-23 09:56:21,862 INFO  ExportHelper.cs: 272 - Link base_link has 0 children
2026-06-23 09:56:21,863 INFO  ExportHelper.cs: 317 - base_link: Exporting STL with coordinate frame Origin_global
2026-06-23 09:56:21,864 INFO  ExportHelper.cs: 322 - base_link: Reference geometry name 
2026-06-23 09:56:21,911 INFO  ExportHelper.cs: 330 - Saving STL to C:\Users\juanh\OneDrive\Documents\CAD Projects\Lidar pkg\Lidar_PKG\meshes\base_link.STL
2026-06-23 09:56:22,256 INFO  ExportHelper.cs: 405 - Removing SW header in STL file
2026-06-23 09:56:22,257 INFO  ExportHelper.cs: 145 - Showing all components except previously hidden components
2026-06-23 09:56:23,511 INFO  ExportHelper.cs: 145 - Resetting STL preferences
2026-06-23 09:56:23,511 INFO  ExportHelper.cs: 478 - Returning STL preferences to user preferences
2026-06-23 09:56:23,512 INFO  ExportHelper.cs: 228 - Writing URDF file to C:\Users\juanh\OneDrive\Documents\CAD Projects\Lidar pkg\Lidar_PKG\urdf\Lidar_PKG.urdf
2026-06-23 09:56:23,530 INFO  CSVImportExport.cs: 32 - Writing CSV file C:\Users\juanh\OneDrive\Documents\CAD Projects\Lidar pkg\Lidar_PKG\urdf\Lidar_PKG.csv
2026-06-23 09:56:23,543 ERROR CSVImportExport.cs: 130 - The following columns were not written to the CSV: Link.Joint.ChildLink.link,
2026-06-23 09:56:23,543 INFO  ExportHelper.cs: 234 - Copying log file
2026-06-23 09:56:23,546 INFO  ExportHelper.cs: 439 - Copying C:\Users\juanh\sw2urdf_logs\sw2urdf.log to C:\Users\juanh\OneDrive\Documents\CAD Projects\Lidar pkg\Lidar_PKG\export.log
2026-06-23 09:56:23,547 INFO  ExportHelper.cs: 237 - Resetting STL preferences
2026-06-23 09:56:23,547 INFO  ExportHelper.cs: 478 - Returning STL preferences to user preferences
2026-06-23 10:30:56,050 INFO  SwAddin.cs: 294 - Assembly export called for file Lidar_PKG
2026-06-23 10:30:56,051 INFO  SwAddin.cs: 299 - Save is required
2026-06-23 10:30:56,051 INFO  SwAddin.cs: 313 - Saving assembly
2026-06-23 10:30:58,052 INFO  SwAddin.cs: 316 - Opening property manager
2026-06-23 10:30:58,053 INFO  ExportHelperExtension.cs: 1125 - Retrieving features of type [CoordSys] from Lidar_PKG
2026-06-23 10:30:58,054 INFO  ExportHelperExtension.cs: 1136 - Found 74 in Lidar_PKG
2026-06-23 10:30:58,054 INFO  ExportHelperExtension.cs: 1145 - Found 1 features of type [CoordSys] in Lidar_PKG
2026-06-23 10:30:58,054 INFO  ExportHelperExtension.cs: 1148 - Proceeding through assembly components
2026-06-23 10:30:58,054 INFO  ExportHelperExtension.cs: 1160 - 14 components to check
2026-06-23 10:30:58,055 INFO  ExportHelperExtension.cs: 1125 - Retrieving features of type [CoordSys] from Pi_Camera_module_3-1
2026-06-23 10:30:58,055 INFO  ExportHelperExtension.cs: 1136 - Found 563 in Pi_Camera_module_3-1
2026-06-23 10:30:58,057 INFO  ExportHelperExtension.cs: 1145 - Found 0 features of type [CoordSys] in Pi_Camera_module_3-1
2026-06-23 10:30:58,057 INFO  ExportHelperExtension.cs: 1125 - Retrieving features of type [CoordSys] from RASPBERRY_PI_5_1-1
2026-06-23 10:30:58,057 INFO  ExportHelperExtension.cs: 1136 - Found 23 in RASPBERRY_PI_5_1-1
2026-06-23 10:30:58,057 INFO  ExportHelperExtension.cs: 1145 - Found 0 features of type [CoordSys] in RASPBERRY_PI_5_1-1
2026-06-23 10:30:58,058 INFO  ExportHelperExtension.cs: 1125 - Retrieving features of type [CoordSys] from Lidar_pkg_box-1
2026-06-23 10:30:58,058 INFO  ExportHelperExtension.cs: 1136 - Found 31 in Lidar_pkg_box-1
2026-06-23 10:30:58,058 INFO  ExportHelperExtension.cs: 1145 - Found 0 features of type [CoordSys] in Lidar_pkg_box-1
2026-06-23 10:30:58,058 INFO  ExportHelperExtension.cs: 1125 - Retrieving features of type [CoordSys] from Ouster OS-1-2
2026-06-23 10:30:58,058 INFO  ExportHelperExtension.cs: 1136 - Found 83 in Ouster OS-1-2
2026-06-23 10:30:58,059 INFO  ExportHelperExtension.cs: 1145 - Found 0 features of type [CoordSys] in Ouster OS-1-2
2026-06-23 10:30:58,059 INFO  ExportHelperExtension.cs: 1125 - Retrieving features of type [CoordSys] from Lidar_cap-1
2026-06-23 10:30:58,059 INFO  ExportHelperExtension.cs: 1136 - Found 26 in Lidar_cap-1
2026-06-23 10:30:58,059 INFO  ExportHelperExtension.cs: 1145 - Found 0 features of type [CoordSys] in Lidar_cap-1
2026-06-23 10:30:58,060 INFO  ExportHelperExtension.cs: 1125 - Retrieving features of type [CoordSys] from 92510A444_Aluminum Unthreaded Spacer-3
2026-06-23 10:30:58,060 INFO  ExportHelperExtension.cs: 1136 - Found 29 in 92510A444_Aluminum Unthreaded Spacer-3
2026-06-23 10:30:58,060 INFO  ExportHelperExtension.cs: 1145 - Found 0 features of type [CoordSys] in 92510A444_Aluminum Unthreaded Spacer-3
2026-06-23 10:30:58,060 INFO  ExportHelperExtension.cs: 1125 - Retrieving features of type [CoordSys] from 92510A444_Aluminum Unthreaded Spacer-4
2026-06-23 10:30:58,060 INFO  ExportHelperExtension.cs: 1136 - Found 29 in 92510A444_Aluminum Unthreaded Spacer-4
2026-06-23 10:30:58,061 INFO  ExportHelperExtension.cs: 1145 - Found 0 features of type [CoordSys] in 92510A444_Aluminum Unthreaded Spacer-4
2026-06-23 10:30:58,061 INFO  ExportHelperExtension.cs: 1125 - Retrieving features of type [CoordSys] from d24v150fx-step-down-voltage-regulator-1
2026-06-23 10:30:58,061 INFO  ExportHelperExtension.cs: 1136 - Found 34 in d24v150fx-step-down-voltage-regulator-1
2026-06-23 10:30:58,061 INFO  ExportHelperExtension.cs: 1145 - Found 0 features of type [CoordSys] in d24v150fx-step-down-voltage-regulator-1
2026-06-23 10:30:58,061 INFO  ExportHelperExtension.cs: 1125 - Retrieving features of type [CoordSys] from 92510A444_Aluminum Unthreaded Spacer-1
2026-06-23 10:30:58,062 INFO  ExportHelperExtension.cs: 1136 - Found 29 in 92510A444_Aluminum Unthreaded Spacer-1
2026-06-23 10:30:58,062 INFO  ExportHelperExtension.cs: 1145 - Found 0 features of type [CoordSys] in 92510A444_Aluminum Unthreaded Spacer-1
2026-06-23 10:30:58,062 INFO  ExportHelperExtension.cs: 1125 - Retrieving features of type [CoordSys] from Lidar_control_box-1
2026-06-23 10:30:58,062 INFO  ExportHelperExtension.cs: 1136 - Found 31 in Lidar_control_box-1
2026-06-23 10:30:58,063 INFO  ExportHelperExtension.cs: 1145 - Found 0 features of type [CoordSys] in Lidar_control_box-1
2026-06-23 10:30:58,063 INFO  ExportHelperExtension.cs: 1125 - Retrieving features of type [CoordSys] from eth_to_usb_adpt-1
2026-06-23 10:30:58,063 INFO  ExportHelperExtension.cs: 1136 - Found 23 in eth_to_usb_adpt-1
2026-06-23 10:30:58,063 INFO  ExportHelperExtension.cs: 1145 - Found 0 features of type [CoordSys] in eth_to_usb_adpt-1
2026-06-23 10:30:58,063 INFO  ExportHelperExtension.cs: 1125 - Retrieving features of type [CoordSys] from 92510A444_Aluminum Unthreaded Spacer-2
2026-06-23 10:30:58,063 INFO  ExportHelperExtension.cs: 1136 - Found 29 in 92510A444_Aluminum Unthreaded Spacer-2
2026-06-23 10:30:58,063 INFO  ExportHelperExtension.cs: 1145 - Found 0 features of type [CoordSys] in 92510A444_Aluminum Unthreaded Spacer-2
2026-06-23 10:30:58,065 INFO  ExportHelperExtension.cs: 1125 - Retrieving features of type [CoordSys] from Pi_Camera_module_3-2
2026-06-23 10:30:58,065 INFO  ExportHelperExtension.cs: 1136 - Found 563 in Pi_Camera_module_3-2
2026-06-23 10:30:58,066 INFO  ExportHelperExtension.cs: 1145 - Found 0 features of type [CoordSys] in Pi_Camera_module_3-2
2026-06-23 10:30:58,066 INFO  ExportHelperExtension.cs: 1125 - Retrieving features of type [RefAxis] from Lidar_PKG
2026-06-23 10:30:58,066 INFO  ExportHelperExtension.cs: 1136 - Found 74 in Lidar_PKG
2026-06-23 10:30:58,067 INFO  ExportHelperExtension.cs: 1145 - Found 0 features of type [RefAxis] in Lidar_PKG
2026-06-23 10:30:58,067 INFO  ExportHelperExtension.cs: 1148 - Proceeding through assembly components
2026-06-23 10:30:58,067 INFO  ExportHelperExtension.cs: 1160 - 14 components to check
2026-06-23 10:30:58,067 INFO  ExportHelperExtension.cs: 1125 - Retrieving features of type [RefAxis] from Pi_Camera_module_3-1
2026-06-23 10:30:58,068 INFO  ExportHelperExtension.cs: 1136 - Found 563 in Pi_Camera_module_3-1
2026-06-23 10:30:58,069 INFO  ExportHelperExtension.cs: 1145 - Found 0 features of type [RefAxis] in Pi_Camera_module_3-1
2026-06-23 10:30:58,069 INFO  ExportHelperExtension.cs: 1125 - Retrieving features of type [RefAxis] from RASPBERRY_PI_5_1-1
2026-06-23 10:30:58,069 INFO  ExportHelperExtension.cs: 1136 - Found 23 in RASPBERRY_PI_5_1-1
2026-06-23 10:30:58,069 INFO  ExportHelperExtension.cs: 1145 - Found 0 features of type [RefAxis] in RASPBERRY_PI_5_1-1
2026-06-23 10:30:58,069 INFO  ExportHelperExtension.cs: 1125 - Retrieving features of type [RefAxis] from Lidar_pkg_box-1
2026-06-23 10:30:58,070 INFO  ExportHelperExtension.cs: 1136 - Found 31 in Lidar_pkg_box-1
2026-06-23 10:30:58,070 INFO  ExportHelperExtension.cs: 1145 - Found 0 features of type [RefAxis] in Lidar_pkg_box-1
2026-06-23 10:30:58,070 INFO  ExportHelperExtension.cs: 1125 - Retrieving features of type [RefAxis] from Ouster OS-1-2
2026-06-23 10:30:58,070 INFO  ExportHelperExtension.cs: 1136 - Found 83 in Ouster OS-1-2
2026-06-23 10:30:58,070 INFO  ExportHelperExtension.cs: 1145 - Found 0 features of type [RefAxis] in Ouster OS-1-2
2026-06-23 10:30:58,071 INFO  ExportHelperExtension.cs: 1125 - Retrieving features of type [RefAxis] from Lidar_cap-1
2026-06-23 10:30:58,071 INFO  ExportHelperExtension.cs: 1136 - Found 26 in Lidar_cap-1
2026-06-23 10:30:58,071 INFO  ExportHelperExtension.cs: 1145 - Found 0 features of type [RefAxis] in Lidar_cap-1
2026-06-23 10:30:58,071 INFO  ExportHelperExtension.cs: 1125 - Retrieving features of type [RefAxis] from 92510A444_Aluminum Unthreaded Spacer-3
2026-06-23 10:30:58,072 INFO  ExportHelperExtension.cs: 1136 - Found 29 in 92510A444_Aluminum Unthreaded Spacer-3
2026-06-23 10:30:58,072 INFO  ExportHelperExtension.cs: 1145 - Found 0 features of type [RefAxis] in 92510A444_Aluminum Unthreaded Spacer-3
2026-06-23 10:30:58,072 INFO  ExportHelperExtension.cs: 1125 - Retrieving features of type [RefAxis] from 92510A444_Aluminum Unthreaded Spacer-4
2026-06-23 10:30:58,072 INFO  ExportHelperExtension.cs: 1136 - Found 29 in 92510A444_Aluminum Unthreaded Spacer-4
2026-06-23 10:30:58,072 INFO  ExportHelperExtension.cs: 1145 - Found 0 features of type [RefAxis] in 92510A444_Aluminum Unthreaded Spacer-4
2026-06-23 10:30:58,073 INFO  ExportHelperExtension.cs: 1125 - Retrieving features of type [RefAxis] from d24v150fx-step-down-voltage-regulator-1
2026-06-23 10:30:58,073 INFO  ExportHelperExtension.cs: 1136 - Found 34 in d24v150fx-step-down-voltage-regulator-1
2026-06-23 10:30:58,073 INFO  ExportHelperExtension.cs: 1145 - Found 0 features of type [RefAxis] in d24v150fx-step-down-voltage-regulator-1
2026-06-23 10:30:58,073 INFO  ExportHelperExtension.cs: 1125 - Retrieving features of type [RefAxis] from 92510A444_Aluminum Unthreaded Spacer-1
2026-06-23 10:30:58,073 INFO  ExportHelperExtension.cs: 1136 - Found 29 in 92510A444_Aluminum Unthreaded Spacer-1
2026-06-23 10:30:58,074 INFO  ExportHelperExtension.cs: 1145 - Found 0 features of type [RefAxis] in 92510A444_Aluminum Unthreaded Spacer-1
2026-06-23 10:30:58,074 INFO  ExportHelperExtension.cs: 1125 - Retrieving features of type [RefAxis] from Lidar_control_box-1
2026-06-23 10:30:58,074 INFO  ExportHelperExtension.cs: 1136 - Found 31 in Lidar_control_box-1
2026-06-23 10:30:58,074 INFO  ExportHelperExtension.cs: 1145 - Found 0 features of type [RefAxis] in Lidar_control_box-1
2026-06-23 10:30:58,074 INFO  ExportHelperExtension.cs: 1125 - Retrieving features of type [RefAxis] from eth_to_usb_adpt-1
2026-06-23 10:30:58,075 INFO  ExportHelperExtension.cs: 1136 - Found 23 in eth_to_usb_adpt-1
2026-06-23 10:30:58,075 INFO  ExportHelperExtension.cs: 1145 - Found 0 features of type [RefAxis] in eth_to_usb_adpt-1
2026-06-23 10:30:58,075 INFO  ExportHelperExtension.cs: 1125 - Retrieving features of type [RefAxis] from 92510A444_Aluminum Unthreaded Spacer-2
2026-06-23 10:30:58,075 INFO  ExportHelperExtension.cs: 1136 - Found 29 in 92510A444_Aluminum Unthreaded Spacer-2
2026-06-23 10:30:58,075 INFO  ExportHelperExtension.cs: 1145 - Found 0 features of type [RefAxis] in 92510A444_Aluminum Unthreaded Spacer-2
2026-06-23 10:30:58,076 INFO  ExportHelperExtension.cs: 1125 - Retrieving features of type [RefAxis] from Pi_Camera_module_3-2
2026-06-23 10:30:58,076 INFO  ExportHelperExtension.cs: 1136 - Found 563 in Pi_Camera_module_3-2
2026-06-23 10:30:58,077 INFO  ExportHelperExtension.cs: 1145 - Found 0 features of type [RefAxis] in Pi_Camera_module_3-2
2026-06-23 10:30:58,874 INFO  SwAddin.cs: 339 - Loading config tree
2026-06-23 10:30:58,874 INFO  ConfigurationSerialization.cs: 276 - URDF Configuration found
<Link z:Id="i1" xmlns="http://schemas.datacontract.org/2004/07/SW2URDF" xmlns:i="http://www.w3.org/2001/XMLSchema-instance" xmlns:z="http://schemas.microsoft.com/2003/10/Serialization/"><Attributes><Attribute z:Id="i2"><AttributeType>name</AttributeType><IsRequired>true</IsRequired><Value i:type="a:string" xmlns:a="http://www.w3.org/2001/XMLSchema">base_link</Value></Attribute></Attributes><ChildElements><URDFElement z:Id="i3" i:type="Inertial"><Attributes/><ChildElements><URDFElement z:Id="i4" i:type="Origin"><Attributes><Attribute z:Id="i5"><AttributeType>xyz</AttributeType><IsRequired>true</IsRequired><Value i:type="a:ArrayOfdouble" xmlns:a="http://schemas.microsoft.com/2003/10/Serialization/Arrays"><a:double>0.61971255914325563</a:double><a:double>0.82095780884670333</a:double><a:double>1.261931699286537</a:double></Value></Attribute><Attribute z:Id="i6"><AttributeType>rpy</AttributeType><IsRequired>true</IsRequired><Value i:type="a:ArrayOfdouble" xmlns:a="http://schemas.microsoft.com/2003/10/Serialization/Arrays"><a:double>0</a:double><a:double>0</a:double><a:double>0</a:double></Value></Attribute></Attributes><ChildElements/><ElementName>origin</ElementName><required>false</required><RPYAttribute z:Ref="i6"/><XYZAttribute z:Ref="i5"/><isCustomized>false</isCustomized></URDFElement><URDFElement z:Id="i7" i:type="Mass"><Attributes><Attribute z:Id="i8"><AttributeType>value</AttributeType><IsRequired>true</IsRequired><Value i:type="a:double" xmlns:a="http://www.w3.org/2001/XMLSchema">0.33025187834527081</Value></Attribute></Attributes><ChildElements/><ElementName>mass</ElementName><required>false</required><ValueAttribute z:Ref="i8"/></URDFElement><URDFElement z:Id="i9" i:type="Inertia"><Attributes><Attribute z:Id="i10"><AttributeType>ixx</AttributeType><IsRequired>true</IsRequired><Value i:type="a:double" xmlns:a="http://www.w3.org/2001/XMLSchema">0.0013300951240871836</Value></Attribute><Attribute z:Id="i11"><AttributeType>ixy</AttributeType><IsRequired>true</IsRequired><Value i:type="a:double" xmlns:a="http://www.w3.org/2001/XMLSchema">-1.7132980414557721E-07</Value></Attribute><Attribute z:Id="i12"><AttributeType>ixz</AttributeType><IsRequired>true</IsRequired><Value i:type="a:double" xmlns:a="http://www.w3.org/2001/XMLSchema">1.5405169307551637E-08</Value></Attribute><Attribute z:Id="i13"><AttributeType>iyy</AttributeType><IsRequired>true</IsRequired><Value i:type="a:double" xmlns:a="http://www.w3.org/2001/XMLSchema">0.0021603545753762681</Value></Attribute><Attribute z:Id="i14"><AttributeType>iyz</AttributeType><IsRequired>true</IsRequired><Value i:type="a:double" xmlns:a="http://www.w3.org/2001/XMLSchema">2.788933108687679E-08</Value></Attribute><Attribute z:Id="i15"><AttributeType>izz</AttributeType><IsRequired>true</IsRequired><Value i:type="a:double" xmlns:a="http://www.w3.org/2001/XMLSchema">0.0010347372196635855</Value></Attribute></Attributes><ChildElements/><ElementName>inertia</ElementName><required>false</required><IxxAttribute z:Ref="i10"/><IxyAttribute z:Ref="i11"/><IxzAttribute z:Ref="i12"/><IyyAttribute z:Ref="i13"/><IyzAttribute z:Ref="i14"/><IzzAttribute z:Ref="i15"/></URDFElement></ChildElements><ElementName>inertial</ElementName><required>false</required><Inertia z:Ref="i9"/><Mass z:Ref="i7"/><Origin z:Ref="i4"/></URDFElement><URDFElement z:Id="i16" i:type="Visual"><Attributes/><ChildElements><URDFElement z:Id="i17" i:type="Origin"><Attributes><Attribute z:Id="i18"><AttributeType>xyz</AttributeType><IsRequired>true</IsRequired><Value i:type="a:ArrayOfdouble" xmlns:a="http://schemas.microsoft.com/2003/10/Serialization/Arrays"><a:double>0</a:double><a:double>0</a:double><a:double>0</a:double></Value></Attribute><Attribute z:Id="i19"><AttributeType>rpy</AttributeType><IsRequired>true</IsRequired><Value i:type="a:ArrayOfdouble" xmlns:a="http://schemas.microsoft.com/2003/10/Serialization/Arrays"><a:double>0</a:double><a:double>0</a:double><a:double>0</a:double></Value></Attribute></Attributes><ChildElements/><ElementName>origin</ElementName><required>false</required><RPYAttribute z:Ref="i19"/><XYZAttribute z:Ref="i18"/><isCustomized>false</isCustomized></URDFElement><URDFElement z:Id="i20" i:type="Geometry"><Attributes/><ChildElements><URDFElement z:Id="i21" i:type="Mesh"><Attributes><Attribute z:Id="i22"><AttributeType>filename</AttributeType><IsRequired>true</IsRequired><Value i:nil="true"/></Attribute></Attributes><ChildElements/><ElementName>mesh</ElementName><required>false</required><FilenameAttribute z:Ref="i22"/></URDFElement></ChildElements><ElementName>geometry</ElementName><required>true</required><Mesh z:Ref="i21"/></URDFElement><URDFElement z:Id="i23" i:type="Material"><Attributes><Attribute z:Id="i24"><AttributeType>name</AttributeType><IsRequired>true</IsRequired><Value i:type="a:string" xmlns:a="http://www.w3.org/2001/XMLSchema"/></Attribute></Attributes><ChildElements><URDFElement z:Id="i25" i:type="Color"><Attributes><Attribute z:Id="i26"><AttributeType>rgba</AttributeType><IsRequired>true</IsRequired><Value i:type="a:ArrayOfdouble" xmlns:a="http://schemas.microsoft.com/2003/10/Serialization/Arrays"><a:double>0.89411764705882346</a:double><a:double>0.89411764705882346</a:double><a:double>0.89411764705882346</a:double><a:double>1</a:double></Value></Attribute></Attributes><ChildElements/><ElementName>color</ElementName><required>false</required><RGBAAttribute z:Ref="i26"/></URDFElement><URDFElement z:Id="i27" i:type="Texture"><Attributes><Attribute z:Id="i28"><AttributeType>filename</AttributeType><IsRequired>true</IsRequired><Value i:nil="true"/></Attribute></Attributes><ChildElements/><ElementName>texture</ElementName><required>false</required><FilenameAttribute z:Ref="i28"/><wFilename/></URDFElement></ChildElements><ElementName>material</ElementName><required>false</required><Color z:Ref="i25"/><NameAttribute z:Ref="i24"/><Texture z:Ref="i27"/></URDFElement></ChildElements><ElementName>visual</ElementName><required>false</required><Geometry z:Ref="i20"/><Material z:Ref="i23"/><Origin z:Ref="i17"/></URDFElement><URDFElement z:Id="i29" i:type="Collision"><Attributes/><ChildElements><URDFElement z:Id="i30" i:type="Origin"><Attributes><Attribute z:Id="i31"><AttributeType>xyz</AttributeType><IsRequired>true</IsRequired><Value i:type="a:ArrayOfdouble" xmlns:a="http://schemas.microsoft.com/2003/10/Serialization/Arrays"><a:double>0</a:double><a:double>0</a:double><a:double>0</a:double></Value></Attribute><Attribute z:Id="i32"><AttributeType>rpy</AttributeType><IsRequired>true</IsRequired><Value i:type="a:ArrayOfdouble" xmlns:a="http://schemas.microsoft.com/2003/10/Serialization/Arrays"><a:double>0</a:double><a:double>0</a:double><a:double>0</a:double></Value></Attribute></Attributes><ChildElements/><ElementName>origin</ElementName><required>false</required><RPYAttribute z:Ref="i32"/><XYZAttribute z:Ref="i31"/><isCustomized>false</isCustomized></URDFElement><URDFElement z:Id="i33" i:type="Geometry"><Attributes/><ChildElements><URDFElement z:Id="i34" i:type="Mesh"><Attributes><Attribute z:Id="i35"><AttributeType>filename</AttributeType><IsRequired>true</IsRequired><Value i:nil="true"/></Attribute></Attributes><ChildElements/><ElementName>mesh</ElementName><required>false</required><FilenameAttribute z:Ref="i35"/></URDFElement></ChildElements><ElementName>geometry</ElementName><required>true</required><Mesh z:Ref="i34"/></URDFElement></ChildElements><ElementName>collision</ElementName><required>false</required><Geometry z:Ref="i33"/><Origin z:Ref="i30"/></URDFElement><URDFElement z:Id="i36" i:type="Joint"><Attributes><Attribute z:Id="i37"><AttributeType>name</AttributeType><IsRequired>true</IsRequired><Value i:type="a:string" xmlns:a="http://www.w3.org/2001/XMLSchema"/></Attribute><Attribute z:Id="i38"><AttributeType>type</AttributeType><IsRequired>true</IsRequired><Value i:type="a:string" xmlns:a="http://www.w3.org/2001/XMLSchema"/></Attribute></Attributes><ChildElements><URDFElement z:Id="i39" i:type="Origin"><Attributes><Attribute z:Id="i40"><AttributeType>xyz</AttributeType><IsRequired>true</IsRequired><Value i:type="a:ArrayOfdouble" xmlns:a="http://schemas.microsoft.com/2003/10/Serialization/Arrays"><a:double>0</a:double><a:double>0</a:double><a:double>0</a:double></Value></Attribute><Attribute z:Id="i41"><AttributeType>rpy</AttributeType><IsRequired>true</IsRequired><Value i:type="a:ArrayOfdouble" xmlns:a="http://schemas.microsoft.com/2003/10/Serialization/Arrays"><a:double>0</a:double><a:double>0</a:double><a:double>0</a:double></Value></Attribute></Attributes><ChildElements/><ElementName>origin</ElementName><required>false</required><RPYAttribute z:Ref="i41"/><XYZAttribute z:Ref="i40"/><isCustomized>false</isCustomized></URDFElement><URDFElement z:Id="i42" i:type="ParentLink"><Attributes><Attribute z:Id="i43"><AttributeType>link</AttributeType><IsRequired>true</IsRequired><Value i:type="a:string" xmlns:a="http://www.w3.org/2001/XMLSchema"/></Attribute></Attributes><ChildElements/><ElementName>parent</ElementName><required>true</required><NameAttribute z:Ref="i43"/></URDFElement><URDFElement z:Id="i44" i:type="ChildLink"><Attributes><Attribute z:Id="i45"><AttributeType>link</AttributeType><IsRequired>true</IsRequired><Value i:type="a:string" xmlns:a="http://www.w3.org/2001/XMLSchema"/></Attribute></Attributes><ChildElements/><ElementName>child</ElementName><required>true</required><NameAttribute z:Ref="i45"/></URDFElement><URDFElement z:Id="i46" i:type="Axis"><Attributes><Attribute z:Id="i47"><AttributeType>xyz</AttributeType><IsRequired>true</IsRequired><Value i:type="a:ArrayOfdouble" xmlns:a="http://schemas.microsoft.com/2003/10/Serialization/Arrays"><a:double>0</a:double><a:double>0</a:double><a:double>0</a:double></Value></Attribute></Attributes><ChildElements/><ElementName>axis</ElementName><required>false</required><XYZAttribute z:Ref="i47"/></URDFElement><URDFElement z:Id="i48" i:type="Limit"><Attributes><Attribute z:Id="i49"><AttributeType>lower</AttributeType><IsRequired>false</IsRequired><Value i:nil="true"/></Attribute><Attribute z:Id="i50"><AttributeType>upper</AttributeType><IsRequired>false</IsRequired><Value i:nil="true"/></Attribute><Attribute z:Id="i51"><AttributeType>effort</AttributeType><IsRequired>true</IsRequired><Value i:nil="true"/></Attribute><Attribute z:Id="i52"><AttributeType>velocity</AttributeType><IsRequired>true</IsRequired><Value i:nil="true"/></Attribute></Attributes><ChildElements/><ElementName>limit</ElementName><required>false</required><EffortAttribute z:Ref="i51"/><LowerAttribute z:Ref="i49"/><UpperAttribute z:Ref="i50"/><VelocityAttribute z:Ref="i52"/></URDFElement><URDFElement z:Id="i53" i:type="Calibration"><Attributes><Attribute z:Id="i54"><AttributeType>rising</AttributeType><IsRequired>false</IsRequired><Value i:nil="true"/></Attribute><Attribute z:Id="i55"><AttributeType>falling</AttributeType><IsRequired>false</IsRequired><Value i:nil="true"/></Attribute></Attributes><ChildElements/><ElementName>calibration</ElementName><required>false</required><FallingAttribute z:Ref="i55"/><RisingAttribute z:Ref="i54"/></URDFElement><URDFElement z:Id="i56" i:type="Dynamics"><Attributes><Attribute z:Id="i57"><AttributeType>damping</AttributeType><IsRequired>false</IsRequired><Value i:nil="true"/></Attribute><Attribute z:Id="i58"><AttributeType>friction</AttributeType><IsRequired>false</IsRequired><Value i:nil="true"/></Attribute></Attributes><ChildElements/><ElementName>dynamics</ElementName><required>false</required><DampingAttribute z:Ref="i57"/><FrictionAttribute z:Ref="i58"/></URDFElement><URDFElement z:Id="i59" i:type="SafetyController"><Attributes><Attribute z:Id="i60"><AttributeType>soft_upper_limit</AttributeType><IsRequired>false</IsRequired><Value i:nil="true"/></Attribute><Attribute z:Id="i61"><AttributeType>soft_lower_limit</AttributeType><IsRequired>false</IsRequired><Value i:nil="true"/></Attribute><Attribute z:Id="i62"><AttributeType>k_position</AttributeType><IsRequired>false</IsRequired><Value i:nil="true"/></Attribute><Attribute z:Id="i63"><AttributeType>k_velocity</AttributeType><IsRequired>true</IsRequired><Value i:nil="true"/></Attribute></Attributes><ChildElements/><ElementName>safety_controller</ElementName><required>false</required><KPositionAttribute z:Ref="i62"/><KVelocityAttribute z:Ref="i63"/><SoftLowerAttribute z:Ref="i61"/><SoftUpperAttribute z:Ref="i60"/></URDFElement><URDFElement z:Id="i64" i:type="Mimic"><Attributes><Attribute z:Id="i65"><AttributeType>joint</AttributeType><IsRequired>true</IsRequired><Value i:nil="true"/></Attribute><Attribute z:Id="i66"><AttributeType>multiplier</AttributeType><IsRequired>false</IsRequired><Value i:nil="true"/></Attribute><Attribute z:Id="i67"><AttributeType>offset</AttributeType><IsRequired>false</IsRequired><Value i:nil="true"/></Attribute></Attributes><ChildElements/><ElementName>mimic</ElementName><required>false</required><JointNameAttribute z:Ref="i65"/><MultiplierAttribute z:Ref="i66"/><OffsetAttribute z:Ref="i67"/></URDFElement></ChildElements><ElementName>joint</ElementName><required>false</required><Axis z:Ref="i46"/><AxisName/><Calibration z:Ref="i53"/><Child z:Ref="i44"/><CoordinateSystemName>Origin_global</CoordinateSystemName><Dynamics z:Ref="i56"/><Limit z:Ref="i48"/><Mimic z:Ref="i64"/><NameAttribute z:Ref="i37"/><Origin z:Ref="i39"/><Parent z:Ref="i42"/><Safety z:Ref="i59"/><TypeAttribute z:Ref="i38"/></URDFElement></ChildElements><ElementName>link</ElementName><required>true</required><Children/><Collision z:Ref="i29"/><Inertial z:Ref="i3"/><Joint z:Ref="i36"/><NameAttribute z:Ref="i2"/><Parent i:nil="true"/><STLQualityFine>false</STLQualityFine><SWComponentPIDs xmlns:a="http://schemas.microsoft.com/2003/10/Serialization/Arrays"><a:base64Binary>OEoAAAUAAAD//v8ZTABpAGQAYQByAF8AcABrAGcAXwBiAG8AeAAtADEAQABMAGkAZABhAHIAXwBQAEsARwAEAAAAEAAAAAEAAAABAAAAGgAAAA==</a:base64Binary></SWComponentPIDs><SWMainComponentPID i:nil="true"/><Visual z:Ref="i16"/><isFixedFrame>false</isFixedFrame><isIncomplete>false</isIncomplete></Link>
2026-06-23 10:30:58,875 INFO  LinkNode.cs: 35 - Building node base_link
2026-06-23 10:30:58,875 INFO  CommonSwOperations.cs: 221 - Loading SolidWorks components for base_link from C:\Users\juanh\OneDrive\Documents\CAD Projects\Lidar pkg\Lidar_PKG.SLDASM
2026-06-23 10:30:58,876 INFO  CommonSwOperations.cs: 245 - Loading component with PID 8J     ???L i d a r _ p k g _ b o x - 1 @ L i d a r _ P K G                
2026-06-23 10:30:58,876 INFO  CommonSwOperations.cs: 254 - Successfully loaded component C:\Users\juanh\OneDrive\Documents\CAD Projects\Lidar pkg\Lidar_pkg_box.SLDPRT
2026-06-23 10:30:58,876 INFO  CommonSwOperations.cs: 230 - Loaded 1 components for link base_link
2026-06-23 10:30:58,887 INFO  SwAddin.cs: 344 - Showing property manager
2026-06-23 10:31:14,909 INFO  ExportPropertyManager.cs: 1136 - OnNumberBoxTrackingCompleted called. This method no longer throws an Exception. It just silently does nothing. Ok, except for this logging message
2026-06-23 10:31:31,121 INFO  ExportPropertyManager.cs: 1136 - OnNumberBoxTrackingCompleted called. This method no longer throws an Exception. It just silently does nothing. Ok, except for this logging message
2026-06-23 10:31:32,714 INFO  ExportPropertyManager.cs: 1136 - OnNumberBoxTrackingCompleted called. This method no longer throws an Exception. It just silently does nothing. Ok, except for this logging message
2026-06-23 10:31:50,098 INFO  ExportPropertyManager.cs: 1018 - OnComboboxSelectionChanged called. This method no longer throws an Exception. It just silently does nothing. Ok, except for this logging message
2026-06-23 10:32:05,903 INFO  ExportPropertyManager.cs: 1036 - OnListboxSelectionChanged called. This method no longer throws an Exception. It just silently does nothing. Ok, except for this logging message
2026-06-23 10:32:26,544 INFO  ExportPropertyManager.cs: 422 - Configuration saved
2026-06-23 10:32:26,545 INFO  ConfigurationSerialization.cs: 276 - URDF Configuration found
<Link z:Id="i1" xmlns="http://schemas.datacontract.org/2004/07/SW2URDF" xmlns:i="http://www.w3.org/2001/XMLSchema-instance" xmlns:z="http://schemas.microsoft.com/2003/10/Serialization/"><Attributes><Attribute z:Id="i2"><AttributeType>name</AttributeType><IsRequired>true</IsRequired><Value i:type="a:string" xmlns:a="http://www.w3.org/2001/XMLSchema">base_link</Value></Attribute></Attributes><ChildElements><URDFElement z:Id="i3" i:type="Inertial"><Attributes/><ChildElements><URDFElement z:Id="i4" i:type="Origin"><Attributes><Attribute z:Id="i5"><AttributeType>xyz</AttributeType><IsRequired>true</IsRequired><Value i:type="a:ArrayOfdouble" xmlns:a="http://schemas.microsoft.com/2003/10/Serialization/Arrays"><a:double>0.61971255914325563</a:double><a:double>0.82095780884670333</a:double><a:double>1.261931699286537</a:double></Value></Attribute><Attribute z:Id="i6"><AttributeType>rpy</AttributeType><IsRequired>true</IsRequired><Value i:type="a:ArrayOfdouble" xmlns:a="http://schemas.microsoft.com/2003/10/Serialization/Arrays"><a:double>0</a:double><a:double>0</a:double><a:double>0</a:double></Value></Attribute></Attributes><ChildElements/><ElementName>origin</ElementName><required>false</required><RPYAttribute z:Ref="i6"/><XYZAttribute z:Ref="i5"/><isCustomized>false</isCustomized></URDFElement><URDFElement z:Id="i7" i:type="Mass"><Attributes><Attribute z:Id="i8"><AttributeType>value</AttributeType><IsRequired>true</IsRequired><Value i:type="a:double" xmlns:a="http://www.w3.org/2001/XMLSchema">0.33025187834527081</Value></Attribute></Attributes><ChildElements/><ElementName>mass</ElementName><required>false</required><ValueAttribute z:Ref="i8"/></URDFElement><URDFElement z:Id="i9" i:type="Inertia"><Attributes><Attribute z:Id="i10"><AttributeType>ixx</AttributeType><IsRequired>true</IsRequired><Value i:type="a:double" xmlns:a="http://www.w3.org/2001/XMLSchema">0.0013300951240871836</Value></Attribute><Attribute z:Id="i11"><AttributeType>ixy</AttributeType><IsRequired>true</IsRequired><Value i:type="a:double" xmlns:a="http://www.w3.org/2001/XMLSchema">-1.7132980414557721E-07</Value></Attribute><Attribute z:Id="i12"><AttributeType>ixz</AttributeType><IsRequired>true</IsRequired><Value i:type="a:double" xmlns:a="http://www.w3.org/2001/XMLSchema">1.5405169307551637E-08</Value></Attribute><Attribute z:Id="i13"><AttributeType>iyy</AttributeType><IsRequired>true</IsRequired><Value i:type="a:double" xmlns:a="http://www.w3.org/2001/XMLSchema">0.0021603545753762681</Value></Attribute><Attribute z:Id="i14"><AttributeType>iyz</AttributeType><IsRequired>true</IsRequired><Value i:type="a:double" xmlns:a="http://www.w3.org/2001/XMLSchema">2.788933108687679E-08</Value></Attribute><Attribute z:Id="i15"><AttributeType>izz</AttributeType><IsRequired>true</IsRequired><Value i:type="a:double" xmlns:a="http://www.w3.org/2001/XMLSchema">0.0010347372196635855</Value></Attribute></Attributes><ChildElements/><ElementName>inertia</ElementName><required>false</required><IxxAttribute z:Ref="i10"/><IxyAttribute z:Ref="i11"/><IxzAttribute z:Ref="i12"/><IyyAttribute z:Ref="i13"/><IyzAttribute z:Ref="i14"/><IzzAttribute z:Ref="i15"/></URDFElement></ChildElements><ElementName>inertial</ElementName><required>false</required><Inertia z:Ref="i9"/><Mass z:Ref="i7"/><Origin z:Ref="i4"/></URDFElement><URDFElement z:Id="i16" i:type="Visual"><Attributes/><ChildElements><URDFElement z:Id="i17" i:type="Origin"><Attributes><Attribute z:Id="i18"><AttributeType>xyz</AttributeType><IsRequired>true</IsRequired><Value i:type="a:ArrayOfdouble" xmlns:a="http://schemas.microsoft.com/2003/10/Serialization/Arrays"><a:double>0</a:double><a:double>0</a:double><a:double>0</a:double></Value></Attribute><Attribute z:Id="i19"><AttributeType>rpy</AttributeType><IsRequired>true</IsRequired><Value i:type="a:ArrayOfdouble" xmlns:a="http://schemas.microsoft.com/2003/10/Serialization/Arrays"><a:double>0</a:double><a:double>0</a:double><a:double>0</a:double></Value></Attribute></Attributes><ChildElements/><ElementName>origin</ElementName><required>false</required><RPYAttribute z:Ref="i19"/><XYZAttribute z:Ref="i18"/><isCustomized>false</isCustomized></URDFElement><URDFElement z:Id="i20" i:type="Geometry"><Attributes/><ChildElements><URDFElement z:Id="i21" i:type="Mesh"><Attributes><Attribute z:Id="i22"><AttributeType>filename</AttributeType><IsRequired>true</IsRequired><Value i:nil="true"/></Attribute></Attributes><ChildElements/><ElementName>mesh</ElementName><required>false</required><FilenameAttribute z:Ref="i22"/></URDFElement></ChildElements><ElementName>geometry</ElementName><required>true</required><Mesh z:Ref="i21"/></URDFElement><URDFElement z:Id="i23" i:type="Material"><Attributes><Attribute z:Id="i24"><AttributeType>name</AttributeType><IsRequired>true</IsRequired><Value i:type="a:string" xmlns:a="http://www.w3.org/2001/XMLSchema"/></Attribute></Attributes><ChildElements><URDFElement z:Id="i25" i:type="Color"><Attributes><Attribute z:Id="i26"><AttributeType>rgba</AttributeType><IsRequired>true</IsRequired><Value i:type="a:ArrayOfdouble" xmlns:a="http://schemas.microsoft.com/2003/10/Serialization/Arrays"><a:double>0.89411764705882346</a:double><a:double>0.89411764705882346</a:double><a:double>0.89411764705882346</a:double><a:double>1</a:double></Value></Attribute></Attributes><ChildElements/><ElementName>color</ElementName><required>false</required><RGBAAttribute z:Ref="i26"/></URDFElement><URDFElement z:Id="i27" i:type="Texture"><Attributes><Attribute z:Id="i28"><AttributeType>filename</AttributeType><IsRequired>true</IsRequired><Value i:nil="true"/></Attribute></Attributes><ChildElements/><ElementName>texture</ElementName><required>false</required><FilenameAttribute z:Ref="i28"/><wFilename/></URDFElement></ChildElements><ElementName>material</ElementName><required>false</required><Color z:Ref="i25"/><NameAttribute z:Ref="i24"/><Texture z:Ref="i27"/></URDFElement></ChildElements><ElementName>visual</ElementName><required>false</required><Geometry z:Ref="i20"/><Material z:Ref="i23"/><Origin z:Ref="i17"/></URDFElement><URDFElement z:Id="i29" i:type="Collision"><Attributes/><ChildElements><URDFElement z:Id="i30" i:type="Origin"><Attributes><Attribute z:Id="i31"><AttributeType>xyz</AttributeType><IsRequired>true</IsRequired><Value i:type="a:ArrayOfdouble" xmlns:a="http://schemas.microsoft.com/2003/10/Serialization/Arrays"><a:double>0</a:double><a:double>0</a:double><a:double>0</a:double></Value></Attribute><Attribute z:Id="i32"><AttributeType>rpy</AttributeType><IsRequired>true</IsRequired><Value i:type="a:ArrayOfdouble" xmlns:a="http://schemas.microsoft.com/2003/10/Serialization/Arrays"><a:double>0</a:double><a:double>0</a:double><a:double>0</a:double></Value></Attribute></Attributes><ChildElements/><ElementName>origin</ElementName><required>false</required><RPYAttribute z:Ref="i32"/><XYZAttribute z:Ref="i31"/><isCustomized>false</isCustomized></URDFElement><URDFElement z:Id="i33" i:type="Geometry"><Attributes/><ChildElements><URDFElement z:Id="i34" i:type="Mesh"><Attributes><Attribute z:Id="i35"><AttributeType>filename</AttributeType><IsRequired>true</IsRequired><Value i:nil="true"/></Attribute></Attributes><ChildElements/><ElementName>mesh</ElementName><required>false</required><FilenameAttribute z:Ref="i35"/></URDFElement></ChildElements><ElementName>geometry</ElementName><required>true</required><Mesh z:Ref="i34"/></URDFElement></ChildElements><ElementName>collision</ElementName><required>false</required><Geometry z:Ref="i33"/><Origin z:Ref="i30"/></URDFElement><URDFElement z:Id="i36" i:type="Joint"><Attributes><Attribute z:Id="i37"><AttributeType>name</AttributeType><IsRequired>true</IsRequired><Value i:type="a:string" xmlns:a="http://www.w3.org/2001/XMLSchema"/></Attribute><Attribute z:Id="i38"><AttributeType>type</AttributeType><IsRequired>true</IsRequired><Value i:type="a:string" xmlns:a="http://www.w3.org/2001/XMLSchema"/></Attribute></Attributes><ChildElements><URDFElement z:Id="i39" i:type="Origin"><Attributes><Attribute z:Id="i40"><AttributeType>xyz</AttributeType><IsRequired>true</IsRequired><Value i:type="a:ArrayOfdouble" xmlns:a="http://schemas.microsoft.com/2003/10/Serialization/Arrays"><a:double>0</a:double><a:double>0</a:double><a:double>0</a:double></Value></Attribute><Attribute z:Id="i41"><AttributeType>rpy</AttributeType><IsRequired>true</IsRequired><Value i:type="a:ArrayOfdouble" xmlns:a="http://schemas.microsoft.com/2003/10/Serialization/Arrays"><a:double>0</a:double><a:double>0</a:double><a:double>0</a:double></Value></Attribute></Attributes><ChildElements/><ElementName>origin</ElementName><required>false</required><RPYAttribute z:Ref="i41"/><XYZAttribute z:Ref="i40"/><isCustomized>false</isCustomized></URDFElement><URDFElement z:Id="i42" i:type="ParentLink"><Attributes><Attribute z:Id="i43"><AttributeType>link</AttributeType><IsRequired>true</IsRequired><Value i:type="a:string" xmlns:a="http://www.w3.org/2001/XMLSchema"/></Attribute></Attributes><ChildElements/><ElementName>parent</ElementName><required>true</required><NameAttribute z:Ref="i43"/></URDFElement><URDFElement z:Id="i44" i:type="ChildLink"><Attributes><Attribute z:Id="i45"><AttributeType>link</AttributeType><IsRequired>true</IsRequired><Value i:type="a:string" xmlns:a="http://www.w3.org/2001/XMLSchema"/></Attribute></Attributes><ChildElements/><ElementName>child</ElementName><required>true</required><NameAttribute z:Ref="i45"/></URDFElement><URDFElement z:Id="i46" i:type="Axis"><Attributes><Attribute z:Id="i47"><AttributeType>xyz</AttributeType><IsRequired>true</IsRequired><Value i:type="a:ArrayOfdouble" xmlns:a="http://schemas.microsoft.com/2003/10/Serialization/Arrays"><a:double>0</a:double><a:double>0</a:double><a:double>0</a:double></Value></Attribute></Attributes><ChildElements/><ElementName>axis</ElementName><required>false</required><XYZAttribute z:Ref="i47"/></URDFElement><URDFElement z:Id="i48" i:type="Limit"><Attributes><Attribute z:Id="i49"><AttributeType>lower</AttributeType><IsRequired>false</IsRequired><Value i:nil="true"/></Attribute><Attribute z:Id="i50"><AttributeType>upper</AttributeType><IsRequired>false</IsRequired><Value i:nil="true"/></Attribute><Attribute z:Id="i51"><AttributeType>effort</AttributeType><IsRequired>true</IsRequired><Value i:nil="true"/></Attribute><Attribute z:Id="i52"><AttributeType>velocity</AttributeType><IsRequired>true</IsRequired><Value i:nil="true"/></Attribute></Attributes><ChildElements/><ElementName>limit</ElementName><required>false</required><EffortAttribute z:Ref="i51"/><LowerAttribute z:Ref="i49"/><UpperAttribute z:Ref="i50"/><VelocityAttribute z:Ref="i52"/></URDFElement><URDFElement z:Id="i53" i:type="Calibration"><Attributes><Attribute z:Id="i54"><AttributeType>rising</AttributeType><IsRequired>false</IsRequired><Value i:nil="true"/></Attribute><Attribute z:Id="i55"><AttributeType>falling</AttributeType><IsRequired>false</IsRequired><Value i:nil="true"/></Attribute></Attributes><ChildElements/><ElementName>calibration</ElementName><required>false</required><FallingAttribute z:Ref="i55"/><RisingAttribute z:Ref="i54"/></URDFElement><URDFElement z:Id="i56" i:type="Dynamics"><Attributes><Attribute z:Id="i57"><AttributeType>damping</AttributeType><IsRequired>false</IsRequired><Value i:nil="true"/></Attribute><Attribute z:Id="i58"><AttributeType>friction</AttributeType><IsRequired>false</IsRequired><Value i:nil="true"/></Attribute></Attributes><ChildElements/><ElementName>dynamics</ElementName><required>false</required><DampingAttribute z:Ref="i57"/><FrictionAttribute z:Ref="i58"/></URDFElement><URDFElement z:Id="i59" i:type="SafetyController"><Attributes><Attribute z:Id="i60"><AttributeType>soft_upper_limit</AttributeType><IsRequired>false</IsRequired><Value i:nil="true"/></Attribute><Attribute z:Id="i61"><AttributeType>soft_lower_limit</AttributeType><IsRequired>false</IsRequired><Value i:nil="true"/></Attribute><Attribute z:Id="i62"><AttributeType>k_position</AttributeType><IsRequired>false</IsRequired><Value i:nil="true"/></Attribute><Attribute z:Id="i63"><AttributeType>k_velocity</AttributeType><IsRequired>true</IsRequired><Value i:nil="true"/></Attribute></Attributes><ChildElements/><ElementName>safety_controller</ElementName><required>false</required><KPositionAttribute z:Ref="i62"/><KVelocityAttribute z:Ref="i63"/><SoftLowerAttribute z:Ref="i61"/><SoftUpperAttribute z:Ref="i60"/></URDFElement><URDFElement z:Id="i64" i:type="Mimic"><Attributes><Attribute z:Id="i65"><AttributeType>joint</AttributeType><IsRequired>true</IsRequired><Value i:nil="true"/></Attribute><Attribute z:Id="i66"><AttributeType>multiplier</AttributeType><IsRequired>false</IsRequired><Value i:nil="true"/></Attribute><Attribute z:Id="i67"><AttributeType>offset</AttributeType><IsRequired>false</IsRequired><Value i:nil="true"/></Attribute></Attributes><ChildElements/><ElementName>mimic</ElementName><required>false</required><JointNameAttribute z:Ref="i65"/><MultiplierAttribute z:Ref="i66"/><OffsetAttribute z:Ref="i67"/></URDFElement></ChildElements><ElementName>joint</ElementName><required>false</required><Axis z:Ref="i46"/><AxisName/><Calibration z:Ref="i53"/><Child z:Ref="i44"/><CoordinateSystemName>Origin_global</CoordinateSystemName><Dynamics z:Ref="i56"/><Limit z:Ref="i48"/><Mimic z:Ref="i64"/><NameAttribute z:Ref="i37"/><Origin z:Ref="i39"/><Parent z:Ref="i42"/><Safety z:Ref="i59"/><TypeAttribute z:Ref="i38"/></URDFElement></ChildElements><ElementName>link</ElementName><required>true</required><Children/><Collision z:Ref="i29"/><Inertial z:Ref="i3"/><Joint z:Ref="i36"/><NameAttribute z:Ref="i2"/><Parent i:nil="true"/><STLQualityFine>false</STLQualityFine><SWComponentPIDs xmlns:a="http://schemas.microsoft.com/2003/10/Serialization/Arrays"><a:base64Binary>OEoAAAUAAAD//v8ZTABpAGQAYQByAF8AcABrAGcAXwBiAG8AeAAtADEAQABMAGkAZABhAHIAXwBQAEsARwAEAAAAEAAAAAEAAAABAAAAGgAAAA==</a:base64Binary></SWComponentPIDs><SWMainComponentPID i:nil="true"/><Visual z:Ref="i16"/><isFixedFrame>false</isFixedFrame><isIncomplete>false</isIncomplete></Link>
2026-06-23 10:32:26,637 INFO  ExportHelperExtension.cs: 347 - Creating joint Empty_Link
2026-06-23 10:32:26,640 INFO  ExportHelperExtension.cs: 1397 - Fixing components for base_link
2026-06-23 10:32:26,641 INFO  ExportHelperExtension.cs: 1402 - Fixing 26
2026-06-23 10:32:26,641 INFO  ExportHelperExtension.cs: 1402 - Fixing 24
2026-06-23 10:32:26,641 INFO  ExportHelperExtension.cs: 1402 - Fixing 113
2026-06-23 10:32:26,641 INFO  ExportHelperExtension.cs: 1402 - Fixing 110
2026-06-23 10:32:26,642 INFO  ExportHelperExtension.cs: 1402 - Fixing 114
2026-06-23 10:32:26,642 INFO  ExportHelperExtension.cs: 1402 - Fixing 115
2026-06-23 10:32:27,059 INFO  ExportHelperExtension.cs: 832 - R1: 0, 0
2026-06-23 10:32:27,059 INFO  ExportHelperExtension.cs: 841 - R2: 0, 0
2026-06-23 10:32:27,059 INFO  ExportHelperExtension.cs: 849 - L1: 0
2026-06-23 10:32:27,060 INFO  ExportHelperExtension.cs: 857 - L2: 0
2026-06-23 10:32:27,072 INFO  ExportHelperExtension.cs: 1352 - Unfixing component 26
2026-06-23 10:32:27,073 INFO  ExportHelperExtension.cs: 1352 - Unfixing component 24
2026-06-23 10:32:27,073 INFO  ExportHelperExtension.cs: 1352 - Unfixing component 113
2026-06-23 10:32:27,073 INFO  ExportHelperExtension.cs: 1352 - Unfixing component 110
2026-06-23 10:32:27,073 INFO  ExportHelperExtension.cs: 1352 - Unfixing component 114
2026-06-23 10:32:27,073 INFO  ExportHelperExtension.cs: 1352 - Unfixing component 115
2026-06-23 10:32:29,473 WARN  ExportHelperExtension.cs: 351 - Creating joint from parent base_link to child Empty_Link failed
2026-06-23 10:32:31,063 INFO  ExportHelperExtension.cs: 1125 - Retrieving features of type [CoordSys] from Lidar_PKG
2026-06-23 10:32:31,063 INFO  ExportHelperExtension.cs: 1136 - Found 75 in Lidar_PKG
2026-06-23 10:32:31,064 INFO  ExportHelperExtension.cs: 1145 - Found 2 features of type [CoordSys] in Lidar_PKG
2026-06-23 10:32:31,064 INFO  ExportHelperExtension.cs: 1148 - Proceeding through assembly components
2026-06-23 10:32:31,064 INFO  ExportHelperExtension.cs: 1160 - 14 components to check
2026-06-23 10:32:31,064 INFO  ExportHelperExtension.cs: 1125 - Retrieving features of type [CoordSys] from Pi_Camera_module_3-1
2026-06-23 10:32:31,065 INFO  ExportHelperExtension.cs: 1136 - Found 563 in Pi_Camera_module_3-1
2026-06-23 10:32:31,067 INFO  ExportHelperExtension.cs: 1145 - Found 0 features of type [CoordSys] in Pi_Camera_module_3-1
2026-06-23 10:32:31,067 INFO  ExportHelperExtension.cs: 1125 - Retrieving features of type [CoordSys] from RASPBERRY_PI_5_1-1
2026-06-23 10:32:31,067 INFO  ExportHelperExtension.cs: 1136 - Found 23 in RASPBERRY_PI_5_1-1
2026-06-23 10:32:31,068 INFO  ExportHelperExtension.cs: 1145 - Found 0 features of type [CoordSys] in RASPBERRY_PI_5_1-1
2026-06-23 10:32:31,068 INFO  ExportHelperExtension.cs: 1125 - Retrieving features of type [CoordSys] from Lidar_pkg_box-1
2026-06-23 10:32:31,068 INFO  ExportHelperExtension.cs: 1136 - Found 31 in Lidar_pkg_box-1
2026-06-23 10:32:31,068 INFO  ExportHelperExtension.cs: 1145 - Found 0 features of type [CoordSys] in Lidar_pkg_box-1
2026-06-23 10:32:31,069 INFO  ExportHelperExtension.cs: 1125 - Retrieving features of type [CoordSys] from Ouster OS-1-2
2026-06-23 10:32:31,069 INFO  ExportHelperExtension.cs: 1136 - Found 83 in Ouster OS-1-2
2026-06-23 10:32:31,069 INFO  ExportHelperExtension.cs: 1145 - Found 0 features of type [CoordSys] in Ouster OS-1-2
2026-06-23 10:32:31,072 INFO  ExportHelperExtension.cs: 1125 - Retrieving features of type [CoordSys] from Lidar_cap-1
2026-06-23 10:32:31,119 INFO  ExportHelperExtension.cs: 1136 - Found 26 in Lidar_cap-1
2026-06-23 10:32:31,119 INFO  ExportHelperExtension.cs: 1145 - Found 0 features of type [CoordSys] in Lidar_cap-1
2026-06-23 10:32:31,120 INFO  ExportHelperExtension.cs: 1125 - Retrieving features of type [CoordSys] from 92510A444_Aluminum Unthreaded Spacer-3
2026-06-23 10:32:31,120 INFO  ExportHelperExtension.cs: 1136 - Found 29 in 92510A444_Aluminum Unthreaded Spacer-3
2026-06-23 10:32:31,121 INFO  ExportHelperExtension.cs: 1145 - Found 0 features of type [CoordSys] in 92510A444_Aluminum Unthreaded Spacer-3
2026-06-23 10:32:31,121 INFO  ExportHelperExtension.cs: 1125 - Retrieving features of type [CoordSys] from 92510A444_Aluminum Unthreaded Spacer-4
2026-06-23 10:32:31,121 INFO  ExportHelperExtension.cs: 1136 - Found 29 in 92510A444_Aluminum Unthreaded Spacer-4
2026-06-23 10:32:31,121 INFO  ExportHelperExtension.cs: 1145 - Found 0 features of type [CoordSys] in 92510A444_Aluminum Unthreaded Spacer-4
2026-06-23 10:32:31,122 INFO  ExportHelperExtension.cs: 1125 - Retrieving features of type [CoordSys] from d24v150fx-step-down-voltage-regulator-1
2026-06-23 10:32:31,122 INFO  ExportHelperExtension.cs: 1136 - Found 34 in d24v150fx-step-down-voltage-regulator-1
2026-06-23 10:32:31,122 INFO  ExportHelperExtension.cs: 1145 - Found 0 features of type [CoordSys] in d24v150fx-step-down-voltage-regulator-1
2026-06-23 10:32:31,122 INFO  ExportHelperExtension.cs: 1125 - Retrieving features of type [CoordSys] from 92510A444_Aluminum Unthreaded Spacer-1
2026-06-23 10:32:31,123 INFO  ExportHelperExtension.cs: 1136 - Found 29 in 92510A444_Aluminum Unthreaded Spacer-1
2026-06-23 10:32:31,123 INFO  ExportHelperExtension.cs: 1145 - Found 0 features of type [CoordSys] in 92510A444_Aluminum Unthreaded Spacer-1
2026-06-23 10:32:31,123 INFO  ExportHelperExtension.cs: 1125 - Retrieving features of type [CoordSys] from Lidar_control_box-1
2026-06-23 10:32:31,123 INFO  ExportHelperExtension.cs: 1136 - Found 31 in Lidar_control_box-1
2026-06-23 10:32:31,124 INFO  ExportHelperExtension.cs: 1145 - Found 0 features of type [CoordSys] in Lidar_control_box-1
2026-06-23 10:32:31,124 INFO  ExportHelperExtension.cs: 1125 - Retrieving features of type [CoordSys] from eth_to_usb_adpt-1
2026-06-23 10:32:31,124 INFO  ExportHelperExtension.cs: 1136 - Found 23 in eth_to_usb_adpt-1
2026-06-23 10:32:31,124 INFO  ExportHelperExtension.cs: 1145 - Found 0 features of type [CoordSys] in eth_to_usb_adpt-1
2026-06-23 10:32:31,124 INFO  ExportHelperExtension.cs: 1125 - Retrieving features of type [CoordSys] from 92510A444_Aluminum Unthreaded Spacer-2
2026-06-23 10:32:31,125 INFO  ExportHelperExtension.cs: 1136 - Found 29 in 92510A444_Aluminum Unthreaded Spacer-2
2026-06-23 10:32:31,125 INFO  ExportHelperExtension.cs: 1145 - Found 0 features of type [CoordSys] in 92510A444_Aluminum Unthreaded Spacer-2
2026-06-23 10:32:31,125 INFO  ExportHelperExtension.cs: 1125 - Retrieving features of type [CoordSys] from Pi_Camera_module_3-2
2026-06-23 10:32:31,126 INFO  ExportHelperExtension.cs: 1136 - Found 563 in Pi_Camera_module_3-2
2026-06-23 10:32:31,127 INFO  ExportHelperExtension.cs: 1145 - Found 0 features of type [CoordSys] in Pi_Camera_module_3-2
2026-06-23 10:32:31,127 INFO  ExportHelperExtension.cs: 1125 - Retrieving features of type [RefAxis] from Lidar_PKG
2026-06-23 10:32:31,128 INFO  ExportHelperExtension.cs: 1136 - Found 75 in Lidar_PKG
2026-06-23 10:32:31,128 INFO  ExportHelperExtension.cs: 1145 - Found 0 features of type [RefAxis] in Lidar_PKG
2026-06-23 10:32:31,128 INFO  ExportHelperExtension.cs: 1148 - Proceeding through assembly components
2026-06-23 10:32:31,128 INFO  ExportHelperExtension.cs: 1160 - 14 components to check
2026-06-23 10:32:31,128 INFO  ExportHelperExtension.cs: 1125 - Retrieving features of type [RefAxis] from Pi_Camera_module_3-1
2026-06-23 10:32:31,129 INFO  ExportHelperExtension.cs: 1136 - Found 563 in Pi_Camera_module_3-1
2026-06-23 10:32:31,130 INFO  ExportHelperExtension.cs: 1145 - Found 0 features of type [RefAxis] in Pi_Camera_module_3-1
2026-06-23 10:32:31,130 INFO  ExportHelperExtension.cs: 1125 - Retrieving features of type [RefAxis] from RASPBERRY_PI_5_1-1
2026-06-23 10:32:31,131 INFO  ExportHelperExtension.cs: 1136 - Found 23 in RASPBERRY_PI_5_1-1
2026-06-23 10:32:31,131 INFO  ExportHelperExtension.cs: 1145 - Found 0 features of type [RefAxis] in RASPBERRY_PI_5_1-1
2026-06-23 10:32:31,131 INFO  ExportHelperExtension.cs: 1125 - Retrieving features of type [RefAxis] from Lidar_pkg_box-1
2026-06-23 10:32:31,131 INFO  ExportHelperExtension.cs: 1136 - Found 31 in Lidar_pkg_box-1
2026-06-23 10:32:31,132 INFO  ExportHelperExtension.cs: 1145 - Found 0 features of type [RefAxis] in Lidar_pkg_box-1
2026-06-23 10:32:31,132 INFO  ExportHelperExtension.cs: 1125 - Retrieving features of type [RefAxis] from Ouster OS-1-2
2026-06-23 10:32:31,132 INFO  ExportHelperExtension.cs: 1136 - Found 83 in Ouster OS-1-2
2026-06-23 10:32:31,132 INFO  ExportHelperExtension.cs: 1145 - Found 0 features of type [RefAxis] in Ouster OS-1-2
2026-06-23 10:32:31,133 INFO  ExportHelperExtension.cs: 1125 - Retrieving features of type [RefAxis] from Lidar_cap-1
2026-06-23 10:32:31,133 INFO  ExportHelperExtension.cs: 1136 - Found 26 in Lidar_cap-1
2026-06-23 10:32:31,133 INFO  ExportHelperExtension.cs: 1145 - Found 0 features of type [RefAxis] in Lidar_cap-1
2026-06-23 10:32:31,133 INFO  ExportHelperExtension.cs: 1125 - Retrieving features of type [RefAxis] from 92510A444_Aluminum Unthreaded Spacer-3
2026-06-23 10:32:31,133 INFO  ExportHelperExtension.cs: 1136 - Found 29 in 92510A444_Aluminum Unthreaded Spacer-3
2026-06-23 10:32:31,134 INFO  ExportHelperExtension.cs: 1145 - Found 0 features of type [RefAxis] in 92510A444_Aluminum Unthreaded Spacer-3
2026-06-23 10:32:31,134 INFO  ExportHelperExtension.cs: 1125 - Retrieving features of type [RefAxis] from 92510A444_Aluminum Unthreaded Spacer-4
2026-06-23 10:32:31,134 INFO  ExportHelperExtension.cs: 1136 - Found 29 in 92510A444_Aluminum Unthreaded Spacer-4
2026-06-23 10:32:31,134 INFO  ExportHelperExtension.cs: 1145 - Found 0 features of type [RefAxis] in 92510A444_Aluminum Unthreaded Spacer-4
2026-06-23 10:32:31,135 INFO  ExportHelperExtension.cs: 1125 - Retrieving features of type [RefAxis] from d24v150fx-step-down-voltage-regulator-1
2026-06-23 10:32:31,135 INFO  ExportHelperExtension.cs: 1136 - Found 34 in d24v150fx-step-down-voltage-regulator-1
2026-06-23 10:32:31,135 INFO  ExportHelperExtension.cs: 1145 - Found 0 features of type [RefAxis] in d24v150fx-step-down-voltage-regulator-1
2026-06-23 10:32:31,135 INFO  ExportHelperExtension.cs: 1125 - Retrieving features of type [RefAxis] from 92510A444_Aluminum Unthreaded Spacer-1
2026-06-23 10:32:31,135 INFO  ExportHelperExtension.cs: 1136 - Found 29 in 92510A444_Aluminum Unthreaded Spacer-1
2026-06-23 10:32:31,136 INFO  ExportHelperExtension.cs: 1145 - Found 0 features of type [RefAxis] in 92510A444_Aluminum Unthreaded Spacer-1
2026-06-23 10:32:31,136 INFO  ExportHelperExtension.cs: 1125 - Retrieving features of type [RefAxis] from Lidar_control_box-1
2026-06-23 10:32:31,136 INFO  ExportHelperExtension.cs: 1136 - Found 31 in Lidar_control_box-1
2026-06-23 10:32:31,136 INFO  ExportHelperExtension.cs: 1145 - Found 0 features of type [RefAxis] in Lidar_control_box-1
2026-06-23 10:32:31,136 INFO  ExportHelperExtension.cs: 1125 - Retrieving features of type [RefAxis] from eth_to_usb_adpt-1
2026-06-23 10:32:31,137 INFO  ExportHelperExtension.cs: 1136 - Found 23 in eth_to_usb_adpt-1
2026-06-23 10:32:31,137 INFO  ExportHelperExtension.cs: 1145 - Found 0 features of type [RefAxis] in eth_to_usb_adpt-1
2026-06-23 10:32:31,137 INFO  ExportHelperExtension.cs: 1125 - Retrieving features of type [RefAxis] from 92510A444_Aluminum Unthreaded Spacer-2
2026-06-23 10:32:31,137 INFO  ExportHelperExtension.cs: 1136 - Found 29 in 92510A444_Aluminum Unthreaded Spacer-2
2026-06-23 10:32:31,138 INFO  ExportHelperExtension.cs: 1145 - Found 0 features of type [RefAxis] in 92510A444_Aluminum Unthreaded Spacer-2
2026-06-23 10:32:31,138 INFO  ExportHelperExtension.cs: 1125 - Retrieving features of type [RefAxis] from Pi_Camera_module_3-2
2026-06-23 10:32:31,138 INFO  ExportHelperExtension.cs: 1136 - Found 563 in Pi_Camera_module_3-2
2026-06-23 10:32:31,139 INFO  ExportHelperExtension.cs: 1145 - Found 0 features of type [RefAxis] in Pi_Camera_module_3-2
2026-06-23 10:32:31,180 INFO  ExportPropertyManager.cs: 1142 - AfterClose called. This method no longer throws an Exception. It just silently does nothing. Ok, except for this logging message
2026-06-23 10:32:41,223 INFO  SwAddin.cs: 294 - Assembly export called for file Lidar_PKG
2026-06-23 10:32:41,224 INFO  SwAddin.cs: 299 - Save is required
2026-06-23 10:32:41,224 INFO  SwAddin.cs: 313 - Saving assembly
2026-06-23 10:32:43,272 INFO  SwAddin.cs: 316 - Opening property manager
2026-06-23 10:32:43,272 INFO  ExportHelperExtension.cs: 1125 - Retrieving features of type [CoordSys] from Lidar_PKG
2026-06-23 10:32:43,273 INFO  ExportHelperExtension.cs: 1136 - Found 71 in Lidar_PKG
2026-06-23 10:32:43,273 INFO  ExportHelperExtension.cs: 1145 - Found 0 features of type [CoordSys] in Lidar_PKG
2026-06-23 10:32:43,273 INFO  ExportHelperExtension.cs: 1148 - Proceeding through assembly components
2026-06-23 10:32:43,273 INFO  ExportHelperExtension.cs: 1160 - 14 components to check
2026-06-23 10:32:43,273 INFO  ExportHelperExtension.cs: 1125 - Retrieving features of type [CoordSys] from Pi_Camera_module_3-1
2026-06-23 10:32:43,273 INFO  ExportHelperExtension.cs: 1136 - Found 563 in Pi_Camera_module_3-1
2026-06-23 10:32:43,274 INFO  ExportHelperExtension.cs: 1145 - Found 0 features of type [CoordSys] in Pi_Camera_module_3-1
2026-06-23 10:32:43,275 INFO  ExportHelperExtension.cs: 1125 - Retrieving features of type [CoordSys] from RASPBERRY_PI_5_1-1
2026-06-23 10:32:43,275 INFO  ExportHelperExtension.cs: 1136 - Found 23 in RASPBERRY_PI_5_1-1
2026-06-23 10:32:43,275 INFO  ExportHelperExtension.cs: 1145 - Found 0 features of type [CoordSys] in RASPBERRY_PI_5_1-1
2026-06-23 10:32:43,275 INFO  ExportHelperExtension.cs: 1125 - Retrieving features of type [CoordSys] from Lidar_pkg_box-1
2026-06-23 10:32:43,276 INFO  ExportHelperExtension.cs: 1136 - Found 31 in Lidar_pkg_box-1
2026-06-23 10:32:43,276 INFO  ExportHelperExtension.cs: 1145 - Found 0 features of type [CoordSys] in Lidar_pkg_box-1
2026-06-23 10:32:43,276 INFO  ExportHelperExtension.cs: 1125 - Retrieving features of type [CoordSys] from Ouster OS-1-2
2026-06-23 10:32:43,276 INFO  ExportHelperExtension.cs: 1136 - Found 83 in Ouster OS-1-2
2026-06-23 10:32:43,277 INFO  ExportHelperExtension.cs: 1145 - Found 0 features of type [CoordSys] in Ouster OS-1-2
2026-06-23 10:32:43,277 INFO  ExportHelperExtension.cs: 1125 - Retrieving features of type [CoordSys] from Lidar_cap-1
2026-06-23 10:32:43,277 INFO  ExportHelperExtension.cs: 1136 - Found 26 in Lidar_cap-1
2026-06-23 10:32:43,277 INFO  ExportHelperExtension.cs: 1145 - Found 0 features of type [CoordSys] in Lidar_cap-1
2026-06-23 10:32:43,278 INFO  ExportHelperExtension.cs: 1125 - Retrieving features of type [CoordSys] from 92510A444_Aluminum Unthreaded Spacer-3
2026-06-23 10:32:43,278 INFO  ExportHelperExtension.cs: 1136 - Found 29 in 92510A444_Aluminum Unthreaded Spacer-3
2026-06-23 10:32:43,278 INFO  ExportHelperExtension.cs: 1145 - Found 0 features of type [CoordSys] in 92510A444_Aluminum Unthreaded Spacer-3
2026-06-23 10:32:43,278 INFO  ExportHelperExtension.cs: 1125 - Retrieving features of type [CoordSys] from 92510A444_Aluminum Unthreaded Spacer-4
2026-06-23 10:32:43,278 INFO  ExportHelperExtension.cs: 1136 - Found 29 in 92510A444_Aluminum Unthreaded Spacer-4
2026-06-23 10:32:43,279 INFO  ExportHelperExtension.cs: 1145 - Found 0 features of type [CoordSys] in 92510A444_Aluminum Unthreaded Spacer-4
2026-06-23 10:32:43,279 INFO  ExportHelperExtension.cs: 1125 - Retrieving features of type [CoordSys] from d24v150fx-step-down-voltage-regulator-1
2026-06-23 10:32:43,279 INFO  ExportHelperExtension.cs: 1136 - Found 34 in d24v150fx-step-down-voltage-regulator-1
2026-06-23 10:32:43,279 INFO  ExportHelperExtension.cs: 1145 - Found 0 features of type [CoordSys] in d24v150fx-step-down-voltage-regulator-1
2026-06-23 10:32:43,280 INFO  ExportHelperExtension.cs: 1125 - Retrieving features of type [CoordSys] from 92510A444_Aluminum Unthreaded Spacer-1
2026-06-23 10:32:43,280 INFO  ExportHelperExtension.cs: 1136 - Found 29 in 92510A444_Aluminum Unthreaded Spacer-1
2026-06-23 10:32:43,280 INFO  ExportHelperExtension.cs: 1145 - Found 0 features of type [CoordSys] in 92510A444_Aluminum Unthreaded Spacer-1
2026-06-23 10:32:43,280 INFO  ExportHelperExtension.cs: 1125 - Retrieving features of type [CoordSys] from Lidar_control_box-1
2026-06-23 10:32:43,281 INFO  ExportHelperExtension.cs: 1136 - Found 31 in Lidar_control_box-1
2026-06-23 10:32:43,281 INFO  ExportHelperExtension.cs: 1145 - Found 0 features of type [CoordSys] in Lidar_control_box-1
2026-06-23 10:32:43,281 INFO  ExportHelperExtension.cs: 1125 - Retrieving features of type [CoordSys] from eth_to_usb_adpt-1
2026-06-23 10:32:43,281 INFO  ExportHelperExtension.cs: 1136 - Found 23 in eth_to_usb_adpt-1
2026-06-23 10:32:43,282 INFO  ExportHelperExtension.cs: 1145 - Found 0 features of type [CoordSys] in eth_to_usb_adpt-1
2026-06-23 10:32:43,282 INFO  ExportHelperExtension.cs: 1125 - Retrieving features of type [CoordSys] from 92510A444_Aluminum Unthreaded Spacer-2
2026-06-23 10:32:43,282 INFO  ExportHelperExtension.cs: 1136 - Found 29 in 92510A444_Aluminum Unthreaded Spacer-2
2026-06-23 10:32:43,282 INFO  ExportHelperExtension.cs: 1145 - Found 0 features of type [CoordSys] in 92510A444_Aluminum Unthreaded Spacer-2
2026-06-23 10:32:43,282 INFO  ExportHelperExtension.cs: 1125 - Retrieving features of type [CoordSys] from Pi_Camera_module_3-2
2026-06-23 10:32:43,283 INFO  ExportHelperExtension.cs: 1136 - Found 563 in Pi_Camera_module_3-2
2026-06-23 10:32:43,286 INFO  ExportHelperExtension.cs: 1145 - Found 0 features of type [CoordSys] in Pi_Camera_module_3-2
2026-06-23 10:32:43,286 INFO  ExportHelperExtension.cs: 1125 - Retrieving features of type [RefAxis] from Lidar_PKG
2026-06-23 10:32:43,286 INFO  ExportHelperExtension.cs: 1136 - Found 71 in Lidar_PKG
2026-06-23 10:32:43,287 INFO  ExportHelperExtension.cs: 1145 - Found 0 features of type [RefAxis] in Lidar_PKG
2026-06-23 10:32:43,287 INFO  ExportHelperExtension.cs: 1148 - Proceeding through assembly components
2026-06-23 10:32:43,287 INFO  ExportHelperExtension.cs: 1160 - 14 components to check
2026-06-23 10:32:43,287 INFO  ExportHelperExtension.cs: 1125 - Retrieving features of type [RefAxis] from Pi_Camera_module_3-1
2026-06-23 10:32:43,288 INFO  ExportHelperExtension.cs: 1136 - Found 563 in Pi_Camera_module_3-1
2026-06-23 10:32:43,289 INFO  ExportHelperExtension.cs: 1145 - Found 0 features of type [RefAxis] in Pi_Camera_module_3-1
2026-06-23 10:32:43,289 INFO  ExportHelperExtension.cs: 1125 - Retrieving features of type [RefAxis] from RASPBERRY_PI_5_1-1
2026-06-23 10:32:43,347 INFO  ExportHelperExtension.cs: 1136 - Found 23 in RASPBERRY_PI_5_1-1
2026-06-23 10:32:43,347 INFO  ExportHelperExtension.cs: 1145 - Found 0 features of type [RefAxis] in RASPBERRY_PI_5_1-1
2026-06-23 10:32:43,347 INFO  ExportHelperExtension.cs: 1125 - Retrieving features of type [RefAxis] from Lidar_pkg_box-1
2026-06-23 10:32:43,348 INFO  ExportHelperExtension.cs: 1136 - Found 31 in Lidar_pkg_box-1
2026-06-23 10:32:43,348 INFO  ExportHelperExtension.cs: 1145 - Found 0 features of type [RefAxis] in Lidar_pkg_box-1
2026-06-23 10:32:43,348 INFO  ExportHelperExtension.cs: 1125 - Retrieving features of type [RefAxis] from Ouster OS-1-2
2026-06-23 10:32:43,348 INFO  ExportHelperExtension.cs: 1136 - Found 83 in Ouster OS-1-2
2026-06-23 10:32:43,349 INFO  ExportHelperExtension.cs: 1145 - Found 0 features of type [RefAxis] in Ouster OS-1-2
2026-06-23 10:32:43,349 INFO  ExportHelperExtension.cs: 1125 - Retrieving features of type [RefAxis] from Lidar_cap-1
2026-06-23 10:32:43,349 INFO  ExportHelperExtension.cs: 1136 - Found 26 in Lidar_cap-1
2026-06-23 10:32:43,349 INFO  ExportHelperExtension.cs: 1145 - Found 0 features of type [RefAxis] in Lidar_cap-1
2026-06-23 10:32:43,349 INFO  ExportHelperExtension.cs: 1125 - Retrieving features of type [RefAxis] from 92510A444_Aluminum Unthreaded Spacer-3
2026-06-23 10:32:43,350 INFO  ExportHelperExtension.cs: 1136 - Found 29 in 92510A444_Aluminum Unthreaded Spacer-3
2026-06-23 10:32:43,350 INFO  ExportHelperExtension.cs: 1145 - Found 0 features of type [RefAxis] in 92510A444_Aluminum Unthreaded Spacer-3
2026-06-23 10:32:43,350 INFO  ExportHelperExtension.cs: 1125 - Retrieving features of type [RefAxis] from 92510A444_Aluminum Unthreaded Spacer-4
2026-06-23 10:32:43,350 INFO  ExportHelperExtension.cs: 1136 - Found 29 in 92510A444_Aluminum Unthreaded Spacer-4
2026-06-23 10:32:43,350 INFO  ExportHelperExtension.cs: 1145 - Found 0 features of type [RefAxis] in 92510A444_Aluminum Unthreaded Spacer-4
2026-06-23 10:32:43,351 INFO  ExportHelperExtension.cs: 1125 - Retrieving features of type [RefAxis] from d24v150fx-step-down-voltage-regulator-1
2026-06-23 10:32:43,351 INFO  ExportHelperExtension.cs: 1136 - Found 34 in d24v150fx-step-down-voltage-regulator-1
2026-06-23 10:32:43,351 INFO  ExportHelperExtension.cs: 1145 - Found 0 features of type [RefAxis] in d24v150fx-step-down-voltage-regulator-1
2026-06-23 10:32:43,351 INFO  ExportHelperExtension.cs: 1125 - Retrieving features of type [RefAxis] from 92510A444_Aluminum Unthreaded Spacer-1
2026-06-23 10:32:43,351 INFO  ExportHelperExtension.cs: 1136 - Found 29 in 92510A444_Aluminum Unthreaded Spacer-1
2026-06-23 10:32:43,352 INFO  ExportHelperExtension.cs: 1145 - Found 0 features of type [RefAxis] in 92510A444_Aluminum Unthreaded Spacer-1
2026-06-23 10:32:43,352 INFO  ExportHelperExtension.cs: 1125 - Retrieving features of type [RefAxis] from Lidar_control_box-1
2026-06-23 10:32:43,352 INFO  ExportHelperExtension.cs: 1136 - Found 31 in Lidar_control_box-1
2026-06-23 10:32:43,352 INFO  ExportHelperExtension.cs: 1145 - Found 0 features of type [RefAxis] in Lidar_control_box-1
2026-06-23 10:32:43,352 INFO  ExportHelperExtension.cs: 1125 - Retrieving features of type [RefAxis] from eth_to_usb_adpt-1
2026-06-23 10:32:43,353 INFO  ExportHelperExtension.cs: 1136 - Found 23 in eth_to_usb_adpt-1
2026-06-23 10:32:43,353 INFO  ExportHelperExtension.cs: 1145 - Found 0 features of type [RefAxis] in eth_to_usb_adpt-1
2026-06-23 10:32:43,353 INFO  ExportHelperExtension.cs: 1125 - Retrieving features of type [RefAxis] from 92510A444_Aluminum Unthreaded Spacer-2
2026-06-23 10:32:43,353 INFO  ExportHelperExtension.cs: 1136 - Found 29 in 92510A444_Aluminum Unthreaded Spacer-2
2026-06-23 10:32:43,353 INFO  ExportHelperExtension.cs: 1145 - Found 0 features of type [RefAxis] in 92510A444_Aluminum Unthreaded Spacer-2
2026-06-23 10:32:43,354 INFO  ExportHelperExtension.cs: 1125 - Retrieving features of type [RefAxis] from Pi_Camera_module_3-2
2026-06-23 10:32:43,354 INFO  ExportHelperExtension.cs: 1136 - Found 563 in Pi_Camera_module_3-2
2026-06-23 10:32:43,355 INFO  ExportHelperExtension.cs: 1145 - Found 0 features of type [RefAxis] in Pi_Camera_module_3-2
2026-06-23 10:32:44,253 INFO  SwAddin.cs: 339 - Loading config tree
2026-06-23 10:32:44,254 INFO  ExportPropertyManagerExtension.cs: 520 - Starting new configuration
2026-06-23 10:32:44,256 INFO  SwAddin.cs: 344 - Showing property manager
2026-06-23 10:32:46,467 INFO  ExportPropertyManager.cs: 1142 - AfterClose called. This method no longer throws an Exception. It just silently does nothing. Ok, except for this logging message
2026-06-23 10:32:50,727 INFO  SwAddin.cs: 294 - Assembly export called for file Lidar_PKG
2026-06-23 10:32:51,778 INFO  SwAddin.cs: 313 - Saving assembly
2026-06-23 10:32:53,605 INFO  SwAddin.cs: 316 - Opening property manager
2026-06-23 10:32:53,606 INFO  ExportHelperExtension.cs: 1125 - Retrieving features of type [CoordSys] from Lidar_PKG
2026-06-23 10:32:53,606 INFO  ExportHelperExtension.cs: 1136 - Found 71 in Lidar_PKG
2026-06-23 10:32:53,606 INFO  ExportHelperExtension.cs: 1145 - Found 0 features of type [CoordSys] in Lidar_PKG
2026-06-23 10:32:53,607 INFO  ExportHelperExtension.cs: 1148 - Proceeding through assembly components
2026-06-23 10:32:53,607 INFO  ExportHelperExtension.cs: 1160 - 14 components to check
2026-06-23 10:32:53,607 INFO  ExportHelperExtension.cs: 1125 - Retrieving features of type [CoordSys] from Pi_Camera_module_3-1
2026-06-23 10:32:53,607 INFO  ExportHelperExtension.cs: 1136 - Found 563 in Pi_Camera_module_3-1
2026-06-23 10:32:53,609 INFO  ExportHelperExtension.cs: 1145 - Found 0 features of type [CoordSys] in Pi_Camera_module_3-1
2026-06-23 10:32:53,609 INFO  ExportHelperExtension.cs: 1125 - Retrieving features of type [CoordSys] from RASPBERRY_PI_5_1-1
2026-06-23 10:32:53,609 INFO  ExportHelperExtension.cs: 1136 - Found 23 in RASPBERRY_PI_5_1-1
2026-06-23 10:32:53,609 INFO  ExportHelperExtension.cs: 1145 - Found 0 features of type [CoordSys] in RASPBERRY_PI_5_1-1
2026-06-23 10:32:53,609 INFO  ExportHelperExtension.cs: 1125 - Retrieving features of type [CoordSys] from Lidar_pkg_box-1
2026-06-23 10:32:53,610 INFO  ExportHelperExtension.cs: 1136 - Found 31 in Lidar_pkg_box-1
2026-06-23 10:32:53,610 INFO  ExportHelperExtension.cs: 1145 - Found 0 features of type [CoordSys] in Lidar_pkg_box-1
2026-06-23 10:32:53,610 INFO  ExportHelperExtension.cs: 1125 - Retrieving features of type [CoordSys] from Ouster OS-1-2
2026-06-23 10:32:53,610 INFO  ExportHelperExtension.cs: 1136 - Found 83 in Ouster OS-1-2
2026-06-23 10:32:53,611 INFO  ExportHelperExtension.cs: 1145 - Found 0 features of type [CoordSys] in Ouster OS-1-2
2026-06-23 10:32:53,611 INFO  ExportHelperExtension.cs: 1125 - Retrieving features of type [CoordSys] from Lidar_cap-1
2026-06-23 10:32:53,611 INFO  ExportHelperExtension.cs: 1136 - Found 26 in Lidar_cap-1
2026-06-23 10:32:53,611 INFO  ExportHelperExtension.cs: 1145 - Found 0 features of type [CoordSys] in Lidar_cap-1
2026-06-23 10:32:53,612 INFO  ExportHelperExtension.cs: 1125 - Retrieving features of type [CoordSys] from 92510A444_Aluminum Unthreaded Spacer-3
2026-06-23 10:32:53,612 INFO  ExportHelperExtension.cs: 1136 - Found 29 in 92510A444_Aluminum Unthreaded Spacer-3
2026-06-23 10:32:53,612 INFO  ExportHelperExtension.cs: 1145 - Found 0 features of type [CoordSys] in 92510A444_Aluminum Unthreaded Spacer-3
2026-06-23 10:32:53,612 INFO  ExportHelperExtension.cs: 1125 - Retrieving features of type [CoordSys] from 92510A444_Aluminum Unthreaded Spacer-4
2026-06-23 10:32:53,612 INFO  ExportHelperExtension.cs: 1136 - Found 29 in 92510A444_Aluminum Unthreaded Spacer-4
2026-06-23 10:32:53,613 INFO  ExportHelperExtension.cs: 1145 - Found 0 features of type [CoordSys] in 92510A444_Aluminum Unthreaded Spacer-4
2026-06-23 10:32:53,613 INFO  ExportHelperExtension.cs: 1125 - Retrieving features of type [CoordSys] from d24v150fx-step-down-voltage-regulator-1
2026-06-23 10:32:53,613 INFO  ExportHelperExtension.cs: 1136 - Found 34 in d24v150fx-step-down-voltage-regulator-1
2026-06-23 10:32:53,613 INFO  ExportHelperExtension.cs: 1145 - Found 0 features of type [CoordSys] in d24v150fx-step-down-voltage-regulator-1
2026-06-23 10:32:53,613 INFO  ExportHelperExtension.cs: 1125 - Retrieving features of type [CoordSys] from 92510A444_Aluminum Unthreaded Spacer-1
2026-06-23 10:32:53,614 INFO  ExportHelperExtension.cs: 1136 - Found 29 in 92510A444_Aluminum Unthreaded Spacer-1
2026-06-23 10:32:53,614 INFO  ExportHelperExtension.cs: 1145 - Found 0 features of type [CoordSys] in 92510A444_Aluminum Unthreaded Spacer-1
2026-06-23 10:32:53,614 INFO  ExportHelperExtension.cs: 1125 - Retrieving features of type [CoordSys] from Lidar_control_box-1
2026-06-23 10:32:53,614 INFO  ExportHelperExtension.cs: 1136 - Found 31 in Lidar_control_box-1
2026-06-23 10:32:53,614 INFO  ExportHelperExtension.cs: 1145 - Found 0 features of type [CoordSys] in Lidar_control_box-1
2026-06-23 10:32:53,615 INFO  ExportHelperExtension.cs: 1125 - Retrieving features of type [CoordSys] from eth_to_usb_adpt-1
2026-06-23 10:32:53,615 INFO  ExportHelperExtension.cs: 1136 - Found 23 in eth_to_usb_adpt-1
2026-06-23 10:32:53,615 INFO  ExportHelperExtension.cs: 1145 - Found 0 features of type [CoordSys] in eth_to_usb_adpt-1
2026-06-23 10:32:53,615 INFO  ExportHelperExtension.cs: 1125 - Retrieving features of type [CoordSys] from 92510A444_Aluminum Unthreaded Spacer-2
2026-06-23 10:32:53,615 INFO  ExportHelperExtension.cs: 1136 - Found 29 in 92510A444_Aluminum Unthreaded Spacer-2
2026-06-23 10:32:53,616 INFO  ExportHelperExtension.cs: 1145 - Found 0 features of type [CoordSys] in 92510A444_Aluminum Unthreaded Spacer-2
2026-06-23 10:32:53,616 INFO  ExportHelperExtension.cs: 1125 - Retrieving features of type [CoordSys] from Pi_Camera_module_3-2
2026-06-23 10:32:53,616 INFO  ExportHelperExtension.cs: 1136 - Found 563 in Pi_Camera_module_3-2
2026-06-23 10:32:53,617 INFO  ExportHelperExtension.cs: 1145 - Found 0 features of type [CoordSys] in Pi_Camera_module_3-2
2026-06-23 10:32:53,617 INFO  ExportHelperExtension.cs: 1125 - Retrieving features of type [RefAxis] from Lidar_PKG
2026-06-23 10:32:53,618 INFO  ExportHelperExtension.cs: 1136 - Found 71 in Lidar_PKG
2026-06-23 10:32:53,618 INFO  ExportHelperExtension.cs: 1145 - Found 0 features of type [RefAxis] in Lidar_PKG
2026-06-23 10:32:53,618 INFO  ExportHelperExtension.cs: 1148 - Proceeding through assembly components
2026-06-23 10:32:53,618 INFO  ExportHelperExtension.cs: 1160 - 14 components to check
2026-06-23 10:32:53,618 INFO  ExportHelperExtension.cs: 1125 - Retrieving features of type [RefAxis] from Pi_Camera_module_3-1
2026-06-23 10:32:53,619 INFO  ExportHelperExtension.cs: 1136 - Found 563 in Pi_Camera_module_3-1
2026-06-23 10:32:53,620 INFO  ExportHelperExtension.cs: 1145 - Found 0 features of type [RefAxis] in Pi_Camera_module_3-1
2026-06-23 10:32:53,620 INFO  ExportHelperExtension.cs: 1125 - Retrieving features of type [RefAxis] from RASPBERRY_PI_5_1-1
2026-06-23 10:32:53,620 INFO  ExportHelperExtension.cs: 1136 - Found 23 in RASPBERRY_PI_5_1-1
2026-06-23 10:32:53,620 INFO  ExportHelperExtension.cs: 1145 - Found 0 features of type [RefAxis] in RASPBERRY_PI_5_1-1
2026-06-23 10:32:53,621 INFO  ExportHelperExtension.cs: 1125 - Retrieving features of type [RefAxis] from Lidar_pkg_box-1
2026-06-23 10:32:53,621 INFO  ExportHelperExtension.cs: 1136 - Found 31 in Lidar_pkg_box-1
2026-06-23 10:32:53,621 INFO  ExportHelperExtension.cs: 1145 - Found 0 features of type [RefAxis] in Lidar_pkg_box-1
2026-06-23 10:32:53,621 INFO  ExportHelperExtension.cs: 1125 - Retrieving features of type [RefAxis] from Ouster OS-1-2
2026-06-23 10:32:53,622 INFO  ExportHelperExtension.cs: 1136 - Found 83 in Ouster OS-1-2
2026-06-23 10:32:53,622 INFO  ExportHelperExtension.cs: 1145 - Found 0 features of type [RefAxis] in Ouster OS-1-2
2026-06-23 10:32:53,622 INFO  ExportHelperExtension.cs: 1125 - Retrieving features of type [RefAxis] from Lidar_cap-1
2026-06-23 10:32:53,622 INFO  ExportHelperExtension.cs: 1136 - Found 26 in Lidar_cap-1
2026-06-23 10:32:53,622 INFO  ExportHelperExtension.cs: 1145 - Found 0 features of type [RefAxis] in Lidar_cap-1
2026-06-23 10:32:53,623 INFO  ExportHelperExtension.cs: 1125 - Retrieving features of type [RefAxis] from 92510A444_Aluminum Unthreaded Spacer-3
2026-06-23 10:32:53,623 INFO  ExportHelperExtension.cs: 1136 - Found 29 in 92510A444_Aluminum Unthreaded Spacer-3
2026-06-23 10:32:53,623 INFO  ExportHelperExtension.cs: 1145 - Found 0 features of type [RefAxis] in 92510A444_Aluminum Unthreaded Spacer-3
2026-06-23 10:32:53,623 INFO  ExportHelperExtension.cs: 1125 - Retrieving features of type [RefAxis] from 92510A444_Aluminum Unthreaded Spacer-4
2026-06-23 10:32:53,623 INFO  ExportHelperExtension.cs: 1136 - Found 29 in 92510A444_Aluminum Unthreaded Spacer-4
2026-06-23 10:32:53,624 INFO  ExportHelperExtension.cs: 1145 - Found 0 features of type [RefAxis] in 92510A444_Aluminum Unthreaded Spacer-4
2026-06-23 10:32:53,624 INFO  ExportHelperExtension.cs: 1125 - Retrieving features of type [RefAxis] from d24v150fx-step-down-voltage-regulator-1
2026-06-23 10:32:53,624 INFO  ExportHelperExtension.cs: 1136 - Found 34 in d24v150fx-step-down-voltage-regulator-1
2026-06-23 10:32:53,625 INFO  ExportHelperExtension.cs: 1145 - Found 0 features of type [RefAxis] in d24v150fx-step-down-voltage-regulator-1
2026-06-23 10:32:53,625 INFO  ExportHelperExtension.cs: 1125 - Retrieving features of type [RefAxis] from 92510A444_Aluminum Unthreaded Spacer-1
2026-06-23 10:32:53,625 INFO  ExportHelperExtension.cs: 1136 - Found 29 in 92510A444_Aluminum Unthreaded Spacer-1
2026-06-23 10:32:53,625 INFO  ExportHelperExtension.cs: 1145 - Found 0 features of type [RefAxis] in 92510A444_Aluminum Unthreaded Spacer-1
2026-06-23 10:32:53,625 INFO  ExportHelperExtension.cs: 1125 - Retrieving features of type [RefAxis] from Lidar_control_box-1
2026-06-23 10:32:53,626 INFO  ExportHelperExtension.cs: 1136 - Found 31 in Lidar_control_box-1
2026-06-23 10:32:53,626 INFO  ExportHelperExtension.cs: 1145 - Found 0 features of type [RefAxis] in Lidar_control_box-1
2026-06-23 10:32:53,626 INFO  ExportHelperExtension.cs: 1125 - Retrieving features of type [RefAxis] from eth_to_usb_adpt-1
2026-06-23 10:32:53,626 INFO  ExportHelperExtension.cs: 1136 - Found 23 in eth_to_usb_adpt-1
2026-06-23 10:32:53,626 INFO  ExportHelperExtension.cs: 1145 - Found 0 features of type [RefAxis] in eth_to_usb_adpt-1
2026-06-23 10:32:53,626 INFO  ExportHelperExtension.cs: 1125 - Retrieving features of type [RefAxis] from 92510A444_Aluminum Unthreaded Spacer-2
2026-06-23 10:32:53,627 INFO  ExportHelperExtension.cs: 1136 - Found 29 in 92510A444_Aluminum Unthreaded Spacer-2
2026-06-23 10:32:53,627 INFO  ExportHelperExtension.cs: 1145 - Found 0 features of type [RefAxis] in 92510A444_Aluminum Unthreaded Spacer-2
2026-06-23 10:32:53,627 INFO  ExportHelperExtension.cs: 1125 - Retrieving features of type [RefAxis] from Pi_Camera_module_3-2
2026-06-23 10:32:53,627 INFO  ExportHelperExtension.cs: 1136 - Found 563 in Pi_Camera_module_3-2
2026-06-23 10:32:53,629 INFO  ExportHelperExtension.cs: 1145 - Found 0 features of type [RefAxis] in Pi_Camera_module_3-2
2026-06-23 10:32:54,272 INFO  SwAddin.cs: 339 - Loading config tree
2026-06-23 10:32:54,272 INFO  ExportPropertyManagerExtension.cs: 520 - Starting new configuration
2026-06-23 10:32:54,274 INFO  SwAddin.cs: 344 - Showing property manager
2026-06-23 10:32:58,278 INFO  ExportPropertyManager.cs: 1018 - OnComboboxSelectionChanged called. This method no longer throws an Exception. It just silently does nothing. Ok, except for this logging message
2026-06-23 10:33:11,986 INFO  ExportPropertyManager.cs: 1136 - OnNumberBoxTrackingCompleted called. This method no longer throws an Exception. It just silently does nothing. Ok, except for this logging message
2026-06-23 10:33:42,977 INFO  ExportPropertyManager.cs: 1018 - OnComboboxSelectionChanged called. This method no longer throws an Exception. It just silently does nothing. Ok, except for this logging message
2026-06-23 10:33:54,917 INFO  ExportPropertyManager.cs: 1136 - OnNumberBoxTrackingCompleted called. This method no longer throws an Exception. It just silently does nothing. Ok, except for this logging message
2026-06-23 10:33:55,879 INFO  ExportPropertyManager.cs: 1136 - OnNumberBoxTrackingCompleted called. This method no longer throws an Exception. It just silently does nothing. Ok, except for this logging message
2026-06-23 10:34:33,973 INFO  ExportPropertyManager.cs: 1018 - OnComboboxSelectionChanged called. This method no longer throws an Exception. It just silently does nothing. Ok, except for this logging message
2026-06-23 10:34:38,969 INFO  ExportPropertyManager.cs: 1018 - OnComboboxSelectionChanged called. This method no longer throws an Exception. It just silently does nothing. Ok, except for this logging message
2026-06-23 10:35:48,782 INFO  ExportPropertyManager.cs: 422 - Configuration saved
2026-06-23 10:35:51,594 INFO  ExportHelperExtension.cs: 347 - Creating joint cam1_link
2026-06-23 10:35:51,594 INFO  ExportHelperExtension.cs: 1397 - Fixing components for base_link
2026-06-23 10:35:51,595 INFO  ExportHelperExtension.cs: 1402 - Fixing 26
2026-06-23 10:35:51,595 INFO  ExportHelperExtension.cs: 1402 - Fixing 24
2026-06-23 10:35:51,595 INFO  ExportHelperExtension.cs: 1402 - Fixing 113
2026-06-23 10:35:51,595 INFO  ExportHelperExtension.cs: 1402 - Fixing 114
2026-06-23 10:35:51,595 INFO  ExportHelperExtension.cs: 1402 - Fixing 110
2026-06-23 10:35:51,596 INFO  ExportHelperExtension.cs: 1402 - Fixing 115
2026-06-23 10:35:52,049 INFO  ExportHelperExtension.cs: 832 - R1: 0, 0
2026-06-23 10:35:52,050 INFO  ExportHelperExtension.cs: 841 - R2: 0, 0
2026-06-23 10:35:52,050 INFO  ExportHelperExtension.cs: 849 - L1: 0
2026-06-23 10:35:52,050 INFO  ExportHelperExtension.cs: 857 - L2: 0
2026-06-23 10:35:52,050 INFO  ExportHelperExtension.cs: 1352 - Unfixing component 26
2026-06-23 10:35:52,051 INFO  ExportHelperExtension.cs: 1352 - Unfixing component 24
2026-06-23 10:35:52,051 INFO  ExportHelperExtension.cs: 1352 - Unfixing component 113
2026-06-23 10:35:52,051 INFO  ExportHelperExtension.cs: 1352 - Unfixing component 114
2026-06-23 10:35:52,051 INFO  ExportHelperExtension.cs: 1352 - Unfixing component 110
2026-06-23 10:35:52,051 INFO  ExportHelperExtension.cs: 1352 - Unfixing component 115
2026-06-23 10:35:54,481 WARN  ExportHelperExtension.cs: 351 - Creating joint from parent base_link to child cam1_link failed
2026-06-23 10:35:56,015 INFO  ExportHelperExtension.cs: 347 - Creating joint cam2_link
2026-06-23 10:35:56,015 INFO  ExportHelperExtension.cs: 1397 - Fixing components for base_link
2026-06-23 10:35:56,016 INFO  ExportHelperExtension.cs: 1402 - Fixing 26
2026-06-23 10:35:56,016 INFO  ExportHelperExtension.cs: 1402 - Fixing 24
2026-06-23 10:35:56,016 INFO  ExportHelperExtension.cs: 1402 - Fixing 113
2026-06-23 10:35:56,016 INFO  ExportHelperExtension.cs: 1402 - Fixing 114
2026-06-23 10:35:56,017 INFO  ExportHelperExtension.cs: 1402 - Fixing 110
2026-06-23 10:35:56,017 INFO  ExportHelperExtension.cs: 1402 - Fixing 115
2026-06-23 10:35:56,702 INFO  ExportHelperExtension.cs: 832 - R1: 0, 0
2026-06-23 10:35:56,702 INFO  ExportHelperExtension.cs: 841 - R2: 0, 0
2026-06-23 10:35:56,702 INFO  ExportHelperExtension.cs: 849 - L1: 0
2026-06-23 10:35:56,702 INFO  ExportHelperExtension.cs: 857 - L2: 0
2026-06-23 10:35:56,703 INFO  ExportHelperExtension.cs: 1352 - Unfixing component 26
2026-06-23 10:35:56,703 INFO  ExportHelperExtension.cs: 1352 - Unfixing component 24
2026-06-23 10:35:56,703 INFO  ExportHelperExtension.cs: 1352 - Unfixing component 113
2026-06-23 10:35:56,703 INFO  ExportHelperExtension.cs: 1352 - Unfixing component 114
2026-06-23 10:35:56,703 INFO  ExportHelperExtension.cs: 1352 - Unfixing component 110
2026-06-23 10:35:56,703 INFO  ExportHelperExtension.cs: 1352 - Unfixing component 115
2026-06-23 10:36:00,623 WARN  ExportHelperExtension.cs: 351 - Creating joint from parent base_link to child cam2_link failed
2026-06-23 10:36:02,376 INFO  ExportHelperExtension.cs: 347 - Creating joint lidar_Link
2026-06-23 10:36:02,376 INFO  ExportHelperExtension.cs: 1397 - Fixing components for base_link
2026-06-23 10:36:02,376 INFO  ExportHelperExtension.cs: 1402 - Fixing 26
2026-06-23 10:36:02,377 INFO  ExportHelperExtension.cs: 1402 - Fixing 24
2026-06-23 10:36:02,377 INFO  ExportHelperExtension.cs: 1402 - Fixing 113
2026-06-23 10:36:02,377 INFO  ExportHelperExtension.cs: 1402 - Fixing 114
2026-06-23 10:36:02,377 INFO  ExportHelperExtension.cs: 1402 - Fixing 110
2026-06-23 10:36:02,377 INFO  ExportHelperExtension.cs: 1402 - Fixing 115
2026-06-23 10:36:03,152 INFO  ExportHelperExtension.cs: 832 - R1: 0, 0
2026-06-23 10:36:03,152 INFO  ExportHelperExtension.cs: 841 - R2: 0, 0
2026-06-23 10:36:03,152 INFO  ExportHelperExtension.cs: 849 - L1: 0
2026-06-23 10:36:03,152 INFO  ExportHelperExtension.cs: 857 - L2: 0
2026-06-23 10:36:03,153 INFO  ExportHelperExtension.cs: 1352 - Unfixing component 26
2026-06-23 10:36:03,153 INFO  ExportHelperExtension.cs: 1352 - Unfixing component 24
2026-06-23 10:36:03,153 INFO  ExportHelperExtension.cs: 1352 - Unfixing component 113
2026-06-23 10:36:03,153 INFO  ExportHelperExtension.cs: 1352 - Unfixing component 114
2026-06-23 10:36:03,153 INFO  ExportHelperExtension.cs: 1352 - Unfixing component 110
2026-06-23 10:36:03,153 INFO  ExportHelperExtension.cs: 1352 - Unfixing component 115
2026-06-23 10:36:06,530 WARN  ExportHelperExtension.cs: 351 - Creating joint from parent base_link to child lidar_Link failed
2026-06-23 10:36:07,057 INFO  ExportHelperExtension.cs: 1125 - Retrieving features of type [CoordSys] from Lidar_PKG
2026-06-23 10:36:07,057 INFO  ExportHelperExtension.cs: 1136 - Found 77 in Lidar_PKG
2026-06-23 10:36:07,058 INFO  ExportHelperExtension.cs: 1145 - Found 4 features of type [CoordSys] in Lidar_PKG
2026-06-23 10:36:07,058 INFO  ExportHelperExtension.cs: 1148 - Proceeding through assembly components
2026-06-23 10:36:07,058 INFO  ExportHelperExtension.cs: 1160 - 14 components to check
2026-06-23 10:36:07,058 INFO  ExportHelperExtension.cs: 1125 - Retrieving features of type [CoordSys] from Pi_Camera_module_3-1
2026-06-23 10:36:07,059 INFO  ExportHelperExtension.cs: 1136 - Found 563 in Pi_Camera_module_3-1
2026-06-23 10:36:07,060 INFO  ExportHelperExtension.cs: 1145 - Found 0 features of type [CoordSys] in Pi_Camera_module_3-1
2026-06-23 10:36:07,061 INFO  ExportHelperExtension.cs: 1125 - Retrieving features of type [CoordSys] from RASPBERRY_PI_5_1-1
2026-06-23 10:36:07,061 INFO  ExportHelperExtension.cs: 1136 - Found 23 in RASPBERRY_PI_5_1-1
2026-06-23 10:36:07,061 INFO  ExportHelperExtension.cs: 1145 - Found 0 features of type [CoordSys] in RASPBERRY_PI_5_1-1
2026-06-23 10:36:07,061 INFO  ExportHelperExtension.cs: 1125 - Retrieving features of type [CoordSys] from Lidar_pkg_box-1
2026-06-23 10:36:07,061 INFO  ExportHelperExtension.cs: 1136 - Found 31 in Lidar_pkg_box-1
2026-06-23 10:36:07,062 INFO  ExportHelperExtension.cs: 1145 - Found 0 features of type [CoordSys] in Lidar_pkg_box-1
2026-06-23 10:36:07,062 INFO  ExportHelperExtension.cs: 1125 - Retrieving features of type [CoordSys] from Ouster OS-1-2
2026-06-23 10:36:07,062 INFO  ExportHelperExtension.cs: 1136 - Found 83 in Ouster OS-1-2
2026-06-23 10:36:07,063 INFO  ExportHelperExtension.cs: 1145 - Found 0 features of type [CoordSys] in Ouster OS-1-2
2026-06-23 10:36:07,063 INFO  ExportHelperExtension.cs: 1125 - Retrieving features of type [CoordSys] from Lidar_cap-1
2026-06-23 10:36:07,063 INFO  ExportHelperExtension.cs: 1136 - Found 26 in Lidar_cap-1
2026-06-23 10:36:07,063 INFO  ExportHelperExtension.cs: 1145 - Found 0 features of type [CoordSys] in Lidar_cap-1
2026-06-23 10:36:07,063 INFO  ExportHelperExtension.cs: 1125 - Retrieving features of type [CoordSys] from 92510A444_Aluminum Unthreaded Spacer-3
2026-06-23 10:36:07,064 INFO  ExportHelperExtension.cs: 1136 - Found 29 in 92510A444_Aluminum Unthreaded Spacer-3
2026-06-23 10:36:07,064 INFO  ExportHelperExtension.cs: 1145 - Found 0 features of type [CoordSys] in 92510A444_Aluminum Unthreaded Spacer-3
2026-06-23 10:36:07,064 INFO  ExportHelperExtension.cs: 1125 - Retrieving features of type [CoordSys] from 92510A444_Aluminum Unthreaded Spacer-4
2026-06-23 10:36:07,064 INFO  ExportHelperExtension.cs: 1136 - Found 29 in 92510A444_Aluminum Unthreaded Spacer-4
2026-06-23 10:36:07,067 INFO  ExportHelperExtension.cs: 1145 - Found 0 features of type [CoordSys] in 92510A444_Aluminum Unthreaded Spacer-4
2026-06-23 10:36:07,067 INFO  ExportHelperExtension.cs: 1125 - Retrieving features of type [CoordSys] from d24v150fx-step-down-voltage-regulator-1
2026-06-23 10:36:07,124 INFO  ExportHelperExtension.cs: 1136 - Found 34 in d24v150fx-step-down-voltage-regulator-1
2026-06-23 10:36:07,125 INFO  ExportHelperExtension.cs: 1145 - Found 0 features of type [CoordSys] in d24v150fx-step-down-voltage-regulator-1
2026-06-23 10:36:07,125 INFO  ExportHelperExtension.cs: 1125 - Retrieving features of type [CoordSys] from 92510A444_Aluminum Unthreaded Spacer-1
2026-06-23 10:36:07,125 INFO  ExportHelperExtension.cs: 1136 - Found 29 in 92510A444_Aluminum Unthreaded Spacer-1
2026-06-23 10:36:07,126 INFO  ExportHelperExtension.cs: 1145 - Found 0 features of type [CoordSys] in 92510A444_Aluminum Unthreaded Spacer-1
2026-06-23 10:36:07,126 INFO  ExportHelperExtension.cs: 1125 - Retrieving features of type [CoordSys] from Lidar_control_box-1
2026-06-23 10:36:07,126 INFO  ExportHelperExtension.cs: 1136 - Found 31 in Lidar_control_box-1
2026-06-23 10:36:07,126 INFO  ExportHelperExtension.cs: 1145 - Found 0 features of type [CoordSys] in Lidar_control_box-1
2026-06-23 10:36:07,127 INFO  ExportHelperExtension.cs: 1125 - Retrieving features of type [CoordSys] from eth_to_usb_adpt-1
2026-06-23 10:36:07,127 INFO  ExportHelperExtension.cs: 1136 - Found 23 in eth_to_usb_adpt-1
2026-06-23 10:36:07,127 INFO  ExportHelperExtension.cs: 1145 - Found 0 features of type [CoordSys] in eth_to_usb_adpt-1
2026-06-23 10:36:07,127 INFO  ExportHelperExtension.cs: 1125 - Retrieving features of type [CoordSys] from 92510A444_Aluminum Unthreaded Spacer-2
2026-06-23 10:36:07,127 INFO  ExportHelperExtension.cs: 1136 - Found 29 in 92510A444_Aluminum Unthreaded Spacer-2
2026-06-23 10:36:07,128 INFO  ExportHelperExtension.cs: 1145 - Found 0 features of type [CoordSys] in 92510A444_Aluminum Unthreaded Spacer-2
2026-06-23 10:36:07,128 INFO  ExportHelperExtension.cs: 1125 - Retrieving features of type [CoordSys] from Pi_Camera_module_3-2
2026-06-23 10:36:07,128 INFO  ExportHelperExtension.cs: 1136 - Found 563 in Pi_Camera_module_3-2
2026-06-23 10:36:07,130 INFO  ExportHelperExtension.cs: 1145 - Found 0 features of type [CoordSys] in Pi_Camera_module_3-2
2026-06-23 10:36:07,130 INFO  ExportHelperExtension.cs: 1125 - Retrieving features of type [RefAxis] from Lidar_PKG
2026-06-23 10:36:07,130 INFO  ExportHelperExtension.cs: 1136 - Found 77 in Lidar_PKG
2026-06-23 10:36:07,130 INFO  ExportHelperExtension.cs: 1145 - Found 0 features of type [RefAxis] in Lidar_PKG
2026-06-23 10:36:07,130 INFO  ExportHelperExtension.cs: 1148 - Proceeding through assembly components
2026-06-23 10:36:07,131 INFO  ExportHelperExtension.cs: 1160 - 14 components to check
2026-06-23 10:36:07,131 INFO  ExportHelperExtension.cs: 1125 - Retrieving features of type [RefAxis] from Pi_Camera_module_3-1
2026-06-23 10:36:07,131 INFO  ExportHelperExtension.cs: 1136 - Found 563 in Pi_Camera_module_3-1
2026-06-23 10:36:07,132 INFO  ExportHelperExtension.cs: 1145 - Found 0 features of type [RefAxis] in Pi_Camera_module_3-1
2026-06-23 10:36:07,132 INFO  ExportHelperExtension.cs: 1125 - Retrieving features of type [RefAxis] from RASPBERRY_PI_5_1-1
2026-06-23 10:36:07,133 INFO  ExportHelperExtension.cs: 1136 - Found 23 in RASPBERRY_PI_5_1-1
2026-06-23 10:36:07,133 INFO  ExportHelperExtension.cs: 1145 - Found 0 features of type [RefAxis] in RASPBERRY_PI_5_1-1
2026-06-23 10:36:07,133 INFO  ExportHelperExtension.cs: 1125 - Retrieving features of type [RefAxis] from Lidar_pkg_box-1
2026-06-23 10:36:07,133 INFO  ExportHelperExtension.cs: 1136 - Found 31 in Lidar_pkg_box-1
2026-06-23 10:36:07,134 INFO  ExportHelperExtension.cs: 1145 - Found 0 features of type [RefAxis] in Lidar_pkg_box-1
2026-06-23 10:36:07,134 INFO  ExportHelperExtension.cs: 1125 - Retrieving features of type [RefAxis] from Ouster OS-1-2
2026-06-23 10:36:07,134 INFO  ExportHelperExtension.cs: 1136 - Found 83 in Ouster OS-1-2
2026-06-23 10:36:07,134 INFO  ExportHelperExtension.cs: 1145 - Found 0 features of type [RefAxis] in Ouster OS-1-2
2026-06-23 10:36:07,135 INFO  ExportHelperExtension.cs: 1125 - Retrieving features of type [RefAxis] from Lidar_cap-1
2026-06-23 10:36:07,135 INFO  ExportHelperExtension.cs: 1136 - Found 26 in Lidar_cap-1
2026-06-23 10:36:07,135 INFO  ExportHelperExtension.cs: 1145 - Found 0 features of type [RefAxis] in Lidar_cap-1
2026-06-23 10:36:07,135 INFO  ExportHelperExtension.cs: 1125 - Retrieving features of type [RefAxis] from 92510A444_Aluminum Unthreaded Spacer-3
2026-06-23 10:36:07,135 INFO  ExportHelperExtension.cs: 1136 - Found 29 in 92510A444_Aluminum Unthreaded Spacer-3
2026-06-23 10:36:07,136 INFO  ExportHelperExtension.cs: 1145 - Found 0 features of type [RefAxis] in 92510A444_Aluminum Unthreaded Spacer-3
2026-06-23 10:36:07,136 INFO  ExportHelperExtension.cs: 1125 - Retrieving features of type [RefAxis] from 92510A444_Aluminum Unthreaded Spacer-4
2026-06-23 10:36:07,136 INFO  ExportHelperExtension.cs: 1136 - Found 29 in 92510A444_Aluminum Unthreaded Spacer-4
2026-06-23 10:36:07,136 INFO  ExportHelperExtension.cs: 1145 - Found 0 features of type [RefAxis] in 92510A444_Aluminum Unthreaded Spacer-4
2026-06-23 10:36:07,136 INFO  ExportHelperExtension.cs: 1125 - Retrieving features of type [RefAxis] from d24v150fx-step-down-voltage-regulator-1
2026-06-23 10:36:07,137 INFO  ExportHelperExtension.cs: 1136 - Found 34 in d24v150fx-step-down-voltage-regulator-1
2026-06-23 10:36:07,137 INFO  ExportHelperExtension.cs: 1145 - Found 0 features of type [RefAxis] in d24v150fx-step-down-voltage-regulator-1
2026-06-23 10:36:07,137 INFO  ExportHelperExtension.cs: 1125 - Retrieving features of type [RefAxis] from 92510A444_Aluminum Unthreaded Spacer-1
2026-06-23 10:36:07,137 INFO  ExportHelperExtension.cs: 1136 - Found 29 in 92510A444_Aluminum Unthreaded Spacer-1
2026-06-23 10:36:07,137 INFO  ExportHelperExtension.cs: 1145 - Found 0 features of type [RefAxis] in 92510A444_Aluminum Unthreaded Spacer-1
2026-06-23 10:36:07,138 INFO  ExportHelperExtension.cs: 1125 - Retrieving features of type [RefAxis] from Lidar_control_box-1
2026-06-23 10:36:07,138 INFO  ExportHelperExtension.cs: 1136 - Found 31 in Lidar_control_box-1
2026-06-23 10:36:07,138 INFO  ExportHelperExtension.cs: 1145 - Found 0 features of type [RefAxis] in Lidar_control_box-1
2026-06-23 10:36:07,138 INFO  ExportHelperExtension.cs: 1125 - Retrieving features of type [RefAxis] from eth_to_usb_adpt-1
2026-06-23 10:36:07,139 INFO  ExportHelperExtension.cs: 1136 - Found 23 in eth_to_usb_adpt-1
2026-06-23 10:36:07,139 INFO  ExportHelperExtension.cs: 1145 - Found 0 features of type [RefAxis] in eth_to_usb_adpt-1
2026-06-23 10:36:07,139 INFO  ExportHelperExtension.cs: 1125 - Retrieving features of type [RefAxis] from 92510A444_Aluminum Unthreaded Spacer-2
2026-06-23 10:36:07,139 INFO  ExportHelperExtension.cs: 1136 - Found 29 in 92510A444_Aluminum Unthreaded Spacer-2
2026-06-23 10:36:07,139 INFO  ExportHelperExtension.cs: 1145 - Found 0 features of type [RefAxis] in 92510A444_Aluminum Unthreaded Spacer-2
2026-06-23 10:36:07,140 INFO  ExportHelperExtension.cs: 1125 - Retrieving features of type [RefAxis] from Pi_Camera_module_3-2
2026-06-23 10:36:07,140 INFO  ExportHelperExtension.cs: 1136 - Found 563 in Pi_Camera_module_3-2
2026-06-23 10:36:07,142 INFO  ExportHelperExtension.cs: 1145 - Found 0 features of type [RefAxis] in Pi_Camera_module_3-2
2026-06-23 10:36:07,179 INFO  ExportPropertyManager.cs: 1142 - AfterClose called. This method no longer throws an Exception. It just silently does nothing. Ok, except for this logging message
2026-06-23 10:40:24,918 INFO  SwAddin.cs: 294 - Assembly export called for file Lidar_PKG
2026-06-23 10:40:24,918 INFO  SwAddin.cs: 299 - Save is required
2026-06-23 10:40:24,919 INFO  SwAddin.cs: 313 - Saving assembly
2026-06-23 10:40:26,913 INFO  SwAddin.cs: 316 - Opening property manager
2026-06-23 10:40:26,914 INFO  ExportHelperExtension.cs: 1125 - Retrieving features of type [CoordSys] from Lidar_PKG
2026-06-23 10:40:26,914 INFO  ExportHelperExtension.cs: 1136 - Found 77 in Lidar_PKG
2026-06-23 10:40:26,914 INFO  ExportHelperExtension.cs: 1145 - Found 4 features of type [CoordSys] in Lidar_PKG
2026-06-23 10:40:26,918 INFO  ExportHelperExtension.cs: 1148 - Proceeding through assembly components
2026-06-23 10:40:26,970 INFO  ExportHelperExtension.cs: 1160 - 14 components to check
2026-06-23 10:40:26,971 INFO  ExportHelperExtension.cs: 1125 - Retrieving features of type [CoordSys] from Pi_Camera_module_3-1
2026-06-23 10:40:26,971 INFO  ExportHelperExtension.cs: 1136 - Found 563 in Pi_Camera_module_3-1
2026-06-23 10:40:26,972 INFO  ExportHelperExtension.cs: 1145 - Found 0 features of type [CoordSys] in Pi_Camera_module_3-1
2026-06-23 10:40:26,972 INFO  ExportHelperExtension.cs: 1125 - Retrieving features of type [CoordSys] from RASPBERRY_PI_5_1-1
2026-06-23 10:40:26,973 INFO  ExportHelperExtension.cs: 1136 - Found 23 in RASPBERRY_PI_5_1-1
2026-06-23 10:40:26,973 INFO  ExportHelperExtension.cs: 1145 - Found 0 features of type [CoordSys] in RASPBERRY_PI_5_1-1
2026-06-23 10:40:26,973 INFO  ExportHelperExtension.cs: 1125 - Retrieving features of type [CoordSys] from Lidar_pkg_box-1
2026-06-23 10:40:26,973 INFO  ExportHelperExtension.cs: 1136 - Found 31 in Lidar_pkg_box-1
2026-06-23 10:40:26,974 INFO  ExportHelperExtension.cs: 1145 - Found 0 features of type [CoordSys] in Lidar_pkg_box-1
2026-06-23 10:40:26,974 INFO  ExportHelperExtension.cs: 1125 - Retrieving features of type [CoordSys] from Ouster OS-1-2
2026-06-23 10:40:26,974 INFO  ExportHelperExtension.cs: 1136 - Found 83 in Ouster OS-1-2
2026-06-23 10:40:26,974 INFO  ExportHelperExtension.cs: 1145 - Found 0 features of type [CoordSys] in Ouster OS-1-2
2026-06-23 10:40:26,974 INFO  ExportHelperExtension.cs: 1125 - Retrieving features of type [CoordSys] from Lidar_cap-1
2026-06-23 10:40:26,975 INFO  ExportHelperExtension.cs: 1136 - Found 26 in Lidar_cap-1
2026-06-23 10:40:26,975 INFO  ExportHelperExtension.cs: 1145 - Found 0 features of type [CoordSys] in Lidar_cap-1
2026-06-23 10:40:26,975 INFO  ExportHelperExtension.cs: 1125 - Retrieving features of type [CoordSys] from 92510A444_Aluminum Unthreaded Spacer-3
2026-06-23 10:40:26,975 INFO  ExportHelperExtension.cs: 1136 - Found 29 in 92510A444_Aluminum Unthreaded Spacer-3
2026-06-23 10:40:26,976 INFO  ExportHelperExtension.cs: 1145 - Found 0 features of type [CoordSys] in 92510A444_Aluminum Unthreaded Spacer-3
2026-06-23 10:40:26,976 INFO  ExportHelperExtension.cs: 1125 - Retrieving features of type [CoordSys] from 92510A444_Aluminum Unthreaded Spacer-4
2026-06-23 10:40:26,976 INFO  ExportHelperExtension.cs: 1136 - Found 29 in 92510A444_Aluminum Unthreaded Spacer-4
2026-06-23 10:40:26,976 INFO  ExportHelperExtension.cs: 1145 - Found 0 features of type [CoordSys] in 92510A444_Aluminum Unthreaded Spacer-4
2026-06-23 10:40:26,976 INFO  ExportHelperExtension.cs: 1125 - Retrieving features of type [CoordSys] from d24v150fx-step-down-voltage-regulator-1
2026-06-23 10:40:26,977 INFO  ExportHelperExtension.cs: 1136 - Found 34 in d24v150fx-step-down-voltage-regulator-1
2026-06-23 10:40:26,977 INFO  ExportHelperExtension.cs: 1145 - Found 0 features of type [CoordSys] in d24v150fx-step-down-voltage-regulator-1
2026-06-23 10:40:26,977 INFO  ExportHelperExtension.cs: 1125 - Retrieving features of type [CoordSys] from 92510A444_Aluminum Unthreaded Spacer-1
2026-06-23 10:40:26,977 INFO  ExportHelperExtension.cs: 1136 - Found 29 in 92510A444_Aluminum Unthreaded Spacer-1
2026-06-23 10:40:26,977 INFO  ExportHelperExtension.cs: 1145 - Found 0 features of type [CoordSys] in 92510A444_Aluminum Unthreaded Spacer-1
2026-06-23 10:40:26,978 INFO  ExportHelperExtension.cs: 1125 - Retrieving features of type [CoordSys] from Lidar_control_box-1
2026-06-23 10:40:26,978 INFO  ExportHelperExtension.cs: 1136 - Found 31 in Lidar_control_box-1
2026-06-23 10:40:26,978 INFO  ExportHelperExtension.cs: 1145 - Found 0 features of type [CoordSys] in Lidar_control_box-1
2026-06-23 10:40:26,978 INFO  ExportHelperExtension.cs: 1125 - Retrieving features of type [CoordSys] from eth_to_usb_adpt-1
2026-06-23 10:40:26,978 INFO  ExportHelperExtension.cs: 1136 - Found 23 in eth_to_usb_adpt-1
2026-06-23 10:40:26,979 INFO  ExportHelperExtension.cs: 1145 - Found 0 features of type [CoordSys] in eth_to_usb_adpt-1
2026-06-23 10:40:26,979 INFO  ExportHelperExtension.cs: 1125 - Retrieving features of type [CoordSys] from 92510A444_Aluminum Unthreaded Spacer-2
2026-06-23 10:40:26,979 INFO  ExportHelperExtension.cs: 1136 - Found 29 in 92510A444_Aluminum Unthreaded Spacer-2
2026-06-23 10:40:26,979 INFO  ExportHelperExtension.cs: 1145 - Found 0 features of type [CoordSys] in 92510A444_Aluminum Unthreaded Spacer-2
2026-06-23 10:40:26,979 INFO  ExportHelperExtension.cs: 1125 - Retrieving features of type [CoordSys] from Pi_Camera_module_3-2
2026-06-23 10:40:26,980 INFO  ExportHelperExtension.cs: 1136 - Found 563 in Pi_Camera_module_3-2
2026-06-23 10:40:26,981 INFO  ExportHelperExtension.cs: 1145 - Found 0 features of type [CoordSys] in Pi_Camera_module_3-2
2026-06-23 10:40:26,981 INFO  ExportHelperExtension.cs: 1125 - Retrieving features of type [RefAxis] from Lidar_PKG
2026-06-23 10:40:26,981 INFO  ExportHelperExtension.cs: 1136 - Found 77 in Lidar_PKG
2026-06-23 10:40:26,982 INFO  ExportHelperExtension.cs: 1145 - Found 0 features of type [RefAxis] in Lidar_PKG
2026-06-23 10:40:26,982 INFO  ExportHelperExtension.cs: 1148 - Proceeding through assembly components
2026-06-23 10:40:26,982 INFO  ExportHelperExtension.cs: 1160 - 14 components to check
2026-06-23 10:40:26,982 INFO  ExportHelperExtension.cs: 1125 - Retrieving features of type [RefAxis] from Pi_Camera_module_3-1
2026-06-23 10:40:26,982 INFO  ExportHelperExtension.cs: 1136 - Found 563 in Pi_Camera_module_3-1
2026-06-23 10:40:26,983 INFO  ExportHelperExtension.cs: 1145 - Found 0 features of type [RefAxis] in Pi_Camera_module_3-1
2026-06-23 10:40:26,984 INFO  ExportHelperExtension.cs: 1125 - Retrieving features of type [RefAxis] from RASPBERRY_PI_5_1-1
2026-06-23 10:40:26,984 INFO  ExportHelperExtension.cs: 1136 - Found 23 in RASPBERRY_PI_5_1-1
2026-06-23 10:40:26,984 INFO  ExportHelperExtension.cs: 1145 - Found 0 features of type [RefAxis] in RASPBERRY_PI_5_1-1
2026-06-23 10:40:26,984 INFO  ExportHelperExtension.cs: 1125 - Retrieving features of type [RefAxis] from Lidar_pkg_box-1
2026-06-23 10:40:26,984 INFO  ExportHelperExtension.cs: 1136 - Found 31 in Lidar_pkg_box-1
2026-06-23 10:40:26,985 INFO  ExportHelperExtension.cs: 1145 - Found 0 features of type [RefAxis] in Lidar_pkg_box-1
2026-06-23 10:40:26,985 INFO  ExportHelperExtension.cs: 1125 - Retrieving features of type [RefAxis] from Ouster OS-1-2
2026-06-23 10:40:26,985 INFO  ExportHelperExtension.cs: 1136 - Found 83 in Ouster OS-1-2
2026-06-23 10:40:26,985 INFO  ExportHelperExtension.cs: 1145 - Found 0 features of type [RefAxis] in Ouster OS-1-2
2026-06-23 10:40:26,986 INFO  ExportHelperExtension.cs: 1125 - Retrieving features of type [RefAxis] from Lidar_cap-1
2026-06-23 10:40:26,986 INFO  ExportHelperExtension.cs: 1136 - Found 26 in Lidar_cap-1
2026-06-23 10:40:26,986 INFO  ExportHelperExtension.cs: 1145 - Found 0 features of type [RefAxis] in Lidar_cap-1
2026-06-23 10:40:26,986 INFO  ExportHelperExtension.cs: 1125 - Retrieving features of type [RefAxis] from 92510A444_Aluminum Unthreaded Spacer-3
2026-06-23 10:40:26,986 INFO  ExportHelperExtension.cs: 1136 - Found 29 in 92510A444_Aluminum Unthreaded Spacer-3
2026-06-23 10:40:26,988 INFO  ExportHelperExtension.cs: 1145 - Found 0 features of type [RefAxis] in 92510A444_Aluminum Unthreaded Spacer-3
2026-06-23 10:40:26,988 INFO  ExportHelperExtension.cs: 1125 - Retrieving features of type [RefAxis] from 92510A444_Aluminum Unthreaded Spacer-4
2026-06-23 10:40:26,988 INFO  ExportHelperExtension.cs: 1136 - Found 29 in 92510A444_Aluminum Unthreaded Spacer-4
2026-06-23 10:40:26,988 INFO  ExportHelperExtension.cs: 1145 - Found 0 features of type [RefAxis] in 92510A444_Aluminum Unthreaded Spacer-4
2026-06-23 10:40:26,988 INFO  ExportHelperExtension.cs: 1125 - Retrieving features of type [RefAxis] from d24v150fx-step-down-voltage-regulator-1
2026-06-23 10:40:26,989 INFO  ExportHelperExtension.cs: 1136 - Found 34 in d24v150fx-step-down-voltage-regulator-1
2026-06-23 10:40:26,989 INFO  ExportHelperExtension.cs: 1145 - Found 0 features of type [RefAxis] in d24v150fx-step-down-voltage-regulator-1
2026-06-23 10:40:26,989 INFO  ExportHelperExtension.cs: 1125 - Retrieving features of type [RefAxis] from 92510A444_Aluminum Unthreaded Spacer-1
2026-06-23 10:40:26,989 INFO  ExportHelperExtension.cs: 1136 - Found 29 in 92510A444_Aluminum Unthreaded Spacer-1
2026-06-23 10:40:26,989 INFO  ExportHelperExtension.cs: 1145 - Found 0 features of type [RefAxis] in 92510A444_Aluminum Unthreaded Spacer-1
2026-06-23 10:40:26,990 INFO  ExportHelperExtension.cs: 1125 - Retrieving features of type [RefAxis] from Lidar_control_box-1
2026-06-23 10:40:26,990 INFO  ExportHelperExtension.cs: 1136 - Found 31 in Lidar_control_box-1
2026-06-23 10:40:26,990 INFO  ExportHelperExtension.cs: 1145 - Found 0 features of type [RefAxis] in Lidar_control_box-1
2026-06-23 10:40:26,990 INFO  ExportHelperExtension.cs: 1125 - Retrieving features of type [RefAxis] from eth_to_usb_adpt-1
2026-06-23 10:40:26,990 INFO  ExportHelperExtension.cs: 1136 - Found 23 in eth_to_usb_adpt-1
2026-06-23 10:40:26,990 INFO  ExportHelperExtension.cs: 1145 - Found 0 features of type [RefAxis] in eth_to_usb_adpt-1
2026-06-23 10:40:26,991 INFO  ExportHelperExtension.cs: 1125 - Retrieving features of type [RefAxis] from 92510A444_Aluminum Unthreaded Spacer-2
2026-06-23 10:40:26,991 INFO  ExportHelperExtension.cs: 1136 - Found 29 in 92510A444_Aluminum Unthreaded Spacer-2
2026-06-23 10:40:26,991 INFO  ExportHelperExtension.cs: 1145 - Found 0 features of type [RefAxis] in 92510A444_Aluminum Unthreaded Spacer-2
2026-06-23 10:40:26,991 INFO  ExportHelperExtension.cs: 1125 - Retrieving features of type [RefAxis] from Pi_Camera_module_3-2
2026-06-23 10:40:26,992 INFO  ExportHelperExtension.cs: 1136 - Found 563 in Pi_Camera_module_3-2
2026-06-23 10:40:26,993 INFO  ExportHelperExtension.cs: 1145 - Found 0 features of type [RefAxis] in Pi_Camera_module_3-2
2026-06-23 10:40:27,846 INFO  SwAddin.cs: 339 - Loading config tree
2026-06-23 10:40:27,847 INFO  ConfigurationSerialization.cs: 276 - URDF Configuration found
<Link z:Id="i1" xmlns="http://schemas.datacontract.org/2004/07/SW2URDF" xmlns:i="http://www.w3.org/2001/XMLSchema-instance" xmlns:z="http://schemas.microsoft.com/2003/10/Serialization/"><Attributes><Attribute z:Id="i2"><AttributeType>name</AttributeType><IsRequired>true</IsRequired><Value i:type="a:string" xmlns:a="http://www.w3.org/2001/XMLSchema">base_link</Value></Attribute></Attributes><ChildElements><URDFElement z:Id="i3" i:type="Inertial"><Attributes/><ChildElements><URDFElement z:Id="i4" i:type="Origin"><Attributes><Attribute z:Id="i5"><AttributeType>xyz</AttributeType><IsRequired>true</IsRequired><Value i:type="a:ArrayOfdouble" xmlns:a="http://schemas.microsoft.com/2003/10/Serialization/Arrays"><a:double>0</a:double><a:double>0</a:double><a:double>0</a:double></Value></Attribute><Attribute z:Id="i6"><AttributeType>rpy</AttributeType><IsRequired>true</IsRequired><Value i:type="a:ArrayOfdouble" xmlns:a="http://schemas.microsoft.com/2003/10/Serialization/Arrays"><a:double>0</a:double><a:double>0</a:double><a:double>0</a:double></Value></Attribute></Attributes><ChildElements/><ElementName>origin</ElementName><required>false</required><RPYAttribute z:Ref="i6"/><XYZAttribute z:Ref="i5"/><isCustomized>false</isCustomized></URDFElement><URDFElement z:Id="i7" i:type="Mass"><Attributes><Attribute z:Id="i8"><AttributeType>value</AttributeType><IsRequired>true</IsRequired><Value i:type="a:double" xmlns:a="http://www.w3.org/2001/XMLSchema">0</Value></Attribute></Attributes><ChildElements/><ElementName>mass</ElementName><required>false</required><ValueAttribute z:Ref="i8"/></URDFElement><URDFElement z:Id="i9" i:type="Inertia"><Attributes><Attribute z:Id="i10"><AttributeType>ixx</AttributeType><IsRequired>true</IsRequired><Value i:type="a:double" xmlns:a="http://www.w3.org/2001/XMLSchema">0</Value></Attribute><Attribute z:Id="i11"><AttributeType>ixy</AttributeType><IsRequired>true</IsRequired><Value i:type="a:double" xmlns:a="http://www.w3.org/2001/XMLSchema">0</Value></Attribute><Attribute z:Id="i12"><AttributeType>ixz</AttributeType><IsRequired>true</IsRequired><Value i:type="a:double" xmlns:a="http://www.w3.org/2001/XMLSchema">0</Value></Attribute><Attribute z:Id="i13"><AttributeType>iyy</AttributeType><IsRequired>true</IsRequired><Value i:type="a:double" xmlns:a="http://www.w3.org/2001/XMLSchema">0</Value></Attribute><Attribute z:Id="i14"><AttributeType>iyz</AttributeType><IsRequired>true</IsRequired><Value i:type="a:double" xmlns:a="http://www.w3.org/2001/XMLSchema">0</Value></Attribute><Attribute z:Id="i15"><AttributeType>izz</AttributeType><IsRequired>true</IsRequired><Value i:type="a:double" xmlns:a="http://www.w3.org/2001/XMLSchema">0</Value></Attribute></Attributes><ChildElements/><ElementName>inertia</ElementName><required>false</required><IxxAttribute z:Ref="i10"/><IxyAttribute z:Ref="i11"/><IxzAttribute z:Ref="i12"/><IyyAttribute z:Ref="i13"/><IyzAttribute z:Ref="i14"/><IzzAttribute z:Ref="i15"/></URDFElement></ChildElements><ElementName>inertial</ElementName><required>false</required><Inertia z:Ref="i9"/><Mass z:Ref="i7"/><Origin z:Ref="i4"/></URDFElement><URDFElement z:Id="i16" i:type="Visual"><Attributes/><ChildElements><URDFElement z:Id="i17" i:type="Origin"><Attributes><Attribute z:Id="i18"><AttributeType>xyz</AttributeType><IsRequired>true</IsRequired><Value i:type="a:ArrayOfdouble" xmlns:a="http://schemas.microsoft.com/2003/10/Serialization/Arrays"><a:double>0</a:double><a:double>0</a:double><a:double>0</a:double></Value></Attribute><Attribute z:Id="i19"><AttributeType>rpy</AttributeType><IsRequired>true</IsRequired><Value i:type="a:ArrayOfdouble" xmlns:a="http://schemas.microsoft.com/2003/10/Serialization/Arrays"><a:double>0</a:double><a:double>0</a:double><a:double>0</a:double></Value></Attribute></Attributes><ChildElements/><ElementName>origin</ElementName><required>false</required><RPYAttribute z:Ref="i19"/><XYZAttribute z:Ref="i18"/><isCustomized>false</isCustomized></URDFElement><URDFElement z:Id="i20" i:type="Geometry"><Attributes/><ChildElements><URDFElement z:Id="i21" i:type="Mesh"><Attributes><Attribute z:Id="i22"><AttributeType>filename</AttributeType><IsRequired>true</IsRequired><Value i:nil="true"/></Attribute></Attributes><ChildElements/><ElementName>mesh</ElementName><required>false</required><FilenameAttribute z:Ref="i22"/></URDFElement></ChildElements><ElementName>geometry</ElementName><required>true</required><Mesh z:Ref="i21"/></URDFElement><URDFElement z:Id="i23" i:type="Material"><Attributes><Attribute z:Id="i24"><AttributeType>name</AttributeType><IsRequired>true</IsRequired><Value i:type="a:string" xmlns:a="http://www.w3.org/2001/XMLSchema"/></Attribute></Attributes><ChildElements><URDFElement z:Id="i25" i:type="Color"><Attributes><Attribute z:Id="i26"><AttributeType>rgba</AttributeType><IsRequired>true</IsRequired><Value i:type="a:ArrayOfdouble" xmlns:a="http://schemas.microsoft.com/2003/10/Serialization/Arrays"><a:double>1</a:double><a:double>1</a:double><a:double>1</a:double><a:double>1</a:double></Value></Attribute></Attributes><ChildElements/><ElementName>color</ElementName><required>false</required><RGBAAttribute z:Ref="i26"/></URDFElement><URDFElement z:Id="i27" i:type="Texture"><Attributes><Attribute z:Id="i28"><AttributeType>filename</AttributeType><IsRequired>true</IsRequired><Value i:nil="true"/></Attribute></Attributes><ChildElements/><ElementName>texture</ElementName><required>false</required><FilenameAttribute z:Ref="i28"/><wFilename/></URDFElement></ChildElements><ElementName>material</ElementName><required>false</required><Color z:Ref="i25"/><NameAttribute z:Ref="i24"/><Texture z:Ref="i27"/></URDFElement></ChildElements><ElementName>visual</ElementName><required>false</required><Geometry z:Ref="i20"/><Material z:Ref="i23"/><Origin z:Ref="i17"/></URDFElement><URDFElement z:Id="i29" i:type="Collision"><Attributes/><ChildElements><URDFElement z:Id="i30" i:type="Origin"><Attributes><Attribute z:Id="i31"><AttributeType>xyz</AttributeType><IsRequired>true</IsRequired><Value i:type="a:ArrayOfdouble" xmlns:a="http://schemas.microsoft.com/2003/10/Serialization/Arrays"><a:double>0</a:double><a:double>0</a:double><a:double>0</a:double></Value></Attribute><Attribute z:Id="i32"><AttributeType>rpy</AttributeType><IsRequired>true</IsRequired><Value i:type="a:ArrayOfdouble" xmlns:a="http://schemas.microsoft.com/2003/10/Serialization/Arrays"><a:double>0</a:double><a:double>0</a:double><a:double>0</a:double></Value></Attribute></Attributes><ChildElements/><ElementName>origin</ElementName><required>false</required><RPYAttribute z:Ref="i32"/><XYZAttribute z:Ref="i31"/><isCustomized>false</isCustomized></URDFElement><URDFElement z:Id="i33" i:type="Geometry"><Attributes/><ChildElements><URDFElement z:Id="i34" i:type="Mesh"><Attributes><Attribute z:Id="i35"><AttributeType>filename</AttributeType><IsRequired>true</IsRequired><Value i:nil="true"/></Attribute></Attributes><ChildElements/><ElementName>mesh</ElementName><required>false</required><FilenameAttribute z:Ref="i35"/></URDFElement></ChildElements><ElementName>geometry</ElementName><required>true</required><Mesh z:Ref="i34"/></URDFElement></ChildElements><ElementName>collision</ElementName><required>false</required><Geometry z:Ref="i33"/><Origin z:Ref="i30"/></URDFElement><URDFElement z:Id="i36" i:type="Joint"><Attributes><Attribute z:Id="i37"><AttributeType>name</AttributeType><IsRequired>true</IsRequired><Value i:type="a:string" xmlns:a="http://www.w3.org/2001/XMLSchema"/></Attribute><Attribute z:Id="i38"><AttributeType>type</AttributeType><IsRequired>true</IsRequired><Value i:type="a:string" xmlns:a="http://www.w3.org/2001/XMLSchema"/></Attribute></Attributes><ChildElements><URDFElement z:Id="i39" i:type="Origin"><Attributes><Attribute z:Id="i40"><AttributeType>xyz</AttributeType><IsRequired>true</IsRequired><Value i:type="a:ArrayOfdouble" xmlns:a="http://schemas.microsoft.com/2003/10/Serialization/Arrays"><a:double>0</a:double><a:double>0</a:double><a:double>0</a:double></Value></Attribute><Attribute z:Id="i41"><AttributeType>rpy</AttributeType><IsRequired>true</IsRequired><Value i:type="a:ArrayOfdouble" xmlns:a="http://schemas.microsoft.com/2003/10/Serialization/Arrays"><a:double>0</a:double><a:double>0</a:double><a:double>0</a:double></Value></Attribute></Attributes><ChildElements/><ElementName>origin</ElementName><required>false</required><RPYAttribute z:Ref="i41"/><XYZAttribute z:Ref="i40"/><isCustomized>false</isCustomized></URDFElement><URDFElement z:Id="i42" i:type="ParentLink"><Attributes><Attribute z:Id="i43"><AttributeType>link</AttributeType><IsRequired>true</IsRequired><Value i:type="a:string" xmlns:a="http://www.w3.org/2001/XMLSchema"/></Attribute></Attributes><ChildElements/><ElementName>parent</ElementName><required>true</required><NameAttribute z:Ref="i43"/></URDFElement><URDFElement z:Id="i44" i:type="ChildLink"><Attributes><Attribute z:Id="i45"><AttributeType>link</AttributeType><IsRequired>true</IsRequired><Value i:type="a:string" xmlns:a="http://www.w3.org/2001/XMLSchema"/></Attribute></Attributes><ChildElements/><ElementName>child</ElementName><required>true</required><NameAttribute z:Ref="i45"/></URDFElement><URDFElement z:Id="i46" i:type="Axis"><Attributes><Attribute z:Id="i47"><AttributeType>xyz</AttributeType><IsRequired>true</IsRequired><Value i:type="a:ArrayOfdouble" xmlns:a="http://schemas.microsoft.com/2003/10/Serialization/Arrays"><a:double>0</a:double><a:double>0</a:double><a:double>0</a:double></Value></Attribute></Attributes><ChildElements/><ElementName>axis</ElementName><required>false</required><XYZAttribute z:Ref="i47"/></URDFElement><URDFElement z:Id="i48" i:type="Limit"><Attributes><Attribute z:Id="i49"><AttributeType>lower</AttributeType><IsRequired>false</IsRequired><Value i:nil="true"/></Attribute><Attribute z:Id="i50"><AttributeType>upper</AttributeType><IsRequired>false</IsRequired><Value i:nil="true"/></Attribute><Attribute z:Id="i51"><AttributeType>effort</AttributeType><IsRequired>true</IsRequired><Value i:nil="true"/></Attribute><Attribute z:Id="i52"><AttributeType>velocity</AttributeType><IsRequired>true</IsRequired><Value i:nil="true"/></Attribute></Attributes><ChildElements/><ElementName>limit</ElementName><required>false</required><EffortAttribute z:Ref="i51"/><LowerAttribute z:Ref="i49"/><UpperAttribute z:Ref="i50"/><VelocityAttribute z:Ref="i52"/></URDFElement><URDFElement z:Id="i53" i:type="Calibration"><Attributes><Attribute z:Id="i54"><AttributeType>rising</AttributeType><IsRequired>false</IsRequired><Value i:nil="true"/></Attribute><Attribute z:Id="i55"><AttributeType>falling</AttributeType><IsRequired>false</IsRequired><Value i:nil="true"/></Attribute></Attributes><ChildElements/><ElementName>calibration</ElementName><required>false</required><FallingAttribute z:Ref="i55"/><RisingAttribute z:Ref="i54"/></URDFElement><URDFElement z:Id="i56" i:type="Dynamics"><Attributes><Attribute z:Id="i57"><AttributeType>damping</AttributeType><IsRequired>false</IsRequired><Value i:nil="true"/></Attribute><Attribute z:Id="i58"><AttributeType>friction</AttributeType><IsRequired>false</IsRequired><Value i:nil="true"/></Attribute></Attributes><ChildElements/><ElementName>dynamics</ElementName><required>false</required><DampingAttribute z:Ref="i57"/><FrictionAttribute z:Ref="i58"/></URDFElement><URDFElement z:Id="i59" i:type="SafetyController"><Attributes><Attribute z:Id="i60"><AttributeType>soft_upper_limit</AttributeType><IsRequired>false</IsRequired><Value i:nil="true"/></Attribute><Attribute z:Id="i61"><AttributeType>soft_lower_limit</AttributeType><IsRequired>false</IsRequired><Value i:nil="true"/></Attribute><Attribute z:Id="i62"><AttributeType>k_position</AttributeType><IsRequired>false</IsRequired><Value i:nil="true"/></Attribute><Attribute z:Id="i63"><AttributeType>k_velocity</AttributeType><IsRequired>true</IsRequired><Value i:nil="true"/></Attribute></Attributes><ChildElements/><ElementName>safety_controller</ElementName><required>false</required><KPositionAttribute z:Ref="i62"/><KVelocityAttribute z:Ref="i63"/><SoftLowerAttribute z:Ref="i61"/><SoftUpperAttribute z:Ref="i60"/></URDFElement><URDFElement z:Id="i64" i:type="Mimic"><Attributes><Attribute z:Id="i65"><AttributeType>joint</AttributeType><IsRequired>true</IsRequired><Value i:nil="true"/></Attribute><Attribute z:Id="i66"><AttributeType>multiplier</AttributeType><IsRequired>false</IsRequired><Value i:nil="true"/></Attribute><Attribute z:Id="i67"><AttributeType>offset</AttributeType><IsRequired>false</IsRequired><Value i:nil="true"/></Attribute></Attributes><ChildElements/><ElementName>mimic</ElementName><required>false</required><JointNameAttribute z:Ref="i65"/><MultiplierAttribute z:Ref="i66"/><OffsetAttribute z:Ref="i67"/></URDFElement></ChildElements><ElementName>joint</ElementName><required>false</required><Axis z:Ref="i46"/><AxisName/><Calibration z:Ref="i53"/><Child z:Ref="i44"/><CoordinateSystemName>Automatically Generate</CoordinateSystemName><Dynamics z:Ref="i56"/><Limit z:Ref="i48"/><Mimic z:Ref="i64"/><NameAttribute z:Ref="i37"/><Origin z:Ref="i39"/><Parent z:Ref="i42"/><Safety z:Ref="i59"/><TypeAttribute z:Ref="i38"/></URDFElement></ChildElements><ElementName>link</ElementName><required>true</required><Children><Link z:Id="i68"><Attributes><Attribute z:Id="i69"><AttributeType>name</AttributeType><IsRequired>true</IsRequired><Value i:type="a:string" xmlns:a="http://www.w3.org/2001/XMLSchema">cam1_link</Value></Attribute></Attributes><ChildElements><URDFElement z:Id="i70" i:type="Inertial"><Attributes/><ChildElements><URDFElement z:Id="i71" i:type="Origin"><Attributes><Attribute z:Id="i72"><AttributeType>xyz</AttributeType><IsRequired>true</IsRequired><Value i:type="a:ArrayOfdouble" xmlns:a="http://schemas.microsoft.com/2003/10/Serialization/Arrays"><a:double>0</a:double><a:double>0</a:double><a:double>0</a:double></Value></Attribute><Attribute z:Id="i73"><AttributeType>rpy</AttributeType><IsRequired>true</IsRequired><Value i:type="a:ArrayOfdouble" xmlns:a="http://schemas.microsoft.com/2003/10/Serialization/Arrays"><a:double>0</a:double><a:double>0</a:double><a:double>0</a:double></Value></Attribute></Attributes><ChildElements/><ElementName>origin</ElementName><required>false</required><RPYAttribute z:Ref="i73"/><XYZAttribute z:Ref="i72"/><isCustomized>false</isCustomized></URDFElement><URDFElement z:Id="i74" i:type="Mass"><Attributes><Attribute z:Id="i75"><AttributeType>value</AttributeType><IsRequired>true</IsRequired><Value i:type="a:double" xmlns:a="http://www.w3.org/2001/XMLSchema">0</Value></Attribute></Attributes><ChildElements/><ElementName>mass</ElementName><required>false</required><ValueAttribute z:Ref="i75"/></URDFElement><URDFElement z:Id="i76" i:type="Inertia"><Attributes><Attribute z:Id="i77"><AttributeType>ixx</AttributeType><IsRequired>true</IsRequired><Value i:type="a:double" xmlns:a="http://www.w3.org/2001/XMLSchema">0</Value></Attribute><Attribute z:Id="i78"><AttributeType>ixy</AttributeType><IsRequired>true</IsRequired><Value i:type="a:double" xmlns:a="http://www.w3.org/2001/XMLSchema">0</Value></Attribute><Attribute z:Id="i79"><AttributeType>ixz</AttributeType><IsRequired>true</IsRequired><Value i:type="a:double" xmlns:a="http://www.w3.org/2001/XMLSchema">0</Value></Attribute><Attribute z:Id="i80"><AttributeType>iyy</AttributeType><IsRequired>true</IsRequired><Value i:type="a:double" xmlns:a="http://www.w3.org/2001/XMLSchema">0</Value></Attribute><Attribute z:Id="i81"><AttributeType>iyz</AttributeType><IsRequired>true</IsRequired><Value i:type="a:double" xmlns:a="http://www.w3.org/2001/XMLSchema">0</Value></Attribute><Attribute z:Id="i82"><AttributeType>izz</AttributeType><IsRequired>true</IsRequired><Value i:type="a:double" xmlns:a="http://www.w3.org/2001/XMLSchema">0</Value></Attribute></Attributes><ChildElements/><ElementName>inertia</ElementName><required>false</required><IxxAttribute z:Ref="i77"/><IxyAttribute z:Ref="i78"/><IxzAttribute z:Ref="i79"/><IyyAttribute z:Ref="i80"/><IyzAttribute z:Ref="i81"/><IzzAttribute z:Ref="i82"/></URDFElement></ChildElements><ElementName>inertial</ElementName><required>false</required><Inertia z:Ref="i76"/><Mass z:Ref="i74"/><Origin z:Ref="i71"/></URDFElement><URDFElement z:Id="i83" i:type="Visual"><Attributes/><ChildElements><URDFElement z:Id="i84" i:type="Origin"><Attributes><Attribute z:Id="i85"><AttributeType>xyz</AttributeType><IsRequired>true</IsRequired><Value i:type="a:ArrayOfdouble" xmlns:a="http://schemas.microsoft.com/2003/10/Serialization/Arrays"><a:double>0</a:double><a:double>0</a:double><a:double>0</a:double></Value></Attribute><Attribute z:Id="i86"><AttributeType>rpy</AttributeType><IsRequired>true</IsRequired><Value i:type="a:ArrayOfdouble" xmlns:a="http://schemas.microsoft.com/2003/10/Serialization/Arrays"><a:double>0</a:double><a:double>0</a:double><a:double>0</a:double></Value></Attribute></Attributes><ChildElements/><ElementName>origin</ElementName><required>false</required><RPYAttribute z:Ref="i86"/><XYZAttribute z:Ref="i85"/><isCustomized>false</isCustomized></URDFElement><URDFElement z:Id="i87" i:type="Geometry"><Attributes/><ChildElements><URDFElement z:Id="i88" i:type="Mesh"><Attributes><Attribute z:Id="i89"><AttributeType>filename</AttributeType><IsRequired>true</IsRequired><Value i:nil="true"/></Attribute></Attributes><ChildElements/><ElementName>mesh</ElementName><required>false</required><FilenameAttribute z:Ref="i89"/></URDFElement></ChildElements><ElementName>geometry</ElementName><required>true</required><Mesh z:Ref="i88"/></URDFElement><URDFElement z:Id="i90" i:type="Material"><Attributes><Attribute z:Id="i91"><AttributeType>name</AttributeType><IsRequired>true</IsRequired><Value i:type="a:string" xmlns:a="http://www.w3.org/2001/XMLSchema"/></Attribute></Attributes><ChildElements><URDFElement z:Id="i92" i:type="Color"><Attributes><Attribute z:Id="i93"><AttributeType>rgba</AttributeType><IsRequired>true</IsRequired><Value i:type="a:ArrayOfdouble" xmlns:a="http://schemas.microsoft.com/2003/10/Serialization/Arrays"><a:double>1</a:double><a:double>1</a:double><a:double>1</a:double><a:double>1</a:double></Value></Attribute></Attributes><ChildElements/><ElementName>color</ElementName><required>false</required><RGBAAttribute z:Ref="i93"/></URDFElement><URDFElement z:Id="i94" i:type="Texture"><Attributes><Attribute z:Id="i95"><AttributeType>filename</AttributeType><IsRequired>true</IsRequired><Value i:nil="true"/></Attribute></Attributes><ChildElements/><ElementName>texture</ElementName><required>false</required><FilenameAttribute z:Ref="i95"/><wFilename/></URDFElement></ChildElements><ElementName>material</ElementName><required>false</required><Color z:Ref="i92"/><NameAttribute z:Ref="i91"/><Texture z:Ref="i94"/></URDFElement></ChildElements><ElementName>visual</ElementName><required>false</required><Geometry z:Ref="i87"/><Material z:Ref="i90"/><Origin z:Ref="i84"/></URDFElement><URDFElement z:Id="i96" i:type="Collision"><Attributes/><ChildElements><URDFElement z:Id="i97" i:type="Origin"><Attributes><Attribute z:Id="i98"><AttributeType>xyz</AttributeType><IsRequired>true</IsRequired><Value i:type="a:ArrayOfdouble" xmlns:a="http://schemas.microsoft.com/2003/10/Serialization/Arrays"><a:double>0</a:double><a:double>0</a:double><a:double>0</a:double></Value></Attribute><Attribute z:Id="i99"><AttributeType>rpy</AttributeType><IsRequired>true</IsRequired><Value i:type="a:ArrayOfdouble" xmlns:a="http://schemas.microsoft.com/2003/10/Serialization/Arrays"><a:double>0</a:double><a:double>0</a:double><a:double>0</a:double></Value></Attribute></Attributes><ChildElements/><ElementName>origin</ElementName><required>false</required><RPYAttribute z:Ref="i99"/><XYZAttribute z:Ref="i98"/><isCustomized>false</isCustomized></URDFElement><URDFElement z:Id="i100" i:type="Geometry"><Attributes/><ChildElements><URDFElement z:Id="i101" i:type="Mesh"><Attributes><Attribute z:Id="i102"><AttributeType>filename</AttributeType><IsRequired>true</IsRequired><Value i:nil="true"/></Attribute></Attributes><ChildElements/><ElementName>mesh</ElementName><required>false</required><FilenameAttribute z:Ref="i102"/></URDFElement></ChildElements><ElementName>geometry</ElementName><required>true</required><Mesh z:Ref="i101"/></URDFElement></ChildElements><ElementName>collision</ElementName><required>false</required><Geometry z:Ref="i100"/><Origin z:Ref="i97"/></URDFElement><URDFElement z:Id="i103" i:type="Joint"><Attributes><Attribute z:Id="i104"><AttributeType>name</AttributeType><IsRequired>true</IsRequired><Value i:type="a:string" xmlns:a="http://www.w3.org/2001/XMLSchema">cam1_joint</Value></Attribute><Attribute z:Id="i105"><AttributeType>type</AttributeType><IsRequired>true</IsRequired><Value i:type="a:string" xmlns:a="http://www.w3.org/2001/XMLSchema">fixed</Value></Attribute></Attributes><ChildElements><URDFElement z:Id="i106" i:type="Origin"><Attributes><Attribute z:Id="i107"><AttributeType>xyz</AttributeType><IsRequired>true</IsRequired><Value i:type="a:ArrayOfdouble" xmlns:a="http://schemas.microsoft.com/2003/10/Serialization/Arrays"><a:double>0</a:double><a:double>0</a:double><a:double>0</a:double></Value></Attribute><Attribute z:Id="i108"><AttributeType>rpy</AttributeType><IsRequired>true</IsRequired><Value i:type="a:ArrayOfdouble" xmlns:a="http://schemas.microsoft.com/2003/10/Serialization/Arrays"><a:double>0</a:double><a:double>0</a:double><a:double>0</a:double></Value></Attribute></Attributes><ChildElements/><ElementName>origin</ElementName><required>false</required><RPYAttribute z:Ref="i108"/><XYZAttribute z:Ref="i107"/><isCustomized>false</isCustomized></URDFElement><URDFElement z:Id="i109" i:type="ParentLink"><Attributes><Attribute z:Id="i110"><AttributeType>link</AttributeType><IsRequired>true</IsRequired><Value i:type="a:string" xmlns:a="http://www.w3.org/2001/XMLSchema"/></Attribute></Attributes><ChildElements/><ElementName>parent</ElementName><required>true</required><NameAttribute z:Ref="i110"/></URDFElement><URDFElement z:Id="i111" i:type="ChildLink"><Attributes><Attribute z:Id="i112"><AttributeType>link</AttributeType><IsRequired>true</IsRequired><Value i:type="a:string" xmlns:a="http://www.w3.org/2001/XMLSchema"/></Attribute></Attributes><ChildElements/><ElementName>child</ElementName><required>true</required><NameAttribute z:Ref="i112"/></URDFElement><URDFElement z:Id="i113" i:type="Axis"><Attributes><Attribute z:Id="i114"><AttributeType>xyz</AttributeType><IsRequired>true</IsRequired><Value i:type="a:ArrayOfdouble" xmlns:a="http://schemas.microsoft.com/2003/10/Serialization/Arrays"><a:double>0</a:double><a:double>0</a:double><a:double>0</a:double></Value></Attribute></Attributes><ChildElements/><ElementName>axis</ElementName><required>false</required><XYZAttribute z:Ref="i114"/></URDFElement><URDFElement z:Id="i115" i:type="Limit"><Attributes><Attribute z:Id="i116"><AttributeType>lower</AttributeType><IsRequired>false</IsRequired><Value i:nil="true"/></Attribute><Attribute z:Id="i117"><AttributeType>upper</AttributeType><IsRequired>false</IsRequired><Value i:nil="true"/></Attribute><Attribute z:Id="i118"><AttributeType>effort</AttributeType><IsRequired>true</IsRequired><Value i:nil="true"/></Attribute><Attribute z:Id="i119"><AttributeType>velocity</AttributeType><IsRequired>true</IsRequired><Value i:nil="true"/></Attribute></Attributes><ChildElements/><ElementName>limit</ElementName><required>false</required><EffortAttribute z:Ref="i118"/><LowerAttribute z:Ref="i116"/><UpperAttribute z:Ref="i117"/><VelocityAttribute z:Ref="i119"/></URDFElement><URDFElement z:Id="i120" i:type="Calibration"><Attributes><Attribute z:Id="i121"><AttributeType>rising</AttributeType><IsRequired>false</IsRequired><Value i:nil="true"/></Attribute><Attribute z:Id="i122"><AttributeType>falling</AttributeType><IsRequired>false</IsRequired><Value i:nil="true"/></Attribute></Attributes><ChildElements/><ElementName>calibration</ElementName><required>false</required><FallingAttribute z:Ref="i122"/><RisingAttribute z:Ref="i121"/></URDFElement><URDFElement z:Id="i123" i:type="Dynamics"><Attributes><Attribute z:Id="i124"><AttributeType>damping</AttributeType><IsRequired>false</IsRequired><Value i:nil="true"/></Attribute><Attribute z:Id="i125"><AttributeType>friction</AttributeType><IsRequired>false</IsRequired><Value i:nil="true"/></Attribute></Attributes><ChildElements/><ElementName>dynamics</ElementName><required>false</required><DampingAttribute z:Ref="i124"/><FrictionAttribute z:Ref="i125"/></URDFElement><URDFElement z:Id="i126" i:type="SafetyController"><Attributes><Attribute z:Id="i127"><AttributeType>soft_upper_limit</AttributeType><IsRequired>false</IsRequired><Value i:nil="true"/></Attribute><Attribute z:Id="i128"><AttributeType>soft_lower_limit</AttributeType><IsRequired>false</IsRequired><Value i:nil="true"/></Attribute><Attribute z:Id="i129"><AttributeType>k_position</AttributeType><IsRequired>false</IsRequired><Value i:nil="true"/></Attribute><Attribute z:Id="i130"><AttributeType>k_velocity</AttributeType><IsRequired>true</IsRequired><Value i:nil="true"/></Attribute></Attributes><ChildElements/><ElementName>safety_controller</ElementName><required>false</required><KPositionAttribute z:Ref="i129"/><KVelocityAttribute z:Ref="i130"/><SoftLowerAttribute z:Ref="i128"/><SoftUpperAttribute z:Ref="i127"/></URDFElement><URDFElement z:Id="i131" i:type="Mimic"><Attributes><Attribute z:Id="i132"><AttributeType>joint</AttributeType><IsRequired>true</IsRequired><Value i:nil="true"/></Attribute><Attribute z:Id="i133"><AttributeType>multiplier</AttributeType><IsRequired>false</IsRequired><Value i:nil="true"/></Attribute><Attribute z:Id="i134"><AttributeType>offset</AttributeType><IsRequired>false</IsRequired><Value i:nil="true"/></Attribute></Attributes><ChildElements/><ElementName>mimic</ElementName><required>false</required><JointNameAttribute z:Ref="i132"/><MultiplierAttribute z:Ref="i133"/><OffsetAttribute z:Ref="i134"/></URDFElement></ChildElements><ElementName>joint</ElementName><required>false</required><Axis z:Ref="i113"/><AxisName>Automatically Generate</AxisName><Calibration z:Ref="i120"/><Child z:Ref="i111"/><CoordinateSystemName>Automatically Generate</CoordinateSystemName><Dynamics z:Ref="i123"/><Limit z:Ref="i115"/><Mimic z:Ref="i131"/><NameAttribute z:Ref="i104"/><Origin z:Ref="i106"/><Parent z:Ref="i109"/><Safety z:Ref="i126"/><TypeAttribute z:Ref="i105"/></URDFElement></ChildElements><ElementName>link</ElementName><required>true</required><Children/><Collision z:Ref="i96"/><Inertial z:Ref="i70"/><Joint z:Ref="i103"/><NameAttribute z:Ref="i69"/><Parent z:Ref="i1"/><STLQualityFine>false</STLQualityFine><SWComponentPIDs xmlns:a="http://schemas.microsoft.com/2003/10/Serialization/Arrays"><a:base64Binary>OEoAAAUAAAD//v8eUABpAF8AQwBhAG0AZQByAGEAXwBtAG8AZAB1AGwAZQBfADMALQAxAEAATABpAGQAYQByAF8AUABLAEcABAAAABAAAAABAAAAAQAAABsAAAA=</a:base64Binary></SWComponentPIDs><SWMainComponentPID i:nil="true"/><Visual z:Ref="i83"/><isFixedFrame>false</isFixedFrame><isIncomplete>false</isIncomplete></Link><Link z:Id="i135"><Attributes><Attribute z:Id="i136"><AttributeType>name</AttributeType><IsRequired>true</IsRequired><Value i:type="a:string" xmlns:a="http://www.w3.org/2001/XMLSchema">cam2_link</Value></Attribute></Attributes><ChildElements><URDFElement z:Id="i137" i:type="Inertial"><Attributes/><ChildElements><URDFElement z:Id="i138" i:type="Origin"><Attributes><Attribute z:Id="i139"><AttributeType>xyz</AttributeType><IsRequired>true</IsRequired><Value i:type="a:ArrayOfdouble" xmlns:a="http://schemas.microsoft.com/2003/10/Serialization/Arrays"><a:double>0</a:double><a:double>0</a:double><a:double>0</a:double></Value></Attribute><Attribute z:Id="i140"><AttributeType>rpy</AttributeType><IsRequired>true</IsRequired><Value i:type="a:ArrayOfdouble" xmlns:a="http://schemas.microsoft.com/2003/10/Serialization/Arrays"><a:double>0</a:double><a:double>0</a:double><a:double>0</a:double></Value></Attribute></Attributes><ChildElements/><ElementName>origin</ElementName><required>false</required><RPYAttribute z:Ref="i140"/><XYZAttribute z:Ref="i139"/><isCustomized>false</isCustomized></URDFElement><URDFElement z:Id="i141" i:type="Mass"><Attributes><Attribute z:Id="i142"><AttributeType>value</AttributeType><IsRequired>true</IsRequired><Value i:type="a:double" xmlns:a="http://www.w3.org/2001/XMLSchema">0</Value></Attribute></Attributes><ChildElements/><ElementName>mass</ElementName><required>false</required><ValueAttribute z:Ref="i142"/></URDFElement><URDFElement z:Id="i143" i:type="Inertia"><Attributes><Attribute z:Id="i144"><AttributeType>ixx</AttributeType><IsRequired>true</IsRequired><Value i:type="a:double" xmlns:a="http://www.w3.org/2001/XMLSchema">0</Value></Attribute><Attribute z:Id="i145"><AttributeType>ixy</AttributeType><IsRequired>true</IsRequired><Value i:type="a:double" xmlns:a="http://www.w3.org/2001/XMLSchema">0</Value></Attribute><Attribute z:Id="i146"><AttributeType>ixz</AttributeType><IsRequired>true</IsRequired><Value i:type="a:double" xmlns:a="http://www.w3.org/2001/XMLSchema">0</Value></Attribute><Attribute z:Id="i147"><AttributeType>iyy</AttributeType><IsRequired>true</IsRequired><Value i:type="a:double" xmlns:a="http://www.w3.org/2001/XMLSchema">0</Value></Attribute><Attribute z:Id="i148"><AttributeType>iyz</AttributeType><IsRequired>true</IsRequired><Value i:type="a:double" xmlns:a="http://www.w3.org/2001/XMLSchema">0</Value></Attribute><Attribute z:Id="i149"><AttributeType>izz</AttributeType><IsRequired>true</IsRequired><Value i:type="a:double" xmlns:a="http://www.w3.org/2001/XMLSchema">0</Value></Attribute></Attributes><ChildElements/><ElementName>inertia</ElementName><required>false</required><IxxAttribute z:Ref="i144"/><IxyAttribute z:Ref="i145"/><IxzAttribute z:Ref="i146"/><IyyAttribute z:Ref="i147"/><IyzAttribute z:Ref="i148"/><IzzAttribute z:Ref="i149"/></URDFElement></ChildElements><ElementName>inertial</ElementName><required>false</required><Inertia z:Ref="i143"/><Mass z:Ref="i141"/><Origin z:Ref="i138"/></URDFElement><URDFElement z:Id="i150" i:type="Visual"><Attributes/><ChildElements><URDFElement z:Id="i151" i:type="Origin"><Attributes><Attribute z:Id="i152"><AttributeType>xyz</AttributeType><IsRequired>true</IsRequired><Value i:type="a:ArrayOfdouble" xmlns:a="http://schemas.microsoft.com/2003/10/Serialization/Arrays"><a:double>0</a:double><a:double>0</a:double><a:double>0</a:double></Value></Attribute><Attribute z:Id="i153"><AttributeType>rpy</AttributeType><IsRequired>true</IsRequired><Value i:type="a:ArrayOfdouble" xmlns:a="http://schemas.microsoft.com/2003/10/Serialization/Arrays"><a:double>0</a:double><a:double>0</a:double><a:double>0</a:double></Value></Attribute></Attributes><ChildElements/><ElementName>origin</ElementName><required>false</required><RPYAttribute z:Ref="i153"/><XYZAttribute z:Ref="i152"/><isCustomized>false</isCustomized></URDFElement><URDFElement z:Id="i154" i:type="Geometry"><Attributes/><ChildElements><URDFElement z:Id="i155" i:type="Mesh"><Attributes><Attribute z:Id="i156"><AttributeType>filename</AttributeType><IsRequired>true</IsRequired><Value i:nil="true"/></Attribute></Attributes><ChildElements/><ElementName>mesh</ElementName><required>false</required><FilenameAttribute z:Ref="i156"/></URDFElement></ChildElements><ElementName>geometry</ElementName><required>true</required><Mesh z:Ref="i155"/></URDFElement><URDFElement z:Id="i157" i:type="Material"><Attributes><Attribute z:Id="i158"><AttributeType>name</AttributeType><IsRequired>true</IsRequired><Value i:type="a:string" xmlns:a="http://www.w3.org/2001/XMLSchema"/></Attribute></Attributes><ChildElements><URDFElement z:Id="i159" i:type="Color"><Attributes><Attribute z:Id="i160"><AttributeType>rgba</AttributeType><IsRequired>true</IsRequired><Value i:type="a:ArrayOfdouble" xmlns:a="http://schemas.microsoft.com/2003/10/Serialization/Arrays"><a:double>1</a:double><a:double>1</a:double><a:double>1</a:double><a:double>1</a:double></Value></Attribute></Attributes><ChildElements/><ElementName>color</ElementName><required>false</required><RGBAAttribute z:Ref="i160"/></URDFElement><URDFElement z:Id="i161" i:type="Texture"><Attributes><Attribute z:Id="i162"><AttributeType>filename</AttributeType><IsRequired>true</IsRequired><Value i:nil="true"/></Attribute></Attributes><ChildElements/><ElementName>texture</ElementName><required>false</required><FilenameAttribute z:Ref="i162"/><wFilename/></URDFElement></ChildElements><ElementName>material</ElementName><required>false</required><Color z:Ref="i159"/><NameAttribute z:Ref="i158"/><Texture z:Ref="i161"/></URDFElement></ChildElements><ElementName>visual</ElementName><required>false</required><Geometry z:Ref="i154"/><Material z:Ref="i157"/><Origin z:Ref="i151"/></URDFElement><URDFElement z:Id="i163" i:type="Collision"><Attributes/><ChildElements><URDFElement z:Id="i164" i:type="Origin"><Attributes><Attribute z:Id="i165"><AttributeType>xyz</AttributeType><IsRequired>true</IsRequired><Value i:type="a:ArrayOfdouble" xmlns:a="http://schemas.microsoft.com/2003/10/Serialization/Arrays"><a:double>0</a:double><a:double>0</a:double><a:double>0</a:double></Value></Attribute><Attribute z:Id="i166"><AttributeType>rpy</AttributeType><IsRequired>true</IsRequired><Value i:type="a:ArrayOfdouble" xmlns:a="http://schemas.microsoft.com/2003/10/Serialization/Arrays"><a:double>0</a:double><a:double>0</a:double><a:double>0</a:double></Value></Attribute></Attributes><ChildElements/><ElementName>origin</ElementName><required>false</required><RPYAttribute z:Ref="i166"/><XYZAttribute z:Ref="i165"/><isCustomized>false</isCustomized></URDFElement><URDFElement z:Id="i167" i:type="Geometry"><Attributes/><ChildElements><URDFElement z:Id="i168" i:type="Mesh"><Attributes><Attribute z:Id="i169"><AttributeType>filename</AttributeType><IsRequired>true</IsRequired><Value i:nil="true"/></Attribute></Attributes><ChildElements/><ElementName>mesh</ElementName><required>false</required><FilenameAttribute z:Ref="i169"/></URDFElement></ChildElements><ElementName>geometry</ElementName><required>true</required><Mesh z:Ref="i168"/></URDFElement></ChildElements><ElementName>collision</ElementName><required>false</required><Geometry z:Ref="i167"/><Origin z:Ref="i164"/></URDFElement><URDFElement z:Id="i170" i:type="Joint"><Attributes><Attribute z:Id="i171"><AttributeType>name</AttributeType><IsRequired>true</IsRequired><Value i:type="a:string" xmlns:a="http://www.w3.org/2001/XMLSchema">cam2_joint</Value></Attribute><Attribute z:Id="i172"><AttributeType>type</AttributeType><IsRequired>true</IsRequired><Value i:type="a:string" xmlns:a="http://www.w3.org/2001/XMLSchema">fixed</Value></Attribute></Attributes><ChildElements><URDFElement z:Id="i173" i:type="Origin"><Attributes><Attribute z:Id="i174"><AttributeType>xyz</AttributeType><IsRequired>true</IsRequired><Value i:type="a:ArrayOfdouble" xmlns:a="http://schemas.microsoft.com/2003/10/Serialization/Arrays"><a:double>0</a:double><a:double>0</a:double><a:double>0</a:double></Value></Attribute><Attribute z:Id="i175"><AttributeType>rpy</AttributeType><IsRequired>true</IsRequired><Value i:type="a:ArrayOfdouble" xmlns:a="http://schemas.microsoft.com/2003/10/Serialization/Arrays"><a:double>0</a:double><a:double>0</a:double><a:double>0</a:double></Value></Attribute></Attributes><ChildElements/><ElementName>origin</ElementName><required>false</required><RPYAttribute z:Ref="i175"/><XYZAttribute z:Ref="i174"/><isCustomized>false</isCustomized></URDFElement><URDFElement z:Id="i176" i:type="ParentLink"><Attributes><Attribute z:Id="i177"><AttributeType>link</AttributeType><IsRequired>true</IsRequired><Value i:type="a:string" xmlns:a="http://www.w3.org/2001/XMLSchema"/></Attribute></Attributes><ChildElements/><ElementName>parent</ElementName><required>true</required><NameAttribute z:Ref="i177"/></URDFElement><URDFElement z:Id="i178" i:type="ChildLink"><Attributes><Attribute z:Id="i179"><AttributeType>link</AttributeType><IsRequired>true</IsRequired><Value i:type="a:string" xmlns:a="http://www.w3.org/2001/XMLSchema"/></Attribute></Attributes><ChildElements/><ElementName>child</ElementName><required>true</required><NameAttribute z:Ref="i179"/></URDFElement><URDFElement z:Id="i180" i:type="Axis"><Attributes><Attribute z:Id="i181"><AttributeType>xyz</AttributeType><IsRequired>true</IsRequired><Value i:type="a:ArrayOfdouble" xmlns:a="http://schemas.microsoft.com/2003/10/Serialization/Arrays"><a:double>0</a:double><a:double>0</a:double><a:double>0</a:double></Value></Attribute></Attributes><ChildElements/><ElementName>axis</ElementName><required>false</required><XYZAttribute z:Ref="i181"/></URDFElement><URDFElement z:Id="i182" i:type="Limit"><Attributes><Attribute z:Id="i183"><AttributeType>lower</AttributeType><IsRequired>false</IsRequired><Value i:nil="true"/></Attribute><Attribute z:Id="i184"><AttributeType>upper</AttributeType><IsRequired>false</IsRequired><Value i:nil="true"/></Attribute><Attribute z:Id="i185"><AttributeType>effort</AttributeType><IsRequired>true</IsRequired><Value i:nil="true"/></Attribute><Attribute z:Id="i186"><AttributeType>velocity</AttributeType><IsRequired>true</IsRequired><Value i:nil="true"/></Attribute></Attributes><ChildElements/><ElementName>limit</ElementName><required>false</required><EffortAttribute z:Ref="i185"/><LowerAttribute z:Ref="i183"/><UpperAttribute z:Ref="i184"/><VelocityAttribute z:Ref="i186"/></URDFElement><URDFElement z:Id="i187" i:type="Calibration"><Attributes><Attribute z:Id="i188"><AttributeType>rising</AttributeType><IsRequired>false</IsRequired><Value i:nil="true"/></Attribute><Attribute z:Id="i189"><AttributeType>falling</AttributeType><IsRequired>false</IsRequired><Value i:nil="true"/></Attribute></Attributes><ChildElements/><ElementName>calibration</ElementName><required>false</required><FallingAttribute z:Ref="i189"/><RisingAttribute z:Ref="i188"/></URDFElement><URDFElement z:Id="i190" i:type="Dynamics"><Attributes><Attribute z:Id="i191"><AttributeType>damping</AttributeType><IsRequired>false</IsRequired><Value i:nil="true"/></Attribute><Attribute z:Id="i192"><AttributeType>friction</AttributeType><IsRequired>false</IsRequired><Value i:nil="true"/></Attribute></Attributes><ChildElements/><ElementName>dynamics</ElementName><required>false</required><DampingAttribute z:Ref="i191"/><FrictionAttribute z:Ref="i192"/></URDFElement><URDFElement z:Id="i193" i:type="SafetyController"><Attributes><Attribute z:Id="i194"><AttributeType>soft_upper_limit</AttributeType><IsRequired>false</IsRequired><Value i:nil="true"/></Attribute><Attribute z:Id="i195"><AttributeType>soft_lower_limit</AttributeType><IsRequired>false</IsRequired><Value i:nil="true"/></Attribute><Attribute z:Id="i196"><AttributeType>k_position</AttributeType><IsRequired>false</IsRequired><Value i:nil="true"/></Attribute><Attribute z:Id="i197"><AttributeType>k_velocity</AttributeType><IsRequired>true</IsRequired><Value i:nil="true"/></Attribute></Attributes><ChildElements/><ElementName>safety_controller</ElementName><required>false</required><KPositionAttribute z:Ref="i196"/><KVelocityAttribute z:Ref="i197"/><SoftLowerAttribute z:Ref="i195"/><SoftUpperAttribute z:Ref="i194"/></URDFElement><URDFElement z:Id="i198" i:type="Mimic"><Attributes><Attribute z:Id="i199"><AttributeType>joint</AttributeType><IsRequired>true</IsRequired><Value i:nil="true"/></Attribute><Attribute z:Id="i200"><AttributeType>multiplier</AttributeType><IsRequired>false</IsRequired><Value i:nil="true"/></Attribute><Attribute z:Id="i201"><AttributeType>offset</AttributeType><IsRequired>false</IsRequired><Value i:nil="true"/></Attribute></Attributes><ChildElements/><ElementName>mimic</ElementName><required>false</required><JointNameAttribute z:Ref="i199"/><MultiplierAttribute z:Ref="i200"/><OffsetAttribute z:Ref="i201"/></URDFElement></ChildElements><ElementName>joint</ElementName><required>false</required><Axis z:Ref="i180"/><AxisName>Automatically Generate</AxisName><Calibration z:Ref="i187"/><Child z:Ref="i178"/><CoordinateSystemName>Automatically Generate</CoordinateSystemName><Dynamics z:Ref="i190"/><Limit z:Ref="i182"/><Mimic z:Ref="i198"/><NameAttribute z:Ref="i171"/><Origin z:Ref="i173"/><Parent z:Ref="i176"/><Safety z:Ref="i193"/><TypeAttribute z:Ref="i172"/></URDFElement></ChildElements><ElementName>link</ElementName><required>true</required><Children/><Collision z:Ref="i163"/><Inertial z:Ref="i137"/><Joint z:Ref="i170"/><NameAttribute z:Ref="i136"/><Parent z:Ref="i1"/><STLQualityFine>false</STLQualityFine><SWComponentPIDs xmlns:a="http://schemas.microsoft.com/2003/10/Serialization/Arrays"><a:base64Binary>OEoAAAUAAAD//v8eUABpAF8AQwBhAG0AZQByAGEAXwBtAG8AZAB1AGwAZQBfADMALQAyAEAATABpAGQAYQByAF8AUABLAEcABAAAABAAAAABAAAAAQAAAC4AAAA=</a:base64Binary></SWComponentPIDs><SWMainComponentPID i:nil="true"/><Visual z:Ref="i150"/><isFixedFrame>false</isFixedFrame><isIncomplete>false</isIncomplete></Link><Link z:Id="i202"><Attributes><Attribute z:Id="i203"><AttributeType>name</AttributeType><IsRequired>true</IsRequired><Value i:type="a:string" xmlns:a="http://www.w3.org/2001/XMLSchema">lidar_Link</Value></Attribute></Attributes><ChildElements><URDFElement z:Id="i204" i:type="Inertial"><Attributes/><ChildElements><URDFElement z:Id="i205" i:type="Origin"><Attributes><Attribute z:Id="i206"><AttributeType>xyz</AttributeType><IsRequired>true</IsRequired><Value i:type="a:ArrayOfdouble" xmlns:a="http://schemas.microsoft.com/2003/10/Serialization/Arrays"><a:double>0</a:double><a:double>0</a:double><a:double>0</a:double></Value></Attribute><Attribute z:Id="i207"><AttributeType>rpy</AttributeType><IsRequired>true</IsRequired><Value i:type="a:ArrayOfdouble" xmlns:a="http://schemas.microsoft.com/2003/10/Serialization/Arrays"><a:double>0</a:double><a:double>0</a:double><a:double>0</a:double></Value></Attribute></Attributes><ChildElements/><ElementName>origin</ElementName><required>false</required><RPYAttribute z:Ref="i207"/><XYZAttribute z:Ref="i206"/><isCustomized>false</isCustomized></URDFElement><URDFElement z:Id="i208" i:type="Mass"><Attributes><Attribute z:Id="i209"><AttributeType>value</AttributeType><IsRequired>true</IsRequired><Value i:type="a:double" xmlns:a="http://www.w3.org/2001/XMLSchema">0</Value></Attribute></Attributes><ChildElements/><ElementName>mass</ElementName><required>false</required><ValueAttribute z:Ref="i209"/></URDFElement><URDFElement z:Id="i210" i:type="Inertia"><Attributes><Attribute z:Id="i211"><AttributeType>ixx</AttributeType><IsRequired>true</IsRequired><Value i:type="a:double" xmlns:a="http://www.w3.org/2001/XMLSchema">0</Value></Attribute><Attribute z:Id="i212"><AttributeType>ixy</AttributeType><IsRequired>true</IsRequired><Value i:type="a:double" xmlns:a="http://www.w3.org/2001/XMLSchema">0</Value></Attribute><Attribute z:Id="i213"><AttributeType>ixz</AttributeType><IsRequired>true</IsRequired><Value i:type="a:double" xmlns:a="http://www.w3.org/2001/XMLSchema">0</Value></Attribute><Attribute z:Id="i214"><AttributeType>iyy</AttributeType><IsRequired>true</IsRequired><Value i:type="a:double" xmlns:a="http://www.w3.org/2001/XMLSchema">0</Value></Attribute><Attribute z:Id="i215"><AttributeType>iyz</AttributeType><IsRequired>true</IsRequired><Value i:type="a:double" xmlns:a="http://www.w3.org/2001/XMLSchema">0</Value></Attribute><Attribute z:Id="i216"><AttributeType>izz</AttributeType><IsRequired>true</IsRequired><Value i:type="a:double" xmlns:a="http://www.w3.org/2001/XMLSchema">0</Value></Attribute></Attributes><ChildElements/><ElementName>inertia</ElementName><required>false</required><IxxAttribute z:Ref="i211"/><IxyAttribute z:Ref="i212"/><IxzAttribute z:Ref="i213"/><IyyAttribute z:Ref="i214"/><IyzAttribute z:Ref="i215"/><IzzAttribute z:Ref="i216"/></URDFElement></ChildElements><ElementName>inertial</ElementName><required>false</required><Inertia z:Ref="i210"/><Mass z:Ref="i208"/><Origin z:Ref="i205"/></URDFElement><URDFElement z:Id="i217" i:type="Visual"><Attributes/><ChildElements><URDFElement z:Id="i218" i:type="Origin"><Attributes><Attribute z:Id="i219"><AttributeType>xyz</AttributeType><IsRequired>true</IsRequired><Value i:type="a:ArrayOfdouble" xmlns:a="http://schemas.microsoft.com/2003/10/Serialization/Arrays"><a:double>0</a:double><a:double>0</a:double><a:double>0</a:double></Value></Attribute><Attribute z:Id="i220"><AttributeType>rpy</AttributeType><IsRequired>true</IsRequired><Value i:type="a:ArrayOfdouble" xmlns:a="http://schemas.microsoft.com/2003/10/Serialization/Arrays"><a:double>0</a:double><a:double>0</a:double><a:double>0</a:double></Value></Attribute></Attributes><ChildElements/><ElementName>origin</ElementName><required>false</required><RPYAttribute z:Ref="i220"/><XYZAttribute z:Ref="i219"/><isCustomized>false</isCustomized></URDFElement><URDFElement z:Id="i221" i:type="Geometry"><Attributes/><ChildElements><URDFElement z:Id="i222" i:type="Mesh"><Attributes><Attribute z:Id="i223"><AttributeType>filename</AttributeType><IsRequired>true</IsRequired><Value i:nil="true"/></Attribute></Attributes><ChildElements/><ElementName>mesh</ElementName><required>false</required><FilenameAttribute z:Ref="i223"/></URDFElement></ChildElements><ElementName>geometry</ElementName><required>true</required><Mesh z:Ref="i222"/></URDFElement><URDFElement z:Id="i224" i:type="Material"><Attributes><Attribute z:Id="i225"><AttributeType>name</AttributeType><IsRequired>true</IsRequired><Value i:type="a:string" xmlns:a="http://www.w3.org/2001/XMLSchema"/></Attribute></Attributes><ChildElements><URDFElement z:Id="i226" i:type="Color"><Attributes><Attribute z:Id="i227"><AttributeType>rgba</AttributeType><IsRequired>true</IsRequired><Value i:type="a:ArrayOfdouble" xmlns:a="http://schemas.microsoft.com/2003/10/Serialization/Arrays"><a:double>1</a:double><a:double>1</a:double><a:double>1</a:double><a:double>1</a:double></Value></Attribute></Attributes><ChildElements/><ElementName>color</ElementName><required>false</required><RGBAAttribute z:Ref="i227"/></URDFElement><URDFElement z:Id="i228" i:type="Texture"><Attributes><Attribute z:Id="i229"><AttributeType>filename</AttributeType><IsRequired>true</IsRequired><Value i:nil="true"/></Attribute></Attributes><ChildElements/><ElementName>texture</ElementName><required>false</required><FilenameAttribute z:Ref="i229"/><wFilename/></URDFElement></ChildElements><ElementName>material</ElementName><required>false</required><Color z:Ref="i226"/><NameAttribute z:Ref="i225"/><Texture z:Ref="i228"/></URDFElement></ChildElements><ElementName>visual</ElementName><required>false</required><Geometry z:Ref="i221"/><Material z:Ref="i224"/><Origin z:Ref="i218"/></URDFElement><URDFElement z:Id="i230" i:type="Collision"><Attributes/><ChildElements><URDFElement z:Id="i231" i:type="Origin"><Attributes><Attribute z:Id="i232"><AttributeType>xyz</AttributeType><IsRequired>true</IsRequired><Value i:type="a:ArrayOfdouble" xmlns:a="http://schemas.microsoft.com/2003/10/Serialization/Arrays"><a:double>0</a:double><a:double>0</a:double><a:double>0</a:double></Value></Attribute><Attribute z:Id="i233"><AttributeType>rpy</AttributeType><IsRequired>true</IsRequired><Value i:type="a:ArrayOfdouble" xmlns:a="http://schemas.microsoft.com/2003/10/Serialization/Arrays"><a:double>0</a:double><a:double>0</a:double><a:double>0</a:double></Value></Attribute></Attributes><ChildElements/><ElementName>origin</ElementName><required>false</required><RPYAttribute z:Ref="i233"/><XYZAttribute z:Ref="i232"/><isCustomized>false</isCustomized></URDFElement><URDFElement z:Id="i234" i:type="Geometry"><Attributes/><ChildElements><URDFElement z:Id="i235" i:type="Mesh"><Attributes><Attribute z:Id="i236"><AttributeType>filename</AttributeType><IsRequired>true</IsRequired><Value i:nil="true"/></Attribute></Attributes><ChildElements/><ElementName>mesh</ElementName><required>false</required><FilenameAttribute z:Ref="i236"/></URDFElement></ChildElements><ElementName>geometry</ElementName><required>true</required><Mesh z:Ref="i235"/></URDFElement></ChildElements><ElementName>collision</ElementName><required>false</required><Geometry z:Ref="i234"/><Origin z:Ref="i231"/></URDFElement><URDFElement z:Id="i237" i:type="Joint"><Attributes><Attribute z:Id="i238"><AttributeType>name</AttributeType><IsRequired>true</IsRequired><Value i:type="a:string" xmlns:a="http://www.w3.org/2001/XMLSchema">lidar_joint</Value></Attribute><Attribute z:Id="i239"><AttributeType>type</AttributeType><IsRequired>true</IsRequired><Value i:type="a:string" xmlns:a="http://www.w3.org/2001/XMLSchema">fixed</Value></Attribute></Attributes><ChildElements><URDFElement z:Id="i240" i:type="Origin"><Attributes><Attribute z:Id="i241"><AttributeType>xyz</AttributeType><IsRequired>true</IsRequired><Value i:type="a:ArrayOfdouble" xmlns:a="http://schemas.microsoft.com/2003/10/Serialization/Arrays"><a:double>0</a:double><a:double>0</a:double><a:double>0</a:double></Value></Attribute><Attribute z:Id="i242"><AttributeType>rpy</AttributeType><IsRequired>true</IsRequired><Value i:type="a:ArrayOfdouble" xmlns:a="http://schemas.microsoft.com/2003/10/Serialization/Arrays"><a:double>0</a:double><a:double>0</a:double><a:double>0</a:double></Value></Attribute></Attributes><ChildElements/><ElementName>origin</ElementName><required>false</required><RPYAttribute z:Ref="i242"/><XYZAttribute z:Ref="i241"/><isCustomized>false</isCustomized></URDFElement><URDFElement z:Id="i243" i:type="ParentLink"><Attributes><Attribute z:Id="i244"><AttributeType>link</AttributeType><IsRequired>true</IsRequired><Value i:type="a:string" xmlns:a="http://www.w3.org/2001/XMLSchema"/></Attribute></Attributes><ChildElements/><ElementName>parent</ElementName><required>true</required><NameAttribute z:Ref="i244"/></URDFElement><URDFElement z:Id="i245" i:type="ChildLink"><Attributes><Attribute z:Id="i246"><AttributeType>link</AttributeType><IsRequired>true</IsRequired><Value i:type="a:string" xmlns:a="http://www.w3.org/2001/XMLSchema"/></Attribute></Attributes><ChildElements/><ElementName>child</ElementName><required>true</required><NameAttribute z:Ref="i246"/></URDFElement><URDFElement z:Id="i247" i:type="Axis"><Attributes><Attribute z:Id="i248"><AttributeType>xyz</AttributeType><IsRequired>true</IsRequired><Value i:type="a:ArrayOfdouble" xmlns:a="http://schemas.microsoft.com/2003/10/Serialization/Arrays"><a:double>0</a:double><a:double>0</a:double><a:double>0</a:double></Value></Attribute></Attributes><ChildElements/><ElementName>axis</ElementName><required>false</required><XYZAttribute z:Ref="i248"/></URDFElement><URDFElement z:Id="i249" i:type="Limit"><Attributes><Attribute z:Id="i250"><AttributeType>lower</AttributeType><IsRequired>false</IsRequired><Value i:nil="true"/></Attribute><Attribute z:Id="i251"><AttributeType>upper</AttributeType><IsRequired>false</IsRequired><Value i:nil="true"/></Attribute><Attribute z:Id="i252"><AttributeType>effort</AttributeType><IsRequired>true</IsRequired><Value i:nil="true"/></Attribute><Attribute z:Id="i253"><AttributeType>velocity</AttributeType><IsRequired>true</IsRequired><Value i:nil="true"/></Attribute></Attributes><ChildElements/><ElementName>limit</ElementName><required>false</required><EffortAttribute z:Ref="i252"/><LowerAttribute z:Ref="i250"/><UpperAttribute z:Ref="i251"/><VelocityAttribute z:Ref="i253"/></URDFElement><URDFElement z:Id="i254" i:type="Calibration"><Attributes><Attribute z:Id="i255"><AttributeType>rising</AttributeType><IsRequired>false</IsRequired><Value i:nil="true"/></Attribute><Attribute z:Id="i256"><AttributeType>falling</AttributeType><IsRequired>false</IsRequired><Value i:nil="true"/></Attribute></Attributes><ChildElements/><ElementName>calibration</ElementName><required>false</required><FallingAttribute z:Ref="i256"/><RisingAttribute z:Ref="i255"/></URDFElement><URDFElement z:Id="i257" i:type="Dynamics"><Attributes><Attribute z:Id="i258"><AttributeType>damping</AttributeType><IsRequired>false</IsRequired><Value i:nil="true"/></Attribute><Attribute z:Id="i259"><AttributeType>friction</AttributeType><IsRequired>false</IsRequired><Value i:nil="true"/></Attribute></Attributes><ChildElements/><ElementName>dynamics</ElementName><required>false</required><DampingAttribute z:Ref="i258"/><FrictionAttribute z:Ref="i259"/></URDFElement><URDFElement z:Id="i260" i:type="SafetyController"><Attributes><Attribute z:Id="i261"><AttributeType>soft_upper_limit</AttributeType><IsRequired>false</IsRequired><Value i:nil="true"/></Attribute><Attribute z:Id="i262"><AttributeType>soft_lower_limit</AttributeType><IsRequired>false</IsRequired><Value i:nil="true"/></Attribute><Attribute z:Id="i263"><AttributeType>k_position</AttributeType><IsRequired>false</IsRequired><Value i:nil="true"/></Attribute><Attribute z:Id="i264"><AttributeType>k_velocity</AttributeType><IsRequired>true</IsRequired><Value i:nil="true"/></Attribute></Attributes><ChildElements/><ElementName>safety_controller</ElementName><required>false</required><KPositionAttribute z:Ref="i263"/><KVelocityAttribute z:Ref="i264"/><SoftLowerAttribute z:Ref="i262"/><SoftUpperAttribute z:Ref="i261"/></URDFElement><URDFElement z:Id="i265" i:type="Mimic"><Attributes><Attribute z:Id="i266"><AttributeType>joint</AttributeType><IsRequired>true</IsRequired><Value i:nil="true"/></Attribute><Attribute z:Id="i267"><AttributeType>multiplier</AttributeType><IsRequired>false</IsRequired><Value i:nil="true"/></Attribute><Attribute z:Id="i268"><AttributeType>offset</AttributeType><IsRequired>false</IsRequired><Value i:nil="true"/></Attribute></Attributes><ChildElements/><ElementName>mimic</ElementName><required>false</required><JointNameAttribute z:Ref="i266"/><MultiplierAttribute z:Ref="i267"/><OffsetAttribute z:Ref="i268"/></URDFElement></ChildElements><ElementName>joint</ElementName><required>false</required><Axis z:Ref="i247"/><AxisName>Automatically Generate</AxisName><Calibration z:Ref="i254"/><Child z:Ref="i245"/><CoordinateSystemName>Automatically Generate</CoordinateSystemName><Dynamics z:Ref="i257"/><Limit z:Ref="i249"/><Mimic z:Ref="i265"/><NameAttribute z:Ref="i238"/><Origin z:Ref="i240"/><Parent z:Ref="i243"/><Safety z:Ref="i260"/><TypeAttribute z:Ref="i239"/></URDFElement></ChildElements><ElementName>link</ElementName><required>true</required><Children/><Collision z:Ref="i230"/><Inertial z:Ref="i204"/><Joint z:Ref="i237"/><NameAttribute z:Ref="i203"/><Parent z:Ref="i1"/><STLQualityFine>false</STLQualityFine><SWComponentPIDs xmlns:a="http://schemas.microsoft.com/2003/10/Serialization/Arrays"><a:base64Binary>OEoAAAUAAAD//v8XTwB1AHMAdABlAHIAIABPAFMALQAxAC0AMgBAAEwAaQBkAGEAcgBfAFAASwBHAAQAAAAQAAAAAQAAAAEAAAAXAAAA</a:base64Binary></SWComponentPIDs><SWMainComponentPID i:nil="true"/><Visual z:Ref="i217"/><isFixedFrame>false</isFixedFrame><isIncomplete>false</isIncomplete></Link></Children><Collision z:Ref="i29"/><Inertial z:Ref="i3"/><Joint z:Ref="i36"/><NameAttribute z:Ref="i2"/><Parent i:nil="true"/><STLQualityFine>false</STLQualityFine><SWComponentPIDs xmlns:a="http://schemas.microsoft.com/2003/10/Serialization/Arrays"><a:base64Binary>OEoAAAUAAAD//v8ZTABpAGQAYQByAF8AcABrAGcAXwBiAG8AeAAtADEAQABMAGkAZABhAHIAXwBQAEsARwAEAAAAEAAAAAEAAAABAAAAGgAAAA==</a:base64Binary><a:base64Binary>OEoAAAUAAAD//v8VTABpAGQAYQByAF8AYwBhAHAALQAxAEAATABpAGQAYQByAF8AUABLAEcABAAAABAAAAABAAAAAQAAABgAAAA=</a:base64Binary><a:base64Binary>OEoAAAUAAAD//v8wOQAyADUAMQAwAEEANAA0ADQAXwBBAGwAdQBtAGkAbgB1AG0AIABVAG4AdABoAHIAZQBhAGQAZQBkACAAUwBwAGEAYwBlAHIALQAyAEAATABpAGQAYQByAF8AUABLAEcABAAAABAAAAABAAAAAQAAAHEAAAA=</a:base64Binary><a:base64Binary>OEoAAAUAAAD//v8wOQAyADUAMQAwAEEANAA0ADQAXwBBAGwAdQBtAGkAbgB1AG0AIABVAG4AdABoAHIAZQBhAGQAZQBkACAAUwBwAGEAYwBlAHIALQAzAEAATABpAGQAYQByAF8AUABLAEcABAAAABAAAAABAAAAAQAAAHIAAAA=</a:base64Binary><a:base64Binary>OEoAAAUAAAD//v8wOQAyADUAMQAwAEEANAA0ADQAXwBBAGwAdQBtAGkAbgB1AG0AIABVAG4AdABoAHIAZQBhAGQAZQBkACAAUwBwAGEAYwBlAHIALQAxAEAATABpAGQAYQByAF8AUABLAEcABAAAABAAAAABAAAAAQAAAG4AAAA=</a:base64Binary><a:base64Binary>OEoAAAUAAAD//v8wOQAyADUAMQAwAEEANAA0ADQAXwBBAGwAdQBtAGkAbgB1AG0AIABVAG4AdABoAHIAZQBhAGQAZQBkACAAUwBwAGEAYwBlAHIALQA0AEAATABpAGQAYQByAF8AUABLAEcABAAAABAAAAABAAAAAQAAAHMAAAA=</a:base64Binary></SWComponentPIDs><SWMainComponentPID i:nil="true"/><Visual z:Ref="i16"/><isFixedFrame>false</isFixedFrame><isIncomplete>false</isIncomplete></Link>
2026-06-23 10:40:27,848 INFO  LinkNode.cs: 35 - Building node base_link
2026-06-23 10:40:27,848 INFO  LinkNode.cs: 35 - Building node cam1_link
2026-06-23 10:40:27,849 INFO  LinkNode.cs: 35 - Building node cam2_link
2026-06-23 10:40:27,849 INFO  LinkNode.cs: 35 - Building node lidar_Link
2026-06-23 10:40:27,849 INFO  CommonSwOperations.cs: 221 - Loading SolidWorks components for base_link from C:\Users\juanh\OneDrive\Documents\CAD Projects\Lidar pkg\Lidar_PKG.SLDASM
2026-06-23 10:40:27,849 INFO  CommonSwOperations.cs: 245 - Loading component with PID 8J     ???L i d a r _ p k g _ b o x - 1 @ L i d a r _ P K G                
2026-06-23 10:40:27,849 INFO  CommonSwOperations.cs: 254 - Successfully loaded component C:\Users\juanh\OneDrive\Documents\CAD Projects\Lidar pkg\Lidar_pkg_box.SLDPRT
2026-06-23 10:40:27,850 INFO  CommonSwOperations.cs: 245 - Loading component with PID 8J     ???L i d a r _ c a p - 1 @ L i d a r _ P K G                
2026-06-23 10:40:27,850 INFO  CommonSwOperations.cs: 254 - Successfully loaded component C:\Users\juanh\OneDrive\Documents\CAD Projects\Lidar pkg\Lidar_cap.SLDPRT
2026-06-23 10:40:27,850 INFO  CommonSwOperations.cs: 245 - Loading component with PID 8J     ???09 2 5 1 0 A 4 4 4 _ A l u m i n u m   U n t h r e a d e d   S p a c e r - 2 @ L i d a r _ P K G             q   
2026-06-23 10:40:27,850 INFO  CommonSwOperations.cs: 254 - Successfully loaded component C:\Users\juanh\OneDrive\Documents\CAD Projects\Lidar pkg\92510A444_Aluminum Unthreaded Spacer.SLDPRT
2026-06-23 10:40:27,850 INFO  CommonSwOperations.cs: 245 - Loading component with PID 8J     ???09 2 5 1 0 A 4 4 4 _ A l u m i n u m   U n t h r e a d e d   S p a c e r - 3 @ L i d a r _ P K G             r   
2026-06-23 10:40:27,851 INFO  CommonSwOperations.cs: 254 - Successfully loaded component C:\Users\juanh\OneDrive\Documents\CAD Projects\Lidar pkg\92510A444_Aluminum Unthreaded Spacer.SLDPRT
2026-06-23 10:40:27,851 INFO  CommonSwOperations.cs: 245 - Loading component with PID 8J     ???09 2 5 1 0 A 4 4 4 _ A l u m i n u m   U n t h r e a d e d   S p a c e r - 1 @ L i d a r _ P K G             n   
2026-06-23 10:40:27,851 INFO  CommonSwOperations.cs: 254 - Successfully loaded component C:\Users\juanh\OneDrive\Documents\CAD Projects\Lidar pkg\92510A444_Aluminum Unthreaded Spacer.SLDPRT
2026-06-23 10:40:27,851 INFO  CommonSwOperations.cs: 245 - Loading component with PID 8J     ???09 2 5 1 0 A 4 4 4 _ A l u m i n u m   U n t h r e a d e d   S p a c e r - 4 @ L i d a r _ P K G             s   
2026-06-23 10:40:27,852 INFO  CommonSwOperations.cs: 254 - Successfully loaded component C:\Users\juanh\OneDrive\Documents\CAD Projects\Lidar pkg\92510A444_Aluminum Unthreaded Spacer.SLDPRT
2026-06-23 10:40:27,852 INFO  CommonSwOperations.cs: 230 - Loaded 6 components for link base_link
2026-06-23 10:40:27,852 INFO  CommonSwOperations.cs: 221 - Loading SolidWorks components for cam1_link from C:\Users\juanh\OneDrive\Documents\CAD Projects\Lidar pkg\Lidar_PKG.SLDASM
2026-06-23 10:40:27,852 INFO  CommonSwOperations.cs: 245 - Loading component with PID 8J     ???P i _ C a m e r a _ m o d u l e _ 3 - 1 @ L i d a r _ P K G                
2026-06-23 10:40:27,852 INFO  CommonSwOperations.cs: 254 - Successfully loaded component C:\Users\juanh\OneDrive\Documents\CAD Projects\Lidar pkg\Pi_Camera_module_3.SLDPRT
2026-06-23 10:40:27,853 INFO  CommonSwOperations.cs: 230 - Loaded 1 components for link cam1_link
2026-06-23 10:40:27,853 INFO  CommonSwOperations.cs: 221 - Loading SolidWorks components for cam2_link from C:\Users\juanh\OneDrive\Documents\CAD Projects\Lidar pkg\Lidar_PKG.SLDASM
2026-06-23 10:40:27,853 INFO  CommonSwOperations.cs: 245 - Loading component with PID 8J     ???P i _ C a m e r a _ m o d u l e _ 3 - 2 @ L i d a r _ P K G             .   
2026-06-23 10:40:27,853 INFO  CommonSwOperations.cs: 254 - Successfully loaded component C:\Users\juanh\OneDrive\Documents\CAD Projects\Lidar pkg\Pi_Camera_module_3.SLDPRT
2026-06-23 10:40:27,853 INFO  CommonSwOperations.cs: 230 - Loaded 1 components for link cam2_link
2026-06-23 10:40:27,853 INFO  CommonSwOperations.cs: 221 - Loading SolidWorks components for lidar_Link from C:\Users\juanh\OneDrive\Documents\CAD Projects\Lidar pkg\Lidar_PKG.SLDASM
2026-06-23 10:40:27,854 INFO  CommonSwOperations.cs: 245 - Loading component with PID 8J     ???O u s t e r   O S - 1 - 2 @ L i d a r _ P K G                
2026-06-23 10:40:27,854 INFO  CommonSwOperations.cs: 254 - Successfully loaded component C:\Users\juanh\OneDrive\Documents\CAD Projects\Lidar pkg\Ouster OS-1.SLDPRT
2026-06-23 10:40:27,854 INFO  CommonSwOperations.cs: 230 - Loaded 1 components for link lidar_Link
2026-06-23 10:40:27,928 INFO  SwAddin.cs: 344 - Showing property manager
2026-06-23 10:40:34,665 INFO  ExportPropertyManager.cs: 422 - Configuration saved
2026-06-23 10:40:34,666 INFO  ConfigurationSerialization.cs: 276 - URDF Configuration found
<Link z:Id="i1" xmlns="http://schemas.datacontract.org/2004/07/SW2URDF" xmlns:i="http://www.w3.org/2001/XMLSchema-instance" xmlns:z="http://schemas.microsoft.com/2003/10/Serialization/"><Attributes><Attribute z:Id="i2"><AttributeType>name</AttributeType><IsRequired>true</IsRequired><Value i:type="a:string" xmlns:a="http://www.w3.org/2001/XMLSchema">base_link</Value></Attribute></Attributes><ChildElements><URDFElement z:Id="i3" i:type="Inertial"><Attributes/><ChildElements><URDFElement z:Id="i4" i:type="Origin"><Attributes><Attribute z:Id="i5"><AttributeType>xyz</AttributeType><IsRequired>true</IsRequired><Value i:type="a:ArrayOfdouble" xmlns:a="http://schemas.microsoft.com/2003/10/Serialization/Arrays"><a:double>0</a:double><a:double>0</a:double><a:double>0</a:double></Value></Attribute><Attribute z:Id="i6"><AttributeType>rpy</AttributeType><IsRequired>true</IsRequired><Value i:type="a:ArrayOfdouble" xmlns:a="http://schemas.microsoft.com/2003/10/Serialization/Arrays"><a:double>0</a:double><a:double>0</a:double><a:double>0</a:double></Value></Attribute></Attributes><ChildElements/><ElementName>origin</ElementName><required>false</required><RPYAttribute z:Ref="i6"/><XYZAttribute z:Ref="i5"/><isCustomized>false</isCustomized></URDFElement><URDFElement z:Id="i7" i:type="Mass"><Attributes><Attribute z:Id="i8"><AttributeType>value</AttributeType><IsRequired>true</IsRequired><Value i:type="a:double" xmlns:a="http://www.w3.org/2001/XMLSchema">0</Value></Attribute></Attributes><ChildElements/><ElementName>mass</ElementName><required>false</required><ValueAttribute z:Ref="i8"/></URDFElement><URDFElement z:Id="i9" i:type="Inertia"><Attributes><Attribute z:Id="i10"><AttributeType>ixx</AttributeType><IsRequired>true</IsRequired><Value i:type="a:double" xmlns:a="http://www.w3.org/2001/XMLSchema">0</Value></Attribute><Attribute z:Id="i11"><AttributeType>ixy</AttributeType><IsRequired>true</IsRequired><Value i:type="a:double" xmlns:a="http://www.w3.org/2001/XMLSchema">0</Value></Attribute><Attribute z:Id="i12"><AttributeType>ixz</AttributeType><IsRequired>true</IsRequired><Value i:type="a:double" xmlns:a="http://www.w3.org/2001/XMLSchema">0</Value></Attribute><Attribute z:Id="i13"><AttributeType>iyy</AttributeType><IsRequired>true</IsRequired><Value i:type="a:double" xmlns:a="http://www.w3.org/2001/XMLSchema">0</Value></Attribute><Attribute z:Id="i14"><AttributeType>iyz</AttributeType><IsRequired>true</IsRequired><Value i:type="a:double" xmlns:a="http://www.w3.org/2001/XMLSchema">0</Value></Attribute><Attribute z:Id="i15"><AttributeType>izz</AttributeType><IsRequired>true</IsRequired><Value i:type="a:double" xmlns:a="http://www.w3.org/2001/XMLSchema">0</Value></Attribute></Attributes><ChildElements/><ElementName>inertia</ElementName><required>false</required><IxxAttribute z:Ref="i10"/><IxyAttribute z:Ref="i11"/><IxzAttribute z:Ref="i12"/><IyyAttribute z:Ref="i13"/><IyzAttribute z:Ref="i14"/><IzzAttribute z:Ref="i15"/></URDFElement></ChildElements><ElementName>inertial</ElementName><required>false</required><Inertia z:Ref="i9"/><Mass z:Ref="i7"/><Origin z:Ref="i4"/></URDFElement><URDFElement z:Id="i16" i:type="Visual"><Attributes/><ChildElements><URDFElement z:Id="i17" i:type="Origin"><Attributes><Attribute z:Id="i18"><AttributeType>xyz</AttributeType><IsRequired>true</IsRequired><Value i:type="a:ArrayOfdouble" xmlns:a="http://schemas.microsoft.com/2003/10/Serialization/Arrays"><a:double>0</a:double><a:double>0</a:double><a:double>0</a:double></Value></Attribute><Attribute z:Id="i19"><AttributeType>rpy</AttributeType><IsRequired>true</IsRequired><Value i:type="a:ArrayOfdouble" xmlns:a="http://schemas.microsoft.com/2003/10/Serialization/Arrays"><a:double>0</a:double><a:double>0</a:double><a:double>0</a:double></Value></Attribute></Attributes><ChildElements/><ElementName>origin</ElementName><required>false</required><RPYAttribute z:Ref="i19"/><XYZAttribute z:Ref="i18"/><isCustomized>false</isCustomized></URDFElement><URDFElement z:Id="i20" i:type="Geometry"><Attributes/><ChildElements><URDFElement z:Id="i21" i:type="Mesh"><Attributes><Attribute z:Id="i22"><AttributeType>filename</AttributeType><IsRequired>true</IsRequired><Value i:nil="true"/></Attribute></Attributes><ChildElements/><ElementName>mesh</ElementName><required>false</required><FilenameAttribute z:Ref="i22"/></URDFElement></ChildElements><ElementName>geometry</ElementName><required>true</required><Mesh z:Ref="i21"/></URDFElement><URDFElement z:Id="i23" i:type="Material"><Attributes><Attribute z:Id="i24"><AttributeType>name</AttributeType><IsRequired>true</IsRequired><Value i:type="a:string" xmlns:a="http://www.w3.org/2001/XMLSchema"/></Attribute></Attributes><ChildElements><URDFElement z:Id="i25" i:type="Color"><Attributes><Attribute z:Id="i26"><AttributeType>rgba</AttributeType><IsRequired>true</IsRequired><Value i:type="a:ArrayOfdouble" xmlns:a="http://schemas.microsoft.com/2003/10/Serialization/Arrays"><a:double>1</a:double><a:double>1</a:double><a:double>1</a:double><a:double>1</a:double></Value></Attribute></Attributes><ChildElements/><ElementName>color</ElementName><required>false</required><RGBAAttribute z:Ref="i26"/></URDFElement><URDFElement z:Id="i27" i:type="Texture"><Attributes><Attribute z:Id="i28"><AttributeType>filename</AttributeType><IsRequired>true</IsRequired><Value i:nil="true"/></Attribute></Attributes><ChildElements/><ElementName>texture</ElementName><required>false</required><FilenameAttribute z:Ref="i28"/><wFilename/></URDFElement></ChildElements><ElementName>material</ElementName><required>false</required><Color z:Ref="i25"/><NameAttribute z:Ref="i24"/><Texture z:Ref="i27"/></URDFElement></ChildElements><ElementName>visual</ElementName><required>false</required><Geometry z:Ref="i20"/><Material z:Ref="i23"/><Origin z:Ref="i17"/></URDFElement><URDFElement z:Id="i29" i:type="Collision"><Attributes/><ChildElements><URDFElement z:Id="i30" i:type="Origin"><Attributes><Attribute z:Id="i31"><AttributeType>xyz</AttributeType><IsRequired>true</IsRequired><Value i:type="a:ArrayOfdouble" xmlns:a="http://schemas.microsoft.com/2003/10/Serialization/Arrays"><a:double>0</a:double><a:double>0</a:double><a:double>0</a:double></Value></Attribute><Attribute z:Id="i32"><AttributeType>rpy</AttributeType><IsRequired>true</IsRequired><Value i:type="a:ArrayOfdouble" xmlns:a="http://schemas.microsoft.com/2003/10/Serialization/Arrays"><a:double>0</a:double><a:double>0</a:double><a:double>0</a:double></Value></Attribute></Attributes><ChildElements/><ElementName>origin</ElementName><required>false</required><RPYAttribute z:Ref="i32"/><XYZAttribute z:Ref="i31"/><isCustomized>false</isCustomized></URDFElement><URDFElement z:Id="i33" i:type="Geometry"><Attributes/><ChildElements><URDFElement z:Id="i34" i:type="Mesh"><Attributes><Attribute z:Id="i35"><AttributeType>filename</AttributeType><IsRequired>true</IsRequired><Value i:nil="true"/></Attribute></Attributes><ChildElements/><ElementName>mesh</ElementName><required>false</required><FilenameAttribute z:Ref="i35"/></URDFElement></ChildElements><ElementName>geometry</ElementName><required>true</required><Mesh z:Ref="i34"/></URDFElement></ChildElements><ElementName>collision</ElementName><required>false</required><Geometry z:Ref="i33"/><Origin z:Ref="i30"/></URDFElement><URDFElement z:Id="i36" i:type="Joint"><Attributes><Attribute z:Id="i37"><AttributeType>name</AttributeType><IsRequired>true</IsRequired><Value i:type="a:string" xmlns:a="http://www.w3.org/2001/XMLSchema"/></Attribute><Attribute z:Id="i38"><AttributeType>type</AttributeType><IsRequired>true</IsRequired><Value i:type="a:string" xmlns:a="http://www.w3.org/2001/XMLSchema"/></Attribute></Attributes><ChildElements><URDFElement z:Id="i39" i:type="Origin"><Attributes><Attribute z:Id="i40"><AttributeType>xyz</AttributeType><IsRequired>true</IsRequired><Value i:type="a:ArrayOfdouble" xmlns:a="http://schemas.microsoft.com/2003/10/Serialization/Arrays"><a:double>0</a:double><a:double>0</a:double><a:double>0</a:double></Value></Attribute><Attribute z:Id="i41"><AttributeType>rpy</AttributeType><IsRequired>true</IsRequired><Value i:type="a:ArrayOfdouble" xmlns:a="http://schemas.microsoft.com/2003/10/Serialization/Arrays"><a:double>0</a:double><a:double>0</a:double><a:double>0</a:double></Value></Attribute></Attributes><ChildElements/><ElementName>origin</ElementName><required>false</required><RPYAttribute z:Ref="i41"/><XYZAttribute z:Ref="i40"/><isCustomized>false</isCustomized></URDFElement><URDFElement z:Id="i42" i:type="ParentLink"><Attributes><Attribute z:Id="i43"><AttributeType>link</AttributeType><IsRequired>true</IsRequired><Value i:type="a:string" xmlns:a="http://www.w3.org/2001/XMLSchema"/></Attribute></Attributes><ChildElements/><ElementName>parent</ElementName><required>true</required><NameAttribute z:Ref="i43"/></URDFElement><URDFElement z:Id="i44" i:type="ChildLink"><Attributes><Attribute z:Id="i45"><AttributeType>link</AttributeType><IsRequired>true</IsRequired><Value i:type="a:string" xmlns:a="http://www.w3.org/2001/XMLSchema"/></Attribute></Attributes><ChildElements/><ElementName>child</ElementName><required>true</required><NameAttribute z:Ref="i45"/></URDFElement><URDFElement z:Id="i46" i:type="Axis"><Attributes><Attribute z:Id="i47"><AttributeType>xyz</AttributeType><IsRequired>true</IsRequired><Value i:type="a:ArrayOfdouble" xmlns:a="http://schemas.microsoft.com/2003/10/Serialization/Arrays"><a:double>0</a:double><a:double>0</a:double><a:double>0</a:double></Value></Attribute></Attributes><ChildElements/><ElementName>axis</ElementName><required>false</required><XYZAttribute z:Ref="i47"/></URDFElement><URDFElement z:Id="i48" i:type="Limit"><Attributes><Attribute z:Id="i49"><AttributeType>lower</AttributeType><IsRequired>false</IsRequired><Value i:nil="true"/></Attribute><Attribute z:Id="i50"><AttributeType>upper</AttributeType><IsRequired>false</IsRequired><Value i:nil="true"/></Attribute><Attribute z:Id="i51"><AttributeType>effort</AttributeType><IsRequired>true</IsRequired><Value i:nil="true"/></Attribute><Attribute z:Id="i52"><AttributeType>velocity</AttributeType><IsRequired>true</IsRequired><Value i:nil="true"/></Attribute></Attributes><ChildElements/><ElementName>limit</ElementName><required>false</required><EffortAttribute z:Ref="i51"/><LowerAttribute z:Ref="i49"/><UpperAttribute z:Ref="i50"/><VelocityAttribute z:Ref="i52"/></URDFElement><URDFElement z:Id="i53" i:type="Calibration"><Attributes><Attribute z:Id="i54"><AttributeType>rising</AttributeType><IsRequired>false</IsRequired><Value i:nil="true"/></Attribute><Attribute z:Id="i55"><AttributeType>falling</AttributeType><IsRequired>false</IsRequired><Value i:nil="true"/></Attribute></Attributes><ChildElements/><ElementName>calibration</ElementName><required>false</required><FallingAttribute z:Ref="i55"/><RisingAttribute z:Ref="i54"/></URDFElement><URDFElement z:Id="i56" i:type="Dynamics"><Attributes><Attribute z:Id="i57"><AttributeType>damping</AttributeType><IsRequired>false</IsRequired><Value i:nil="true"/></Attribute><Attribute z:Id="i58"><AttributeType>friction</AttributeType><IsRequired>false</IsRequired><Value i:nil="true"/></Attribute></Attributes><ChildElements/><ElementName>dynamics</ElementName><required>false</required><DampingAttribute z:Ref="i57"/><FrictionAttribute z:Ref="i58"/></URDFElement><URDFElement z:Id="i59" i:type="SafetyController"><Attributes><Attribute z:Id="i60"><AttributeType>soft_upper_limit</AttributeType><IsRequired>false</IsRequired><Value i:nil="true"/></Attribute><Attribute z:Id="i61"><AttributeType>soft_lower_limit</AttributeType><IsRequired>false</IsRequired><Value i:nil="true"/></Attribute><Attribute z:Id="i62"><AttributeType>k_position</AttributeType><IsRequired>false</IsRequired><Value i:nil="true"/></Attribute><Attribute z:Id="i63"><AttributeType>k_velocity</AttributeType><IsRequired>true</IsRequired><Value i:nil="true"/></Attribute></Attributes><ChildElements/><ElementName>safety_controller</ElementName><required>false</required><KPositionAttribute z:Ref="i62"/><KVelocityAttribute z:Ref="i63"/><SoftLowerAttribute z:Ref="i61"/><SoftUpperAttribute z:Ref="i60"/></URDFElement><URDFElement z:Id="i64" i:type="Mimic"><Attributes><Attribute z:Id="i65"><AttributeType>joint</AttributeType><IsRequired>true</IsRequired><Value i:nil="true"/></Attribute><Attribute z:Id="i66"><AttributeType>multiplier</AttributeType><IsRequired>false</IsRequired><Value i:nil="true"/></Attribute><Attribute z:Id="i67"><AttributeType>offset</AttributeType><IsRequired>false</IsRequired><Value i:nil="true"/></Attribute></Attributes><ChildElements/><ElementName>mimic</ElementName><required>false</required><JointNameAttribute z:Ref="i65"/><MultiplierAttribute z:Ref="i66"/><OffsetAttribute z:Ref="i67"/></URDFElement></ChildElements><ElementName>joint</ElementName><required>false</required><Axis z:Ref="i46"/><AxisName/><Calibration z:Ref="i53"/><Child z:Ref="i44"/><CoordinateSystemName>Automatically Generate</CoordinateSystemName><Dynamics z:Ref="i56"/><Limit z:Ref="i48"/><Mimic z:Ref="i64"/><NameAttribute z:Ref="i37"/><Origin z:Ref="i39"/><Parent z:Ref="i42"/><Safety z:Ref="i59"/><TypeAttribute z:Ref="i38"/></URDFElement></ChildElements><ElementName>link</ElementName><required>true</required><Children><Link z:Id="i68"><Attributes><Attribute z:Id="i69"><AttributeType>name</AttributeType><IsRequired>true</IsRequired><Value i:type="a:string" xmlns:a="http://www.w3.org/2001/XMLSchema">cam1_link</Value></Attribute></Attributes><ChildElements><URDFElement z:Id="i70" i:type="Inertial"><Attributes/><ChildElements><URDFElement z:Id="i71" i:type="Origin"><Attributes><Attribute z:Id="i72"><AttributeType>xyz</AttributeType><IsRequired>true</IsRequired><Value i:type="a:ArrayOfdouble" xmlns:a="http://schemas.microsoft.com/2003/10/Serialization/Arrays"><a:double>0</a:double><a:double>0</a:double><a:double>0</a:double></Value></Attribute><Attribute z:Id="i73"><AttributeType>rpy</AttributeType><IsRequired>true</IsRequired><Value i:type="a:ArrayOfdouble" xmlns:a="http://schemas.microsoft.com/2003/10/Serialization/Arrays"><a:double>0</a:double><a:double>0</a:double><a:double>0</a:double></Value></Attribute></Attributes><ChildElements/><ElementName>origin</ElementName><required>false</required><RPYAttribute z:Ref="i73"/><XYZAttribute z:Ref="i72"/><isCustomized>false</isCustomized></URDFElement><URDFElement z:Id="i74" i:type="Mass"><Attributes><Attribute z:Id="i75"><AttributeType>value</AttributeType><IsRequired>true</IsRequired><Value i:type="a:double" xmlns:a="http://www.w3.org/2001/XMLSchema">0</Value></Attribute></Attributes><ChildElements/><ElementName>mass</ElementName><required>false</required><ValueAttribute z:Ref="i75"/></URDFElement><URDFElement z:Id="i76" i:type="Inertia"><Attributes><Attribute z:Id="i77"><AttributeType>ixx</AttributeType><IsRequired>true</IsRequired><Value i:type="a:double" xmlns:a="http://www.w3.org/2001/XMLSchema">0</Value></Attribute><Attribute z:Id="i78"><AttributeType>ixy</AttributeType><IsRequired>true</IsRequired><Value i:type="a:double" xmlns:a="http://www.w3.org/2001/XMLSchema">0</Value></Attribute><Attribute z:Id="i79"><AttributeType>ixz</AttributeType><IsRequired>true</IsRequired><Value i:type="a:double" xmlns:a="http://www.w3.org/2001/XMLSchema">0</Value></Attribute><Attribute z:Id="i80"><AttributeType>iyy</AttributeType><IsRequired>true</IsRequired><Value i:type="a:double" xmlns:a="http://www.w3.org/2001/XMLSchema">0</Value></Attribute><Attribute z:Id="i81"><AttributeType>iyz</AttributeType><IsRequired>true</IsRequired><Value i:type="a:double" xmlns:a="http://www.w3.org/2001/XMLSchema">0</Value></Attribute><Attribute z:Id="i82"><AttributeType>izz</AttributeType><IsRequired>true</IsRequired><Value i:type="a:double" xmlns:a="http://www.w3.org/2001/XMLSchema">0</Value></Attribute></Attributes><ChildElements/><ElementName>inertia</ElementName><required>false</required><IxxAttribute z:Ref="i77"/><IxyAttribute z:Ref="i78"/><IxzAttribute z:Ref="i79"/><IyyAttribute z:Ref="i80"/><IyzAttribute z:Ref="i81"/><IzzAttribute z:Ref="i82"/></URDFElement></ChildElements><ElementName>inertial</ElementName><required>false</required><Inertia z:Ref="i76"/><Mass z:Ref="i74"/><Origin z:Ref="i71"/></URDFElement><URDFElement z:Id="i83" i:type="Visual"><Attributes/><ChildElements><URDFElement z:Id="i84" i:type="Origin"><Attributes><Attribute z:Id="i85"><AttributeType>xyz</AttributeType><IsRequired>true</IsRequired><Value i:type="a:ArrayOfdouble" xmlns:a="http://schemas.microsoft.com/2003/10/Serialization/Arrays"><a:double>0</a:double><a:double>0</a:double><a:double>0</a:double></Value></Attribute><Attribute z:Id="i86"><AttributeType>rpy</AttributeType><IsRequired>true</IsRequired><Value i:type="a:ArrayOfdouble" xmlns:a="http://schemas.microsoft.com/2003/10/Serialization/Arrays"><a:double>0</a:double><a:double>0</a:double><a:double>0</a:double></Value></Attribute></Attributes><ChildElements/><ElementName>origin</ElementName><required>false</required><RPYAttribute z:Ref="i86"/><XYZAttribute z:Ref="i85"/><isCustomized>false</isCustomized></URDFElement><URDFElement z:Id="i87" i:type="Geometry"><Attributes/><ChildElements><URDFElement z:Id="i88" i:type="Mesh"><Attributes><Attribute z:Id="i89"><AttributeType>filename</AttributeType><IsRequired>true</IsRequired><Value i:nil="true"/></Attribute></Attributes><ChildElements/><ElementName>mesh</ElementName><required>false</required><FilenameAttribute z:Ref="i89"/></URDFElement></ChildElements><ElementName>geometry</ElementName><required>true</required><Mesh z:Ref="i88"/></URDFElement><URDFElement z:Id="i90" i:type="Material"><Attributes><Attribute z:Id="i91"><AttributeType>name</AttributeType><IsRequired>true</IsRequired><Value i:type="a:string" xmlns:a="http://www.w3.org/2001/XMLSchema"/></Attribute></Attributes><ChildElements><URDFElement z:Id="i92" i:type="Color"><Attributes><Attribute z:Id="i93"><AttributeType>rgba</AttributeType><IsRequired>true</IsRequired><Value i:type="a:ArrayOfdouble" xmlns:a="http://schemas.microsoft.com/2003/10/Serialization/Arrays"><a:double>1</a:double><a:double>1</a:double><a:double>1</a:double><a:double>1</a:double></Value></Attribute></Attributes><ChildElements/><ElementName>color</ElementName><required>false</required><RGBAAttribute z:Ref="i93"/></URDFElement><URDFElement z:Id="i94" i:type="Texture"><Attributes><Attribute z:Id="i95"><AttributeType>filename</AttributeType><IsRequired>true</IsRequired><Value i:nil="true"/></Attribute></Attributes><ChildElements/><ElementName>texture</ElementName><required>false</required><FilenameAttribute z:Ref="i95"/><wFilename/></URDFElement></ChildElements><ElementName>material</ElementName><required>false</required><Color z:Ref="i92"/><NameAttribute z:Ref="i91"/><Texture z:Ref="i94"/></URDFElement></ChildElements><ElementName>visual</ElementName><required>false</required><Geometry z:Ref="i87"/><Material z:Ref="i90"/><Origin z:Ref="i84"/></URDFElement><URDFElement z:Id="i96" i:type="Collision"><Attributes/><ChildElements><URDFElement z:Id="i97" i:type="Origin"><Attributes><Attribute z:Id="i98"><AttributeType>xyz</AttributeType><IsRequired>true</IsRequired><Value i:type="a:ArrayOfdouble" xmlns:a="http://schemas.microsoft.com/2003/10/Serialization/Arrays"><a:double>0</a:double><a:double>0</a:double><a:double>0</a:double></Value></Attribute><Attribute z:Id="i99"><AttributeType>rpy</AttributeType><IsRequired>true</IsRequired><Value i:type="a:ArrayOfdouble" xmlns:a="http://schemas.microsoft.com/2003/10/Serialization/Arrays"><a:double>0</a:double><a:double>0</a:double><a:double>0</a:double></Value></Attribute></Attributes><ChildElements/><ElementName>origin</ElementName><required>false</required><RPYAttribute z:Ref="i99"/><XYZAttribute z:Ref="i98"/><isCustomized>false</isCustomized></URDFElement><URDFElement z:Id="i100" i:type="Geometry"><Attributes/><ChildElements><URDFElement z:Id="i101" i:type="Mesh"><Attributes><Attribute z:Id="i102"><AttributeType>filename</AttributeType><IsRequired>true</IsRequired><Value i:nil="true"/></Attribute></Attributes><ChildElements/><ElementName>mesh</ElementName><required>false</required><FilenameAttribute z:Ref="i102"/></URDFElement></ChildElements><ElementName>geometry</ElementName><required>true</required><Mesh z:Ref="i101"/></URDFElement></ChildElements><ElementName>collision</ElementName><required>false</required><Geometry z:Ref="i100"/><Origin z:Ref="i97"/></URDFElement><URDFElement z:Id="i103" i:type="Joint"><Attributes><Attribute z:Id="i104"><AttributeType>name</AttributeType><IsRequired>true</IsRequired><Value i:type="a:string" xmlns:a="http://www.w3.org/2001/XMLSchema">cam1_joint</Value></Attribute><Attribute z:Id="i105"><AttributeType>type</AttributeType><IsRequired>true</IsRequired><Value i:type="a:string" xmlns:a="http://www.w3.org/2001/XMLSchema">fixed</Value></Attribute></Attributes><ChildElements><URDFElement z:Id="i106" i:type="Origin"><Attributes><Attribute z:Id="i107"><AttributeType>xyz</AttributeType><IsRequired>true</IsRequired><Value i:type="a:ArrayOfdouble" xmlns:a="http://schemas.microsoft.com/2003/10/Serialization/Arrays"><a:double>0</a:double><a:double>0</a:double><a:double>0</a:double></Value></Attribute><Attribute z:Id="i108"><AttributeType>rpy</AttributeType><IsRequired>true</IsRequired><Value i:type="a:ArrayOfdouble" xmlns:a="http://schemas.microsoft.com/2003/10/Serialization/Arrays"><a:double>0</a:double><a:double>0</a:double><a:double>0</a:double></Value></Attribute></Attributes><ChildElements/><ElementName>origin</ElementName><required>false</required><RPYAttribute z:Ref="i108"/><XYZAttribute z:Ref="i107"/><isCustomized>false</isCustomized></URDFElement><URDFElement z:Id="i109" i:type="ParentLink"><Attributes><Attribute z:Id="i110"><AttributeType>link</AttributeType><IsRequired>true</IsRequired><Value i:type="a:string" xmlns:a="http://www.w3.org/2001/XMLSchema"/></Attribute></Attributes><ChildElements/><ElementName>parent</ElementName><required>true</required><NameAttribute z:Ref="i110"/></URDFElement><URDFElement z:Id="i111" i:type="ChildLink"><Attributes><Attribute z:Id="i112"><AttributeType>link</AttributeType><IsRequired>true</IsRequired><Value i:type="a:string" xmlns:a="http://www.w3.org/2001/XMLSchema"/></Attribute></Attributes><ChildElements/><ElementName>child</ElementName><required>true</required><NameAttribute z:Ref="i112"/></URDFElement><URDFElement z:Id="i113" i:type="Axis"><Attributes><Attribute z:Id="i114"><AttributeType>xyz</AttributeType><IsRequired>true</IsRequired><Value i:type="a:ArrayOfdouble" xmlns:a="http://schemas.microsoft.com/2003/10/Serialization/Arrays"><a:double>0</a:double><a:double>0</a:double><a:double>0</a:double></Value></Attribute></Attributes><ChildElements/><ElementName>axis</ElementName><required>false</required><XYZAttribute z:Ref="i114"/></URDFElement><URDFElement z:Id="i115" i:type="Limit"><Attributes><Attribute z:Id="i116"><AttributeType>lower</AttributeType><IsRequired>false</IsRequired><Value i:nil="true"/></Attribute><Attribute z:Id="i117"><AttributeType>upper</AttributeType><IsRequired>false</IsRequired><Value i:nil="true"/></Attribute><Attribute z:Id="i118"><AttributeType>effort</AttributeType><IsRequired>true</IsRequired><Value i:nil="true"/></Attribute><Attribute z:Id="i119"><AttributeType>velocity</AttributeType><IsRequired>true</IsRequired><Value i:nil="true"/></Attribute></Attributes><ChildElements/><ElementName>limit</ElementName><required>false</required><EffortAttribute z:Ref="i118"/><LowerAttribute z:Ref="i116"/><UpperAttribute z:Ref="i117"/><VelocityAttribute z:Ref="i119"/></URDFElement><URDFElement z:Id="i120" i:type="Calibration"><Attributes><Attribute z:Id="i121"><AttributeType>rising</AttributeType><IsRequired>false</IsRequired><Value i:nil="true"/></Attribute><Attribute z:Id="i122"><AttributeType>falling</AttributeType><IsRequired>false</IsRequired><Value i:nil="true"/></Attribute></Attributes><ChildElements/><ElementName>calibration</ElementName><required>false</required><FallingAttribute z:Ref="i122"/><RisingAttribute z:Ref="i121"/></URDFElement><URDFElement z:Id="i123" i:type="Dynamics"><Attributes><Attribute z:Id="i124"><AttributeType>damping</AttributeType><IsRequired>false</IsRequired><Value i:nil="true"/></Attribute><Attribute z:Id="i125"><AttributeType>friction</AttributeType><IsRequired>false</IsRequired><Value i:nil="true"/></Attribute></Attributes><ChildElements/><ElementName>dynamics</ElementName><required>false</required><DampingAttribute z:Ref="i124"/><FrictionAttribute z:Ref="i125"/></URDFElement><URDFElement z:Id="i126" i:type="SafetyController"><Attributes><Attribute z:Id="i127"><AttributeType>soft_upper_limit</AttributeType><IsRequired>false</IsRequired><Value i:nil="true"/></Attribute><Attribute z:Id="i128"><AttributeType>soft_lower_limit</AttributeType><IsRequired>false</IsRequired><Value i:nil="true"/></Attribute><Attribute z:Id="i129"><AttributeType>k_position</AttributeType><IsRequired>false</IsRequired><Value i:nil="true"/></Attribute><Attribute z:Id="i130"><AttributeType>k_velocity</AttributeType><IsRequired>true</IsRequired><Value i:nil="true"/></Attribute></Attributes><ChildElements/><ElementName>safety_controller</ElementName><required>false</required><KPositionAttribute z:Ref="i129"/><KVelocityAttribute z:Ref="i130"/><SoftLowerAttribute z:Ref="i128"/><SoftUpperAttribute z:Ref="i127"/></URDFElement><URDFElement z:Id="i131" i:type="Mimic"><Attributes><Attribute z:Id="i132"><AttributeType>joint</AttributeType><IsRequired>true</IsRequired><Value i:nil="true"/></Attribute><Attribute z:Id="i133"><AttributeType>multiplier</AttributeType><IsRequired>false</IsRequired><Value i:nil="true"/></Attribute><Attribute z:Id="i134"><AttributeType>offset</AttributeType><IsRequired>false</IsRequired><Value i:nil="true"/></Attribute></Attributes><ChildElements/><ElementName>mimic</ElementName><required>false</required><JointNameAttribute z:Ref="i132"/><MultiplierAttribute z:Ref="i133"/><OffsetAttribute z:Ref="i134"/></URDFElement></ChildElements><ElementName>joint</ElementName><required>false</required><Axis z:Ref="i113"/><AxisName>Automatically Generate</AxisName><Calibration z:Ref="i120"/><Child z:Ref="i111"/><CoordinateSystemName>Automatically Generate</CoordinateSystemName><Dynamics z:Ref="i123"/><Limit z:Ref="i115"/><Mimic z:Ref="i131"/><NameAttribute z:Ref="i104"/><Origin z:Ref="i106"/><Parent z:Ref="i109"/><Safety z:Ref="i126"/><TypeAttribute z:Ref="i105"/></URDFElement></ChildElements><ElementName>link</ElementName><required>true</required><Children/><Collision z:Ref="i96"/><Inertial z:Ref="i70"/><Joint z:Ref="i103"/><NameAttribute z:Ref="i69"/><Parent z:Ref="i1"/><STLQualityFine>false</STLQualityFine><SWComponentPIDs xmlns:a="http://schemas.microsoft.com/2003/10/Serialization/Arrays"><a:base64Binary>OEoAAAUAAAD//v8eUABpAF8AQwBhAG0AZQByAGEAXwBtAG8AZAB1AGwAZQBfADMALQAxAEAATABpAGQAYQByAF8AUABLAEcABAAAABAAAAABAAAAAQAAABsAAAA=</a:base64Binary></SWComponentPIDs><SWMainComponentPID i:nil="true"/><Visual z:Ref="i83"/><isFixedFrame>false</isFixedFrame><isIncomplete>false</isIncomplete></Link><Link z:Id="i135"><Attributes><Attribute z:Id="i136"><AttributeType>name</AttributeType><IsRequired>true</IsRequired><Value i:type="a:string" xmlns:a="http://www.w3.org/2001/XMLSchema">cam2_link</Value></Attribute></Attributes><ChildElements><URDFElement z:Id="i137" i:type="Inertial"><Attributes/><ChildElements><URDFElement z:Id="i138" i:type="Origin"><Attributes><Attribute z:Id="i139"><AttributeType>xyz</AttributeType><IsRequired>true</IsRequired><Value i:type="a:ArrayOfdouble" xmlns:a="http://schemas.microsoft.com/2003/10/Serialization/Arrays"><a:double>0</a:double><a:double>0</a:double><a:double>0</a:double></Value></Attribute><Attribute z:Id="i140"><AttributeType>rpy</AttributeType><IsRequired>true</IsRequired><Value i:type="a:ArrayOfdouble" xmlns:a="http://schemas.microsoft.com/2003/10/Serialization/Arrays"><a:double>0</a:double><a:double>0</a:double><a:double>0</a:double></Value></Attribute></Attributes><ChildElements/><ElementName>origin</ElementName><required>false</required><RPYAttribute z:Ref="i140"/><XYZAttribute z:Ref="i139"/><isCustomized>false</isCustomized></URDFElement><URDFElement z:Id="i141" i:type="Mass"><Attributes><Attribute z:Id="i142"><AttributeType>value</AttributeType><IsRequired>true</IsRequired><Value i:type="a:double" xmlns:a="http://www.w3.org/2001/XMLSchema">0</Value></Attribute></Attributes><ChildElements/><ElementName>mass</ElementName><required>false</required><ValueAttribute z:Ref="i142"/></URDFElement><URDFElement z:Id="i143" i:type="Inertia"><Attributes><Attribute z:Id="i144"><AttributeType>ixx</AttributeType><IsRequired>true</IsRequired><Value i:type="a:double" xmlns:a="http://www.w3.org/2001/XMLSchema">0</Value></Attribute><Attribute z:Id="i145"><AttributeType>ixy</AttributeType><IsRequired>true</IsRequired><Value i:type="a:double" xmlns:a="http://www.w3.org/2001/XMLSchema">0</Value></Attribute><Attribute z:Id="i146"><AttributeType>ixz</AttributeType><IsRequired>true</IsRequired><Value i:type="a:double" xmlns:a="http://www.w3.org/2001/XMLSchema">0</Value></Attribute><Attribute z:Id="i147"><AttributeType>iyy</AttributeType><IsRequired>true</IsRequired><Value i:type="a:double" xmlns:a="http://www.w3.org/2001/XMLSchema">0</Value></Attribute><Attribute z:Id="i148"><AttributeType>iyz</AttributeType><IsRequired>true</IsRequired><Value i:type="a:double" xmlns:a="http://www.w3.org/2001/XMLSchema">0</Value></Attribute><Attribute z:Id="i149"><AttributeType>izz</AttributeType><IsRequired>true</IsRequired><Value i:type="a:double" xmlns:a="http://www.w3.org/2001/XMLSchema">0</Value></Attribute></Attributes><ChildElements/><ElementName>inertia</ElementName><required>false</required><IxxAttribute z:Ref="i144"/><IxyAttribute z:Ref="i145"/><IxzAttribute z:Ref="i146"/><IyyAttribute z:Ref="i147"/><IyzAttribute z:Ref="i148"/><IzzAttribute z:Ref="i149"/></URDFElement></ChildElements><ElementName>inertial</ElementName><required>false</required><Inertia z:Ref="i143"/><Mass z:Ref="i141"/><Origin z:Ref="i138"/></URDFElement><URDFElement z:Id="i150" i:type="Visual"><Attributes/><ChildElements><URDFElement z:Id="i151" i:type="Origin"><Attributes><Attribute z:Id="i152"><AttributeType>xyz</AttributeType><IsRequired>true</IsRequired><Value i:type="a:ArrayOfdouble" xmlns:a="http://schemas.microsoft.com/2003/10/Serialization/Arrays"><a:double>0</a:double><a:double>0</a:double><a:double>0</a:double></Value></Attribute><Attribute z:Id="i153"><AttributeType>rpy</AttributeType><IsRequired>true</IsRequired><Value i:type="a:ArrayOfdouble" xmlns:a="http://schemas.microsoft.com/2003/10/Serialization/Arrays"><a:double>0</a:double><a:double>0</a:double><a:double>0</a:double></Value></Attribute></Attributes><ChildElements/><ElementName>origin</ElementName><required>false</required><RPYAttribute z:Ref="i153"/><XYZAttribute z:Ref="i152"/><isCustomized>false</isCustomized></URDFElement><URDFElement z:Id="i154" i:type="Geometry"><Attributes/><ChildElements><URDFElement z:Id="i155" i:type="Mesh"><Attributes><Attribute z:Id="i156"><AttributeType>filename</AttributeType><IsRequired>true</IsRequired><Value i:nil="true"/></Attribute></Attributes><ChildElements/><ElementName>mesh</ElementName><required>false</required><FilenameAttribute z:Ref="i156"/></URDFElement></ChildElements><ElementName>geometry</ElementName><required>true</required><Mesh z:Ref="i155"/></URDFElement><URDFElement z:Id="i157" i:type="Material"><Attributes><Attribute z:Id="i158"><AttributeType>name</AttributeType><IsRequired>true</IsRequired><Value i:type="a:string" xmlns:a="http://www.w3.org/2001/XMLSchema"/></Attribute></Attributes><ChildElements><URDFElement z:Id="i159" i:type="Color"><Attributes><Attribute z:Id="i160"><AttributeType>rgba</AttributeType><IsRequired>true</IsRequired><Value i:type="a:ArrayOfdouble" xmlns:a="http://schemas.microsoft.com/2003/10/Serialization/Arrays"><a:double>1</a:double><a:double>1</a:double><a:double>1</a:double><a:double>1</a:double></Value></Attribute></Attributes><ChildElements/><ElementName>color</ElementName><required>false</required><RGBAAttribute z:Ref="i160"/></URDFElement><URDFElement z:Id="i161" i:type="Texture"><Attributes><Attribute z:Id="i162"><AttributeType>filename</AttributeType><IsRequired>true</IsRequired><Value i:nil="true"/></Attribute></Attributes><ChildElements/><ElementName>texture</ElementName><required>false</required><FilenameAttribute z:Ref="i162"/><wFilename/></URDFElement></ChildElements><ElementName>material</ElementName><required>false</required><Color z:Ref="i159"/><NameAttribute z:Ref="i158"/><Texture z:Ref="i161"/></URDFElement></ChildElements><ElementName>visual</ElementName><required>false</required><Geometry z:Ref="i154"/><Material z:Ref="i157"/><Origin z:Ref="i151"/></URDFElement><URDFElement z:Id="i163" i:type="Collision"><Attributes/><ChildElements><URDFElement z:Id="i164" i:type="Origin"><Attributes><Attribute z:Id="i165"><AttributeType>xyz</AttributeType><IsRequired>true</IsRequired><Value i:type="a:ArrayOfdouble" xmlns:a="http://schemas.microsoft.com/2003/10/Serialization/Arrays"><a:double>0</a:double><a:double>0</a:double><a:double>0</a:double></Value></Attribute><Attribute z:Id="i166"><AttributeType>rpy</AttributeType><IsRequired>true</IsRequired><Value i:type="a:ArrayOfdouble" xmlns:a="http://schemas.microsoft.com/2003/10/Serialization/Arrays"><a:double>0</a:double><a:double>0</a:double><a:double>0</a:double></Value></Attribute></Attributes><ChildElements/><ElementName>origin</ElementName><required>false</required><RPYAttribute z:Ref="i166"/><XYZAttribute z:Ref="i165"/><isCustomized>false</isCustomized></URDFElement><URDFElement z:Id="i167" i:type="Geometry"><Attributes/><ChildElements><URDFElement z:Id="i168" i:type="Mesh"><Attributes><Attribute z:Id="i169"><AttributeType>filename</AttributeType><IsRequired>true</IsRequired><Value i:nil="true"/></Attribute></Attributes><ChildElements/><ElementName>mesh</ElementName><required>false</required><FilenameAttribute z:Ref="i169"/></URDFElement></ChildElements><ElementName>geometry</ElementName><required>true</required><Mesh z:Ref="i168"/></URDFElement></ChildElements><ElementName>collision</ElementName><required>false</required><Geometry z:Ref="i167"/><Origin z:Ref="i164"/></URDFElement><URDFElement z:Id="i170" i:type="Joint"><Attributes><Attribute z:Id="i171"><AttributeType>name</AttributeType><IsRequired>true</IsRequired><Value i:type="a:string" xmlns:a="http://www.w3.org/2001/XMLSchema">cam2_joint</Value></Attribute><Attribute z:Id="i172"><AttributeType>type</AttributeType><IsRequired>true</IsRequired><Value i:type="a:string" xmlns:a="http://www.w3.org/2001/XMLSchema">fixed</Value></Attribute></Attributes><ChildElements><URDFElement z:Id="i173" i:type="Origin"><Attributes><Attribute z:Id="i174"><AttributeType>xyz</AttributeType><IsRequired>true</IsRequired><Value i:type="a:ArrayOfdouble" xmlns:a="http://schemas.microsoft.com/2003/10/Serialization/Arrays"><a:double>0</a:double><a:double>0</a:double><a:double>0</a:double></Value></Attribute><Attribute z:Id="i175"><AttributeType>rpy</AttributeType><IsRequired>true</IsRequired><Value i:type="a:ArrayOfdouble" xmlns:a="http://schemas.microsoft.com/2003/10/Serialization/Arrays"><a:double>0</a:double><a:double>0</a:double><a:double>0</a:double></Value></Attribute></Attributes><ChildElements/><ElementName>origin</ElementName><required>false</required><RPYAttribute z:Ref="i175"/><XYZAttribute z:Ref="i174"/><isCustomized>false</isCustomized></URDFElement><URDFElement z:Id="i176" i:type="ParentLink"><Attributes><Attribute z:Id="i177"><AttributeType>link</AttributeType><IsRequired>true</IsRequired><Value i:type="a:string" xmlns:a="http://www.w3.org/2001/XMLSchema"/></Attribute></Attributes><ChildElements/><ElementName>parent</ElementName><required>true</required><NameAttribute z:Ref="i177"/></URDFElement><URDFElement z:Id="i178" i:type="ChildLink"><Attributes><Attribute z:Id="i179"><AttributeType>link</AttributeType><IsRequired>true</IsRequired><Value i:type="a:string" xmlns:a="http://www.w3.org/2001/XMLSchema"/></Attribute></Attributes><ChildElements/><ElementName>child</ElementName><required>true</required><NameAttribute z:Ref="i179"/></URDFElement><URDFElement z:Id="i180" i:type="Axis"><Attributes><Attribute z:Id="i181"><AttributeType>xyz</AttributeType><IsRequired>true</IsRequired><Value i:type="a:ArrayOfdouble" xmlns:a="http://schemas.microsoft.com/2003/10/Serialization/Arrays"><a:double>0</a:double><a:double>0</a:double><a:double>0</a:double></Value></Attribute></Attributes><ChildElements/><ElementName>axis</ElementName><required>false</required><XYZAttribute z:Ref="i181"/></URDFElement><URDFElement z:Id="i182" i:type="Limit"><Attributes><Attribute z:Id="i183"><AttributeType>lower</AttributeType><IsRequired>false</IsRequired><Value i:nil="true"/></Attribute><Attribute z:Id="i184"><AttributeType>upper</AttributeType><IsRequired>false</IsRequired><Value i:nil="true"/></Attribute><Attribute z:Id="i185"><AttributeType>effort</AttributeType><IsRequired>true</IsRequired><Value i:nil="true"/></Attribute><Attribute z:Id="i186"><AttributeType>velocity</AttributeType><IsRequired>true</IsRequired><Value i:nil="true"/></Attribute></Attributes><ChildElements/><ElementName>limit</ElementName><required>false</required><EffortAttribute z:Ref="i185"/><LowerAttribute z:Ref="i183"/><UpperAttribute z:Ref="i184"/><VelocityAttribute z:Ref="i186"/></URDFElement><URDFElement z:Id="i187" i:type="Calibration"><Attributes><Attribute z:Id="i188"><AttributeType>rising</AttributeType><IsRequired>false</IsRequired><Value i:nil="true"/></Attribute><Attribute z:Id="i189"><AttributeType>falling</AttributeType><IsRequired>false</IsRequired><Value i:nil="true"/></Attribute></Attributes><ChildElements/><ElementName>calibration</ElementName><required>false</required><FallingAttribute z:Ref="i189"/><RisingAttribute z:Ref="i188"/></URDFElement><URDFElement z:Id="i190" i:type="Dynamics"><Attributes><Attribute z:Id="i191"><AttributeType>damping</AttributeType><IsRequired>false</IsRequired><Value i:nil="true"/></Attribute><Attribute z:Id="i192"><AttributeType>friction</AttributeType><IsRequired>false</IsRequired><Value i:nil="true"/></Attribute></Attributes><ChildElements/><ElementName>dynamics</ElementName><required>false</required><DampingAttribute z:Ref="i191"/><FrictionAttribute z:Ref="i192"/></URDFElement><URDFElement z:Id="i193" i:type="SafetyController"><Attributes><Attribute z:Id="i194"><AttributeType>soft_upper_limit</AttributeType><IsRequired>false</IsRequired><Value i:nil="true"/></Attribute><Attribute z:Id="i195"><AttributeType>soft_lower_limit</AttributeType><IsRequired>false</IsRequired><Value i:nil="true"/></Attribute><Attribute z:Id="i196"><AttributeType>k_position</AttributeType><IsRequired>false</IsRequired><Value i:nil="true"/></Attribute><Attribute z:Id="i197"><AttributeType>k_velocity</AttributeType><IsRequired>true</IsRequired><Value i:nil="true"/></Attribute></Attributes><ChildElements/><ElementName>safety_controller</ElementName><required>false</required><KPositionAttribute z:Ref="i196"/><KVelocityAttribute z:Ref="i197"/><SoftLowerAttribute z:Ref="i195"/><SoftUpperAttribute z:Ref="i194"/></URDFElement><URDFElement z:Id="i198" i:type="Mimic"><Attributes><Attribute z:Id="i199"><AttributeType>joint</AttributeType><IsRequired>true</IsRequired><Value i:nil="true"/></Attribute><Attribute z:Id="i200"><AttributeType>multiplier</AttributeType><IsRequired>false</IsRequired><Value i:nil="true"/></Attribute><Attribute z:Id="i201"><AttributeType>offset</AttributeType><IsRequired>false</IsRequired><Value i:nil="true"/></Attribute></Attributes><ChildElements/><ElementName>mimic</ElementName><required>false</required><JointNameAttribute z:Ref="i199"/><MultiplierAttribute z:Ref="i200"/><OffsetAttribute z:Ref="i201"/></URDFElement></ChildElements><ElementName>joint</ElementName><required>false</required><Axis z:Ref="i180"/><AxisName>Automatically Generate</AxisName><Calibration z:Ref="i187"/><Child z:Ref="i178"/><CoordinateSystemName>Automatically Generate</CoordinateSystemName><Dynamics z:Ref="i190"/><Limit z:Ref="i182"/><Mimic z:Ref="i198"/><NameAttribute z:Ref="i171"/><Origin z:Ref="i173"/><Parent z:Ref="i176"/><Safety z:Ref="i193"/><TypeAttribute z:Ref="i172"/></URDFElement></ChildElements><ElementName>link</ElementName><required>true</required><Children/><Collision z:Ref="i163"/><Inertial z:Ref="i137"/><Joint z:Ref="i170"/><NameAttribute z:Ref="i136"/><Parent z:Ref="i1"/><STLQualityFine>false</STLQualityFine><SWComponentPIDs xmlns:a="http://schemas.microsoft.com/2003/10/Serialization/Arrays"><a:base64Binary>OEoAAAUAAAD//v8eUABpAF8AQwBhAG0AZQByAGEAXwBtAG8AZAB1AGwAZQBfADMALQAyAEAATABpAGQAYQByAF8AUABLAEcABAAAABAAAAABAAAAAQAAAC4AAAA=</a:base64Binary></SWComponentPIDs><SWMainComponentPID i:nil="true"/><Visual z:Ref="i150"/><isFixedFrame>false</isFixedFrame><isIncomplete>false</isIncomplete></Link><Link z:Id="i202"><Attributes><Attribute z:Id="i203"><AttributeType>name</AttributeType><IsRequired>true</IsRequired><Value i:type="a:string" xmlns:a="http://www.w3.org/2001/XMLSchema">lidar_Link</Value></Attribute></Attributes><ChildElements><URDFElement z:Id="i204" i:type="Inertial"><Attributes/><ChildElements><URDFElement z:Id="i205" i:type="Origin"><Attributes><Attribute z:Id="i206"><AttributeType>xyz</AttributeType><IsRequired>true</IsRequired><Value i:type="a:ArrayOfdouble" xmlns:a="http://schemas.microsoft.com/2003/10/Serialization/Arrays"><a:double>0</a:double><a:double>0</a:double><a:double>0</a:double></Value></Attribute><Attribute z:Id="i207"><AttributeType>rpy</AttributeType><IsRequired>true</IsRequired><Value i:type="a:ArrayOfdouble" xmlns:a="http://schemas.microsoft.com/2003/10/Serialization/Arrays"><a:double>0</a:double><a:double>0</a:double><a:double>0</a:double></Value></Attribute></Attributes><ChildElements/><ElementName>origin</ElementName><required>false</required><RPYAttribute z:Ref="i207"/><XYZAttribute z:Ref="i206"/><isCustomized>false</isCustomized></URDFElement><URDFElement z:Id="i208" i:type="Mass"><Attributes><Attribute z:Id="i209"><AttributeType>value</AttributeType><IsRequired>true</IsRequired><Value i:type="a:double" xmlns:a="http://www.w3.org/2001/XMLSchema">0</Value></Attribute></Attributes><ChildElements/><ElementName>mass</ElementName><required>false</required><ValueAttribute z:Ref="i209"/></URDFElement><URDFElement z:Id="i210" i:type="Inertia"><Attributes><Attribute z:Id="i211"><AttributeType>ixx</AttributeType><IsRequired>true</IsRequired><Value i:type="a:double" xmlns:a="http://www.w3.org/2001/XMLSchema">0</Value></Attribute><Attribute z:Id="i212"><AttributeType>ixy</AttributeType><IsRequired>true</IsRequired><Value i:type="a:double" xmlns:a="http://www.w3.org/2001/XMLSchema">0</Value></Attribute><Attribute z:Id="i213"><AttributeType>ixz</AttributeType><IsRequired>true</IsRequired><Value i:type="a:double" xmlns:a="http://www.w3.org/2001/XMLSchema">0</Value></Attribute><Attribute z:Id="i214"><AttributeType>iyy</AttributeType><IsRequired>true</IsRequired><Value i:type="a:double" xmlns:a="http://www.w3.org/2001/XMLSchema">0</Value></Attribute><Attribute z:Id="i215"><AttributeType>iyz</AttributeType><IsRequired>true</IsRequired><Value i:type="a:double" xmlns:a="http://www.w3.org/2001/XMLSchema">0</Value></Attribute><Attribute z:Id="i216"><AttributeType>izz</AttributeType><IsRequired>true</IsRequired><Value i:type="a:double" xmlns:a="http://www.w3.org/2001/XMLSchema">0</Value></Attribute></Attributes><ChildElements/><ElementName>inertia</ElementName><required>false</required><IxxAttribute z:Ref="i211"/><IxyAttribute z:Ref="i212"/><IxzAttribute z:Ref="i213"/><IyyAttribute z:Ref="i214"/><IyzAttribute z:Ref="i215"/><IzzAttribute z:Ref="i216"/></URDFElement></ChildElements><ElementName>inertial</ElementName><required>false</required><Inertia z:Ref="i210"/><Mass z:Ref="i208"/><Origin z:Ref="i205"/></URDFElement><URDFElement z:Id="i217" i:type="Visual"><Attributes/><ChildElements><URDFElement z:Id="i218" i:type="Origin"><Attributes><Attribute z:Id="i219"><AttributeType>xyz</AttributeType><IsRequired>true</IsRequired><Value i:type="a:ArrayOfdouble" xmlns:a="http://schemas.microsoft.com/2003/10/Serialization/Arrays"><a:double>0</a:double><a:double>0</a:double><a:double>0</a:double></Value></Attribute><Attribute z:Id="i220"><AttributeType>rpy</AttributeType><IsRequired>true</IsRequired><Value i:type="a:ArrayOfdouble" xmlns:a="http://schemas.microsoft.com/2003/10/Serialization/Arrays"><a:double>0</a:double><a:double>0</a:double><a:double>0</a:double></Value></Attribute></Attributes><ChildElements/><ElementName>origin</ElementName><required>false</required><RPYAttribute z:Ref="i220"/><XYZAttribute z:Ref="i219"/><isCustomized>false</isCustomized></URDFElement><URDFElement z:Id="i221" i:type="Geometry"><Attributes/><ChildElements><URDFElement z:Id="i222" i:type="Mesh"><Attributes><Attribute z:Id="i223"><AttributeType>filename</AttributeType><IsRequired>true</IsRequired><Value i:nil="true"/></Attribute></Attributes><ChildElements/><ElementName>mesh</ElementName><required>false</required><FilenameAttribute z:Ref="i223"/></URDFElement></ChildElements><ElementName>geometry</ElementName><required>true</required><Mesh z:Ref="i222"/></URDFElement><URDFElement z:Id="i224" i:type="Material"><Attributes><Attribute z:Id="i225"><AttributeType>name</AttributeType><IsRequired>true</IsRequired><Value i:type="a:string" xmlns:a="http://www.w3.org/2001/XMLSchema"/></Attribute></Attributes><ChildElements><URDFElement z:Id="i226" i:type="Color"><Attributes><Attribute z:Id="i227"><AttributeType>rgba</AttributeType><IsRequired>true</IsRequired><Value i:type="a:ArrayOfdouble" xmlns:a="http://schemas.microsoft.com/2003/10/Serialization/Arrays"><a:double>1</a:double><a:double>1</a:double><a:double>1</a:double><a:double>1</a:double></Value></Attribute></Attributes><ChildElements/><ElementName>color</ElementName><required>false</required><RGBAAttribute z:Ref="i227"/></URDFElement><URDFElement z:Id="i228" i:type="Texture"><Attributes><Attribute z:Id="i229"><AttributeType>filename</AttributeType><IsRequired>true</IsRequired><Value i:nil="true"/></Attribute></Attributes><ChildElements/><ElementName>texture</ElementName><required>false</required><FilenameAttribute z:Ref="i229"/><wFilename/></URDFElement></ChildElements><ElementName>material</ElementName><required>false</required><Color z:Ref="i226"/><NameAttribute z:Ref="i225"/><Texture z:Ref="i228"/></URDFElement></ChildElements><ElementName>visual</ElementName><required>false</required><Geometry z:Ref="i221"/><Material z:Ref="i224"/><Origin z:Ref="i218"/></URDFElement><URDFElement z:Id="i230" i:type="Collision"><Attributes/><ChildElements><URDFElement z:Id="i231" i:type="Origin"><Attributes><Attribute z:Id="i232"><AttributeType>xyz</AttributeType><IsRequired>true</IsRequired><Value i:type="a:ArrayOfdouble" xmlns:a="http://schemas.microsoft.com/2003/10/Serialization/Arrays"><a:double>0</a:double><a:double>0</a:double><a:double>0</a:double></Value></Attribute><Attribute z:Id="i233"><AttributeType>rpy</AttributeType><IsRequired>true</IsRequired><Value i:type="a:ArrayOfdouble" xmlns:a="http://schemas.microsoft.com/2003/10/Serialization/Arrays"><a:double>0</a:double><a:double>0</a:double><a:double>0</a:double></Value></Attribute></Attributes><ChildElements/><ElementName>origin</ElementName><required>false</required><RPYAttribute z:Ref="i233"/><XYZAttribute z:Ref="i232"/><isCustomized>false</isCustomized></URDFElement><URDFElement z:Id="i234" i:type="Geometry"><Attributes/><ChildElements><URDFElement z:Id="i235" i:type="Mesh"><Attributes><Attribute z:Id="i236"><AttributeType>filename</AttributeType><IsRequired>true</IsRequired><Value i:nil="true"/></Attribute></Attributes><ChildElements/><ElementName>mesh</ElementName><required>false</required><FilenameAttribute z:Ref="i236"/></URDFElement></ChildElements><ElementName>geometry</ElementName><required>true</required><Mesh z:Ref="i235"/></URDFElement></ChildElements><ElementName>collision</ElementName><required>false</required><Geometry z:Ref="i234"/><Origin z:Ref="i231"/></URDFElement><URDFElement z:Id="i237" i:type="Joint"><Attributes><Attribute z:Id="i238"><AttributeType>name</AttributeType><IsRequired>true</IsRequired><Value i:type="a:string" xmlns:a="http://www.w3.org/2001/XMLSchema">lidar_joint</Value></Attribute><Attribute z:Id="i239"><AttributeType>type</AttributeType><IsRequired>true</IsRequired><Value i:type="a:string" xmlns:a="http://www.w3.org/2001/XMLSchema">fixed</Value></Attribute></Attributes><ChildElements><URDFElement z:Id="i240" i:type="Origin"><Attributes><Attribute z:Id="i241"><AttributeType>xyz</AttributeType><IsRequired>true</IsRequired><Value i:type="a:ArrayOfdouble" xmlns:a="http://schemas.microsoft.com/2003/10/Serialization/Arrays"><a:double>0</a:double><a:double>0</a:double><a:double>0</a:double></Value></Attribute><Attribute z:Id="i242"><AttributeType>rpy</AttributeType><IsRequired>true</IsRequired><Value i:type="a:ArrayOfdouble" xmlns:a="http://schemas.microsoft.com/2003/10/Serialization/Arrays"><a:double>0</a:double><a:double>0</a:double><a:double>0</a:double></Value></Attribute></Attributes><ChildElements/><ElementName>origin</ElementName><required>false</required><RPYAttribute z:Ref="i242"/><XYZAttribute z:Ref="i241"/><isCustomized>false</isCustomized></URDFElement><URDFElement z:Id="i243" i:type="ParentLink"><Attributes><Attribute z:Id="i244"><AttributeType>link</AttributeType><IsRequired>true</IsRequired><Value i:type="a:string" xmlns:a="http://www.w3.org/2001/XMLSchema"/></Attribute></Attributes><ChildElements/><ElementName>parent</ElementName><required>true</required><NameAttribute z:Ref="i244"/></URDFElement><URDFElement z:Id="i245" i:type="ChildLink"><Attributes><Attribute z:Id="i246"><AttributeType>link</AttributeType><IsRequired>true</IsRequired><Value i:type="a:string" xmlns:a="http://www.w3.org/2001/XMLSchema"/></Attribute></Attributes><ChildElements/><ElementName>child</ElementName><required>true</required><NameAttribute z:Ref="i246"/></URDFElement><URDFElement z:Id="i247" i:type="Axis"><Attributes><Attribute z:Id="i248"><AttributeType>xyz</AttributeType><IsRequired>true</IsRequired><Value i:type="a:ArrayOfdouble" xmlns:a="http://schemas.microsoft.com/2003/10/Serialization/Arrays"><a:double>0</a:double><a:double>0</a:double><a:double>0</a:double></Value></Attribute></Attributes><ChildElements/><ElementName>axis</ElementName><required>false</required><XYZAttribute z:Ref="i248"/></URDFElement><URDFElement z:Id="i249" i:type="Limit"><Attributes><Attribute z:Id="i250"><AttributeType>lower</AttributeType><IsRequired>false</IsRequired><Value i:nil="true"/></Attribute><Attribute z:Id="i251"><AttributeType>upper</AttributeType><IsRequired>false</IsRequired><Value i:nil="true"/></Attribute><Attribute z:Id="i252"><AttributeType>effort</AttributeType><IsRequired>true</IsRequired><Value i:nil="true"/></Attribute><Attribute z:Id="i253"><AttributeType>velocity</AttributeType><IsRequired>true</IsRequired><Value i:nil="true"/></Attribute></Attributes><ChildElements/><ElementName>limit</ElementName><required>false</required><EffortAttribute z:Ref="i252"/><LowerAttribute z:Ref="i250"/><UpperAttribute z:Ref="i251"/><VelocityAttribute z:Ref="i253"/></URDFElement><URDFElement z:Id="i254" i:type="Calibration"><Attributes><Attribute z:Id="i255"><AttributeType>rising</AttributeType><IsRequired>false</IsRequired><Value i:nil="true"/></Attribute><Attribute z:Id="i256"><AttributeType>falling</AttributeType><IsRequired>false</IsRequired><Value i:nil="true"/></Attribute></Attributes><ChildElements/><ElementName>calibration</ElementName><required>false</required><FallingAttribute z:Ref="i256"/><RisingAttribute z:Ref="i255"/></URDFElement><URDFElement z:Id="i257" i:type="Dynamics"><Attributes><Attribute z:Id="i258"><AttributeType>damping</AttributeType><IsRequired>false</IsRequired><Value i:nil="true"/></Attribute><Attribute z:Id="i259"><AttributeType>friction</AttributeType><IsRequired>false</IsRequired><Value i:nil="true"/></Attribute></Attributes><ChildElements/><ElementName>dynamics</ElementName><required>false</required><DampingAttribute z:Ref="i258"/><FrictionAttribute z:Ref="i259"/></URDFElement><URDFElement z:Id="i260" i:type="SafetyController"><Attributes><Attribute z:Id="i261"><AttributeType>soft_upper_limit</AttributeType><IsRequired>false</IsRequired><Value i:nil="true"/></Attribute><Attribute z:Id="i262"><AttributeType>soft_lower_limit</AttributeType><IsRequired>false</IsRequired><Value i:nil="true"/></Attribute><Attribute z:Id="i263"><AttributeType>k_position</AttributeType><IsRequired>false</IsRequired><Value i:nil="true"/></Attribute><Attribute z:Id="i264"><AttributeType>k_velocity</AttributeType><IsRequired>true</IsRequired><Value i:nil="true"/></Attribute></Attributes><ChildElements/><ElementName>safety_controller</ElementName><required>false</required><KPositionAttribute z:Ref="i263"/><KVelocityAttribute z:Ref="i264"/><SoftLowerAttribute z:Ref="i262"/><SoftUpperAttribute z:Ref="i261"/></URDFElement><URDFElement z:Id="i265" i:type="Mimic"><Attributes><Attribute z:Id="i266"><AttributeType>joint</AttributeType><IsRequired>true</IsRequired><Value i:nil="true"/></Attribute><Attribute z:Id="i267"><AttributeType>multiplier</AttributeType><IsRequired>false</IsRequired><Value i:nil="true"/></Attribute><Attribute z:Id="i268"><AttributeType>offset</AttributeType><IsRequired>false</IsRequired><Value i:nil="true"/></Attribute></Attributes><ChildElements/><ElementName>mimic</ElementName><required>false</required><JointNameAttribute z:Ref="i266"/><MultiplierAttribute z:Ref="i267"/><OffsetAttribute z:Ref="i268"/></URDFElement></ChildElements><ElementName>joint</ElementName><required>false</required><Axis z:Ref="i247"/><AxisName>Automatically Generate</AxisName><Calibration z:Ref="i254"/><Child z:Ref="i245"/><CoordinateSystemName>Automatically Generate</CoordinateSystemName><Dynamics z:Ref="i257"/><Limit z:Ref="i249"/><Mimic z:Ref="i265"/><NameAttribute z:Ref="i238"/><Origin z:Ref="i240"/><Parent z:Ref="i243"/><Safety z:Ref="i260"/><TypeAttribute z:Ref="i239"/></URDFElement></ChildElements><ElementName>link</ElementName><required>true</required><Children/><Collision z:Ref="i230"/><Inertial z:Ref="i204"/><Joint z:Ref="i237"/><NameAttribute z:Ref="i203"/><Parent z:Ref="i1"/><STLQualityFine>false</STLQualityFine><SWComponentPIDs xmlns:a="http://schemas.microsoft.com/2003/10/Serialization/Arrays"><a:base64Binary>OEoAAAUAAAD//v8XTwB1AHMAdABlAHIAIABPAFMALQAxAC0AMgBAAEwAaQBkAGEAcgBfAFAASwBHAAQAAAAQAAAAAQAAAAEAAAAXAAAA</a:base64Binary></SWComponentPIDs><SWMainComponentPID i:nil="true"/><Visual z:Ref="i217"/><isFixedFrame>false</isFixedFrame><isIncomplete>false</isIncomplete></Link></Children><Collision z:Ref="i29"/><Inertial z:Ref="i3"/><Joint z:Ref="i36"/><NameAttribute z:Ref="i2"/><Parent i:nil="true"/><STLQualityFine>false</STLQualityFine><SWComponentPIDs xmlns:a="http://schemas.microsoft.com/2003/10/Serialization/Arrays"><a:base64Binary>OEoAAAUAAAD//v8ZTABpAGQAYQByAF8AcABrAGcAXwBiAG8AeAAtADEAQABMAGkAZABhAHIAXwBQAEsARwAEAAAAEAAAAAEAAAABAAAAGgAAAA==</a:base64Binary><a:base64Binary>OEoAAAUAAAD//v8VTABpAGQAYQByAF8AYwBhAHAALQAxAEAATABpAGQAYQByAF8AUABLAEcABAAAABAAAAABAAAAAQAAABgAAAA=</a:base64Binary><a:base64Binary>OEoAAAUAAAD//v8wOQAyADUAMQAwAEEANAA0ADQAXwBBAGwAdQBtAGkAbgB1AG0AIABVAG4AdABoAHIAZQBhAGQAZQBkACAAUwBwAGEAYwBlAHIALQAyAEAATABpAGQAYQByAF8AUABLAEcABAAAABAAAAABAAAAAQAAAHEAAAA=</a:base64Binary><a:base64Binary>OEoAAAUAAAD//v8wOQAyADUAMQAwAEEANAA0ADQAXwBBAGwAdQBtAGkAbgB1AG0AIABVAG4AdABoAHIAZQBhAGQAZQBkACAAUwBwAGEAYwBlAHIALQAzAEAATABpAGQAYQByAF8AUABLAEcABAAAABAAAAABAAAAAQAAAHIAAAA=</a:base64Binary><a:base64Binary>OEoAAAUAAAD//v8wOQAyADUAMQAwAEEANAA0ADQAXwBBAGwAdQBtAGkAbgB1AG0AIABVAG4AdABoAHIAZQBhAGQAZQBkACAAUwBwAGEAYwBlAHIALQAxAEAATABpAGQAYQByAF8AUABLAEcABAAAABAAAAABAAAAAQAAAG4AAAA=</a:base64Binary><a:base64Binary>OEoAAAUAAAD//v8wOQAyADUAMQAwAEEANAA0ADQAXwBBAGwAdQBtAGkAbgB1AG0AIABVAG4AdABoAHIAZQBhAGQAZQBkACAAUwBwAGEAYwBlAHIALQA0AEAATABpAGQAYQByAF8AUABLAEcABAAAABAAAAABAAAAAQAAAHMAAAA=</a:base64Binary></SWComponentPIDs><SWMainComponentPID i:nil="true"/><Visual z:Ref="i16"/><isFixedFrame>false</isFixedFrame><isIncomplete>false</isIncomplete></Link>
2026-06-23 10:40:34,795 INFO  ExportHelperExtension.cs: 347 - Creating joint cam1_link
2026-06-23 10:40:34,795 INFO  ExportHelperExtension.cs: 1397 - Fixing components for base_link
2026-06-23 10:40:34,796 INFO  ExportHelperExtension.cs: 1402 - Fixing 26
2026-06-23 10:40:34,796 INFO  ExportHelperExtension.cs: 1402 - Fixing 24
2026-06-23 10:40:34,796 INFO  ExportHelperExtension.cs: 1402 - Fixing 113
2026-06-23 10:40:34,796 INFO  ExportHelperExtension.cs: 1402 - Fixing 114
2026-06-23 10:40:34,796 INFO  ExportHelperExtension.cs: 1402 - Fixing 110
2026-06-23 10:40:34,797 INFO  ExportHelperExtension.cs: 1402 - Fixing 115
2026-06-23 10:40:35,248 INFO  ExportHelperExtension.cs: 832 - R1: 0, 0
2026-06-23 10:40:35,248 INFO  ExportHelperExtension.cs: 841 - R2: 0, 0
2026-06-23 10:40:35,249 INFO  ExportHelperExtension.cs: 849 - L1: 0
2026-06-23 10:40:35,249 INFO  ExportHelperExtension.cs: 857 - L2: 0
2026-06-23 10:40:35,249 INFO  ExportHelperExtension.cs: 1352 - Unfixing component 26
2026-06-23 10:40:35,249 INFO  ExportHelperExtension.cs: 1352 - Unfixing component 24
2026-06-23 10:40:35,249 INFO  ExportHelperExtension.cs: 1352 - Unfixing component 113
2026-06-23 10:40:35,250 INFO  ExportHelperExtension.cs: 1352 - Unfixing component 114
2026-06-23 10:40:35,250 INFO  ExportHelperExtension.cs: 1352 - Unfixing component 110
2026-06-23 10:40:35,250 INFO  ExportHelperExtension.cs: 1352 - Unfixing component 115
2026-06-23 10:40:37,744 WARN  ExportHelperExtension.cs: 351 - Creating joint from parent base_link to child cam1_link failed
2026-06-23 10:40:39,258 INFO  ExportHelperExtension.cs: 347 - Creating joint cam2_link
2026-06-23 10:40:39,260 INFO  ExportHelperExtension.cs: 1397 - Fixing components for base_link
2026-06-23 10:40:39,261 INFO  ExportHelperExtension.cs: 1402 - Fixing 26
2026-06-23 10:40:39,261 INFO  ExportHelperExtension.cs: 1402 - Fixing 24
2026-06-23 10:40:39,261 INFO  ExportHelperExtension.cs: 1402 - Fixing 113
2026-06-23 10:40:39,261 INFO  ExportHelperExtension.cs: 1402 - Fixing 114
2026-06-23 10:40:39,261 INFO  ExportHelperExtension.cs: 1402 - Fixing 110
2026-06-23 10:40:39,262 INFO  ExportHelperExtension.cs: 1402 - Fixing 115
2026-06-23 10:40:39,877 INFO  ExportHelperExtension.cs: 832 - R1: 0, 0
2026-06-23 10:40:39,877 INFO  ExportHelperExtension.cs: 841 - R2: 0, 0
2026-06-23 10:40:39,877 INFO  ExportHelperExtension.cs: 849 - L1: 0
2026-06-23 10:40:39,878 INFO  ExportHelperExtension.cs: 857 - L2: 0
2026-06-23 10:40:39,878 INFO  ExportHelperExtension.cs: 1352 - Unfixing component 26
2026-06-23 10:40:39,878 INFO  ExportHelperExtension.cs: 1352 - Unfixing component 24
2026-06-23 10:40:39,878 INFO  ExportHelperExtension.cs: 1352 - Unfixing component 113
2026-06-23 10:40:39,878 INFO  ExportHelperExtension.cs: 1352 - Unfixing component 114
2026-06-23 10:40:39,879 INFO  ExportHelperExtension.cs: 1352 - Unfixing component 110
2026-06-23 10:40:39,879 INFO  ExportHelperExtension.cs: 1352 - Unfixing component 115
2026-06-23 10:40:42,847 WARN  ExportHelperExtension.cs: 351 - Creating joint from parent base_link to child cam2_link failed
2026-06-23 10:40:44,348 INFO  ExportHelperExtension.cs: 347 - Creating joint lidar_Link
2026-06-23 10:40:44,348 INFO  ExportHelperExtension.cs: 1397 - Fixing components for base_link
2026-06-23 10:40:44,349 INFO  ExportHelperExtension.cs: 1402 - Fixing 26
2026-06-23 10:40:44,349 INFO  ExportHelperExtension.cs: 1402 - Fixing 24
2026-06-23 10:40:44,349 INFO  ExportHelperExtension.cs: 1402 - Fixing 113
2026-06-23 10:40:44,349 INFO  ExportHelperExtension.cs: 1402 - Fixing 114
2026-06-23 10:40:44,349 INFO  ExportHelperExtension.cs: 1402 - Fixing 110
2026-06-23 10:40:44,350 INFO  ExportHelperExtension.cs: 1402 - Fixing 115
2026-06-23 10:40:44,840 INFO  ExportHelperExtension.cs: 832 - R1: 0, 0
2026-06-23 10:40:44,840 INFO  ExportHelperExtension.cs: 841 - R2: 0, 0
2026-06-23 10:40:44,841 INFO  ExportHelperExtension.cs: 849 - L1: 0
2026-06-23 10:40:44,841 INFO  ExportHelperExtension.cs: 857 - L2: 0
2026-06-23 10:40:44,841 INFO  ExportHelperExtension.cs: 1352 - Unfixing component 26
2026-06-23 10:40:44,841 INFO  ExportHelperExtension.cs: 1352 - Unfixing component 24
2026-06-23 10:40:44,841 INFO  ExportHelperExtension.cs: 1352 - Unfixing component 113
2026-06-23 10:40:44,842 INFO  ExportHelperExtension.cs: 1352 - Unfixing component 114
2026-06-23 10:40:44,842 INFO  ExportHelperExtension.cs: 1352 - Unfixing component 110
2026-06-23 10:40:44,842 INFO  ExportHelperExtension.cs: 1352 - Unfixing component 115
2026-06-23 10:40:47,821 WARN  ExportHelperExtension.cs: 351 - Creating joint from parent base_link to child lidar_Link failed
2026-06-23 10:40:48,241 INFO  ExportHelperExtension.cs: 1125 - Retrieving features of type [CoordSys] from Lidar_PKG
2026-06-23 10:40:48,242 INFO  ExportHelperExtension.cs: 1136 - Found 80 in Lidar_PKG
2026-06-23 10:40:48,242 INFO  ExportHelperExtension.cs: 1145 - Found 7 features of type [CoordSys] in Lidar_PKG
2026-06-23 10:40:48,242 INFO  ExportHelperExtension.cs: 1148 - Proceeding through assembly components
2026-06-23 10:40:48,243 INFO  ExportHelperExtension.cs: 1160 - 14 components to check
2026-06-23 10:40:48,243 INFO  ExportHelperExtension.cs: 1125 - Retrieving features of type [CoordSys] from Pi_Camera_module_3-1
2026-06-23 10:40:48,244 INFO  ExportHelperExtension.cs: 1136 - Found 563 in Pi_Camera_module_3-1
2026-06-23 10:40:48,245 INFO  ExportHelperExtension.cs: 1145 - Found 0 features of type [CoordSys] in Pi_Camera_module_3-1
2026-06-23 10:40:48,245 INFO  ExportHelperExtension.cs: 1125 - Retrieving features of type [CoordSys] from RASPBERRY_PI_5_1-1
2026-06-23 10:40:48,245 INFO  ExportHelperExtension.cs: 1136 - Found 23 in RASPBERRY_PI_5_1-1
2026-06-23 10:40:48,246 INFO  ExportHelperExtension.cs: 1145 - Found 0 features of type [CoordSys] in RASPBERRY_PI_5_1-1
2026-06-23 10:40:48,246 INFO  ExportHelperExtension.cs: 1125 - Retrieving features of type [CoordSys] from Lidar_pkg_box-1
2026-06-23 10:40:48,246 INFO  ExportHelperExtension.cs: 1136 - Found 31 in Lidar_pkg_box-1
2026-06-23 10:40:48,246 INFO  ExportHelperExtension.cs: 1145 - Found 0 features of type [CoordSys] in Lidar_pkg_box-1
2026-06-23 10:40:48,247 INFO  ExportHelperExtension.cs: 1125 - Retrieving features of type [CoordSys] from Ouster OS-1-2
2026-06-23 10:40:48,247 INFO  ExportHelperExtension.cs: 1136 - Found 83 in Ouster OS-1-2
2026-06-23 10:40:48,247 INFO  ExportHelperExtension.cs: 1145 - Found 0 features of type [CoordSys] in Ouster OS-1-2
2026-06-23 10:40:48,247 INFO  ExportHelperExtension.cs: 1125 - Retrieving features of type [CoordSys] from Lidar_cap-1
2026-06-23 10:40:48,248 INFO  ExportHelperExtension.cs: 1136 - Found 26 in Lidar_cap-1
2026-06-23 10:40:48,248 INFO  ExportHelperExtension.cs: 1145 - Found 0 features of type [CoordSys] in Lidar_cap-1
2026-06-23 10:40:48,248 INFO  ExportHelperExtension.cs: 1125 - Retrieving features of type [CoordSys] from 92510A444_Aluminum Unthreaded Spacer-3
2026-06-23 10:40:48,248 INFO  ExportHelperExtension.cs: 1136 - Found 29 in 92510A444_Aluminum Unthreaded Spacer-3
2026-06-23 10:40:48,249 INFO  ExportHelperExtension.cs: 1145 - Found 0 features of type [CoordSys] in 92510A444_Aluminum Unthreaded Spacer-3
2026-06-23 10:40:48,249 INFO  ExportHelperExtension.cs: 1125 - Retrieving features of type [CoordSys] from 92510A444_Aluminum Unthreaded Spacer-4
2026-06-23 10:40:48,249 INFO  ExportHelperExtension.cs: 1136 - Found 29 in 92510A444_Aluminum Unthreaded Spacer-4
2026-06-23 10:40:48,249 INFO  ExportHelperExtension.cs: 1145 - Found 0 features of type [CoordSys] in 92510A444_Aluminum Unthreaded Spacer-4
2026-06-23 10:40:48,250 INFO  ExportHelperExtension.cs: 1125 - Retrieving features of type [CoordSys] from d24v150fx-step-down-voltage-regulator-1
2026-06-23 10:40:48,250 INFO  ExportHelperExtension.cs: 1136 - Found 34 in d24v150fx-step-down-voltage-regulator-1
2026-06-23 10:40:48,250 INFO  ExportHelperExtension.cs: 1145 - Found 0 features of type [CoordSys] in d24v150fx-step-down-voltage-regulator-1
2026-06-23 10:40:48,250 INFO  ExportHelperExtension.cs: 1125 - Retrieving features of type [CoordSys] from 92510A444_Aluminum Unthreaded Spacer-1
2026-06-23 10:40:48,251 INFO  ExportHelperExtension.cs: 1136 - Found 29 in 92510A444_Aluminum Unthreaded Spacer-1
2026-06-23 10:40:48,251 INFO  ExportHelperExtension.cs: 1145 - Found 0 features of type [CoordSys] in 92510A444_Aluminum Unthreaded Spacer-1
2026-06-23 10:40:48,251 INFO  ExportHelperExtension.cs: 1125 - Retrieving features of type [CoordSys] from Lidar_control_box-1
2026-06-23 10:40:48,251 INFO  ExportHelperExtension.cs: 1136 - Found 31 in Lidar_control_box-1
2026-06-23 10:40:48,252 INFO  ExportHelperExtension.cs: 1145 - Found 0 features of type [CoordSys] in Lidar_control_box-1
2026-06-23 10:40:48,252 INFO  ExportHelperExtension.cs: 1125 - Retrieving features of type [CoordSys] from eth_to_usb_adpt-1
2026-06-23 10:40:48,252 INFO  ExportHelperExtension.cs: 1136 - Found 23 in eth_to_usb_adpt-1
2026-06-23 10:40:48,252 INFO  ExportHelperExtension.cs: 1145 - Found 0 features of type [CoordSys] in eth_to_usb_adpt-1
2026-06-23 10:40:48,253 INFO  ExportHelperExtension.cs: 1125 - Retrieving features of type [CoordSys] from 92510A444_Aluminum Unthreaded Spacer-2
2026-06-23 10:40:48,253 INFO  ExportHelperExtension.cs: 1136 - Found 29 in 92510A444_Aluminum Unthreaded Spacer-2
2026-06-23 10:40:48,253 INFO  ExportHelperExtension.cs: 1145 - Found 0 features of type [CoordSys] in 92510A444_Aluminum Unthreaded Spacer-2
2026-06-23 10:40:48,253 INFO  ExportHelperExtension.cs: 1125 - Retrieving features of type [CoordSys] from Pi_Camera_module_3-2
2026-06-23 10:40:48,253 INFO  ExportHelperExtension.cs: 1136 - Found 563 in Pi_Camera_module_3-2
2026-06-23 10:40:48,255 INFO  ExportHelperExtension.cs: 1145 - Found 0 features of type [CoordSys] in Pi_Camera_module_3-2
2026-06-23 10:40:48,255 INFO  ExportHelperExtension.cs: 1125 - Retrieving features of type [RefAxis] from Lidar_PKG
2026-06-23 10:40:48,255 INFO  ExportHelperExtension.cs: 1136 - Found 80 in Lidar_PKG
2026-06-23 10:40:48,256 INFO  ExportHelperExtension.cs: 1145 - Found 0 features of type [RefAxis] in Lidar_PKG
2026-06-23 10:40:48,256 INFO  ExportHelperExtension.cs: 1148 - Proceeding through assembly components
2026-06-23 10:40:48,256 INFO  ExportHelperExtension.cs: 1160 - 14 components to check
2026-06-23 10:40:48,257 INFO  ExportHelperExtension.cs: 1125 - Retrieving features of type [RefAxis] from Pi_Camera_module_3-1
2026-06-23 10:40:48,257 INFO  ExportHelperExtension.cs: 1136 - Found 563 in Pi_Camera_module_3-1
2026-06-23 10:40:48,258 INFO  ExportHelperExtension.cs: 1145 - Found 0 features of type [RefAxis] in Pi_Camera_module_3-1
2026-06-23 10:40:48,258 INFO  ExportHelperExtension.cs: 1125 - Retrieving features of type [RefAxis] from RASPBERRY_PI_5_1-1
2026-06-23 10:40:48,259 INFO  ExportHelperExtension.cs: 1136 - Found 23 in RASPBERRY_PI_5_1-1
2026-06-23 10:40:48,259 INFO  ExportHelperExtension.cs: 1145 - Found 0 features of type [RefAxis] in RASPBERRY_PI_5_1-1
2026-06-23 10:40:48,259 INFO  ExportHelperExtension.cs: 1125 - Retrieving features of type [RefAxis] from Lidar_pkg_box-1
2026-06-23 10:40:48,259 INFO  ExportHelperExtension.cs: 1136 - Found 31 in Lidar_pkg_box-1
2026-06-23 10:40:48,260 INFO  ExportHelperExtension.cs: 1145 - Found 0 features of type [RefAxis] in Lidar_pkg_box-1
2026-06-23 10:40:48,260 INFO  ExportHelperExtension.cs: 1125 - Retrieving features of type [RefAxis] from Ouster OS-1-2
2026-06-23 10:40:48,260 INFO  ExportHelperExtension.cs: 1136 - Found 83 in Ouster OS-1-2
2026-06-23 10:40:48,260 INFO  ExportHelperExtension.cs: 1145 - Found 0 features of type [RefAxis] in Ouster OS-1-2
2026-06-23 10:40:48,261 INFO  ExportHelperExtension.cs: 1125 - Retrieving features of type [RefAxis] from Lidar_cap-1
2026-06-23 10:40:48,261 INFO  ExportHelperExtension.cs: 1136 - Found 26 in Lidar_cap-1
2026-06-23 10:40:48,261 INFO  ExportHelperExtension.cs: 1145 - Found 0 features of type [RefAxis] in Lidar_cap-1
2026-06-23 10:40:48,261 INFO  ExportHelperExtension.cs: 1125 - Retrieving features of type [RefAxis] from 92510A444_Aluminum Unthreaded Spacer-3
2026-06-23 10:40:48,262 INFO  ExportHelperExtension.cs: 1136 - Found 29 in 92510A444_Aluminum Unthreaded Spacer-3
2026-06-23 10:40:48,262 INFO  ExportHelperExtension.cs: 1145 - Found 0 features of type [RefAxis] in 92510A444_Aluminum Unthreaded Spacer-3
2026-06-23 10:40:48,262 INFO  ExportHelperExtension.cs: 1125 - Retrieving features of type [RefAxis] from 92510A444_Aluminum Unthreaded Spacer-4
2026-06-23 10:40:48,262 INFO  ExportHelperExtension.cs: 1136 - Found 29 in 92510A444_Aluminum Unthreaded Spacer-4
2026-06-23 10:40:48,263 INFO  ExportHelperExtension.cs: 1145 - Found 0 features of type [RefAxis] in 92510A444_Aluminum Unthreaded Spacer-4
2026-06-23 10:40:48,263 INFO  ExportHelperExtension.cs: 1125 - Retrieving features of type [RefAxis] from d24v150fx-step-down-voltage-regulator-1
2026-06-23 10:40:48,263 INFO  ExportHelperExtension.cs: 1136 - Found 34 in d24v150fx-step-down-voltage-regulator-1
2026-06-23 10:40:48,263 INFO  ExportHelperExtension.cs: 1145 - Found 0 features of type [RefAxis] in d24v150fx-step-down-voltage-regulator-1
2026-06-23 10:40:48,264 INFO  ExportHelperExtension.cs: 1125 - Retrieving features of type [RefAxis] from 92510A444_Aluminum Unthreaded Spacer-1
2026-06-23 10:40:48,264 INFO  ExportHelperExtension.cs: 1136 - Found 29 in 92510A444_Aluminum Unthreaded Spacer-1
2026-06-23 10:40:48,264 INFO  ExportHelperExtension.cs: 1145 - Found 0 features of type [RefAxis] in 92510A444_Aluminum Unthreaded Spacer-1
2026-06-23 10:40:48,264 INFO  ExportHelperExtension.cs: 1125 - Retrieving features of type [RefAxis] from Lidar_control_box-1
2026-06-23 10:40:48,313 INFO  ExportHelperExtension.cs: 1136 - Found 31 in Lidar_control_box-1
2026-06-23 10:40:48,314 INFO  ExportHelperExtension.cs: 1145 - Found 0 features of type [RefAxis] in Lidar_control_box-1
2026-06-23 10:40:48,314 INFO  ExportHelperExtension.cs: 1125 - Retrieving features of type [RefAxis] from eth_to_usb_adpt-1
2026-06-23 10:40:48,314 INFO  ExportHelperExtension.cs: 1136 - Found 23 in eth_to_usb_adpt-1
2026-06-23 10:40:48,315 INFO  ExportHelperExtension.cs: 1145 - Found 0 features of type [RefAxis] in eth_to_usb_adpt-1
2026-06-23 10:40:48,315 INFO  ExportHelperExtension.cs: 1125 - Retrieving features of type [RefAxis] from 92510A444_Aluminum Unthreaded Spacer-2
2026-06-23 10:40:48,315 INFO  ExportHelperExtension.cs: 1136 - Found 29 in 92510A444_Aluminum Unthreaded Spacer-2
2026-06-23 10:40:48,315 INFO  ExportHelperExtension.cs: 1145 - Found 0 features of type [RefAxis] in 92510A444_Aluminum Unthreaded Spacer-2
2026-06-23 10:40:48,316 INFO  ExportHelperExtension.cs: 1125 - Retrieving features of type [RefAxis] from Pi_Camera_module_3-2
2026-06-23 10:40:48,317 INFO  ExportHelperExtension.cs: 1136 - Found 563 in Pi_Camera_module_3-2
2026-06-23 10:40:48,318 INFO  ExportHelperExtension.cs: 1145 - Found 0 features of type [RefAxis] in Pi_Camera_module_3-2
2026-06-23 10:40:48,360 INFO  ExportPropertyManager.cs: 1142 - AfterClose called. This method no longer throws an Exception. It just silently does nothing. Ok, except for this logging message
2026-06-23 10:41:12,981 INFO  AssemblyExportForm.cs: 253 - Completing URDF export
2026-06-23 10:41:12,982 INFO  ConfigurationSerialization.cs: 276 - URDF Configuration found
<Link z:Id="i1" xmlns="http://schemas.datacontract.org/2004/07/SW2URDF" xmlns:i="http://www.w3.org/2001/XMLSchema-instance" xmlns:z="http://schemas.microsoft.com/2003/10/Serialization/"><Attributes><Attribute z:Id="i2"><AttributeType>name</AttributeType><IsRequired>true</IsRequired><Value i:type="a:string" xmlns:a="http://www.w3.org/2001/XMLSchema">base_link</Value></Attribute></Attributes><ChildElements><URDFElement z:Id="i3" i:type="Inertial"><Attributes/><ChildElements><URDFElement z:Id="i4" i:type="Origin"><Attributes><Attribute z:Id="i5"><AttributeType>xyz</AttributeType><IsRequired>true</IsRequired><Value i:type="a:ArrayOfdouble" xmlns:a="http://schemas.microsoft.com/2003/10/Serialization/Arrays"><a:double>0</a:double><a:double>0</a:double><a:double>0</a:double></Value></Attribute><Attribute z:Id="i6"><AttributeType>rpy</AttributeType><IsRequired>true</IsRequired><Value i:type="a:ArrayOfdouble" xmlns:a="http://schemas.microsoft.com/2003/10/Serialization/Arrays"><a:double>0</a:double><a:double>0</a:double><a:double>0</a:double></Value></Attribute></Attributes><ChildElements/><ElementName>origin</ElementName><required>false</required><RPYAttribute z:Ref="i6"/><XYZAttribute z:Ref="i5"/><isCustomized>false</isCustomized></URDFElement><URDFElement z:Id="i7" i:type="Mass"><Attributes><Attribute z:Id="i8"><AttributeType>value</AttributeType><IsRequired>true</IsRequired><Value i:type="a:double" xmlns:a="http://www.w3.org/2001/XMLSchema">0</Value></Attribute></Attributes><ChildElements/><ElementName>mass</ElementName><required>false</required><ValueAttribute z:Ref="i8"/></URDFElement><URDFElement z:Id="i9" i:type="Inertia"><Attributes><Attribute z:Id="i10"><AttributeType>ixx</AttributeType><IsRequired>true</IsRequired><Value i:type="a:double" xmlns:a="http://www.w3.org/2001/XMLSchema">0</Value></Attribute><Attribute z:Id="i11"><AttributeType>ixy</AttributeType><IsRequired>true</IsRequired><Value i:type="a:double" xmlns:a="http://www.w3.org/2001/XMLSchema">0</Value></Attribute><Attribute z:Id="i12"><AttributeType>ixz</AttributeType><IsRequired>true</IsRequired><Value i:type="a:double" xmlns:a="http://www.w3.org/2001/XMLSchema">0</Value></Attribute><Attribute z:Id="i13"><AttributeType>iyy</AttributeType><IsRequired>true</IsRequired><Value i:type="a:double" xmlns:a="http://www.w3.org/2001/XMLSchema">0</Value></Attribute><Attribute z:Id="i14"><AttributeType>iyz</AttributeType><IsRequired>true</IsRequired><Value i:type="a:double" xmlns:a="http://www.w3.org/2001/XMLSchema">0</Value></Attribute><Attribute z:Id="i15"><AttributeType>izz</AttributeType><IsRequired>true</IsRequired><Value i:type="a:double" xmlns:a="http://www.w3.org/2001/XMLSchema">0</Value></Attribute></Attributes><ChildElements/><ElementName>inertia</ElementName><required>false</required><IxxAttribute z:Ref="i10"/><IxyAttribute z:Ref="i11"/><IxzAttribute z:Ref="i12"/><IyyAttribute z:Ref="i13"/><IyzAttribute z:Ref="i14"/><IzzAttribute z:Ref="i15"/></URDFElement></ChildElements><ElementName>inertial</ElementName><required>false</required><Inertia z:Ref="i9"/><Mass z:Ref="i7"/><Origin z:Ref="i4"/></URDFElement><URDFElement z:Id="i16" i:type="Visual"><Attributes/><ChildElements><URDFElement z:Id="i17" i:type="Origin"><Attributes><Attribute z:Id="i18"><AttributeType>xyz</AttributeType><IsRequired>true</IsRequired><Value i:type="a:ArrayOfdouble" xmlns:a="http://schemas.microsoft.com/2003/10/Serialization/Arrays"><a:double>0</a:double><a:double>0</a:double><a:double>0</a:double></Value></Attribute><Attribute z:Id="i19"><AttributeType>rpy</AttributeType><IsRequired>true</IsRequired><Value i:type="a:ArrayOfdouble" xmlns:a="http://schemas.microsoft.com/2003/10/Serialization/Arrays"><a:double>0</a:double><a:double>0</a:double><a:double>0</a:double></Value></Attribute></Attributes><ChildElements/><ElementName>origin</ElementName><required>false</required><RPYAttribute z:Ref="i19"/><XYZAttribute z:Ref="i18"/><isCustomized>false</isCustomized></URDFElement><URDFElement z:Id="i20" i:type="Geometry"><Attributes/><ChildElements><URDFElement z:Id="i21" i:type="Mesh"><Attributes><Attribute z:Id="i22"><AttributeType>filename</AttributeType><IsRequired>true</IsRequired><Value i:nil="true"/></Attribute></Attributes><ChildElements/><ElementName>mesh</ElementName><required>false</required><FilenameAttribute z:Ref="i22"/></URDFElement></ChildElements><ElementName>geometry</ElementName><required>true</required><Mesh z:Ref="i21"/></URDFElement><URDFElement z:Id="i23" i:type="Material"><Attributes><Attribute z:Id="i24"><AttributeType>name</AttributeType><IsRequired>true</IsRequired><Value i:type="a:string" xmlns:a="http://www.w3.org/2001/XMLSchema"/></Attribute></Attributes><ChildElements><URDFElement z:Id="i25" i:type="Color"><Attributes><Attribute z:Id="i26"><AttributeType>rgba</AttributeType><IsRequired>true</IsRequired><Value i:type="a:ArrayOfdouble" xmlns:a="http://schemas.microsoft.com/2003/10/Serialization/Arrays"><a:double>1</a:double><a:double>1</a:double><a:double>1</a:double><a:double>1</a:double></Value></Attribute></Attributes><ChildElements/><ElementName>color</ElementName><required>false</required><RGBAAttribute z:Ref="i26"/></URDFElement><URDFElement z:Id="i27" i:type="Texture"><Attributes><Attribute z:Id="i28"><AttributeType>filename</AttributeType><IsRequired>true</IsRequired><Value i:nil="true"/></Attribute></Attributes><ChildElements/><ElementName>texture</ElementName><required>false</required><FilenameAttribute z:Ref="i28"/><wFilename/></URDFElement></ChildElements><ElementName>material</ElementName><required>false</required><Color z:Ref="i25"/><NameAttribute z:Ref="i24"/><Texture z:Ref="i27"/></URDFElement></ChildElements><ElementName>visual</ElementName><required>false</required><Geometry z:Ref="i20"/><Material z:Ref="i23"/><Origin z:Ref="i17"/></URDFElement><URDFElement z:Id="i29" i:type="Collision"><Attributes/><ChildElements><URDFElement z:Id="i30" i:type="Origin"><Attributes><Attribute z:Id="i31"><AttributeType>xyz</AttributeType><IsRequired>true</IsRequired><Value i:type="a:ArrayOfdouble" xmlns:a="http://schemas.microsoft.com/2003/10/Serialization/Arrays"><a:double>0</a:double><a:double>0</a:double><a:double>0</a:double></Value></Attribute><Attribute z:Id="i32"><AttributeType>rpy</AttributeType><IsRequired>true</IsRequired><Value i:type="a:ArrayOfdouble" xmlns:a="http://schemas.microsoft.com/2003/10/Serialization/Arrays"><a:double>0</a:double><a:double>0</a:double><a:double>0</a:double></Value></Attribute></Attributes><ChildElements/><ElementName>origin</ElementName><required>false</required><RPYAttribute z:Ref="i32"/><XYZAttribute z:Ref="i31"/><isCustomized>false</isCustomized></URDFElement><URDFElement z:Id="i33" i:type="Geometry"><Attributes/><ChildElements><URDFElement z:Id="i34" i:type="Mesh"><Attributes><Attribute z:Id="i35"><AttributeType>filename</AttributeType><IsRequired>true</IsRequired><Value i:nil="true"/></Attribute></Attributes><ChildElements/><ElementName>mesh</ElementName><required>false</required><FilenameAttribute z:Ref="i35"/></URDFElement></ChildElements><ElementName>geometry</ElementName><required>true</required><Mesh z:Ref="i34"/></URDFElement></ChildElements><ElementName>collision</ElementName><required>false</required><Geometry z:Ref="i33"/><Origin z:Ref="i30"/></URDFElement><URDFElement z:Id="i36" i:type="Joint"><Attributes><Attribute z:Id="i37"><AttributeType>name</AttributeType><IsRequired>true</IsRequired><Value i:type="a:string" xmlns:a="http://www.w3.org/2001/XMLSchema"/></Attribute><Attribute z:Id="i38"><AttributeType>type</AttributeType><IsRequired>true</IsRequired><Value i:type="a:string" xmlns:a="http://www.w3.org/2001/XMLSchema"/></Attribute></Attributes><ChildElements><URDFElement z:Id="i39" i:type="Origin"><Attributes><Attribute z:Id="i40"><AttributeType>xyz</AttributeType><IsRequired>true</IsRequired><Value i:type="a:ArrayOfdouble" xmlns:a="http://schemas.microsoft.com/2003/10/Serialization/Arrays"><a:double>0</a:double><a:double>0</a:double><a:double>0</a:double></Value></Attribute><Attribute z:Id="i41"><AttributeType>rpy</AttributeType><IsRequired>true</IsRequired><Value i:type="a:ArrayOfdouble" xmlns:a="http://schemas.microsoft.com/2003/10/Serialization/Arrays"><a:double>0</a:double><a:double>0</a:double><a:double>0</a:double></Value></Attribute></Attributes><ChildElements/><ElementName>origin</ElementName><required>false</required><RPYAttribute z:Ref="i41"/><XYZAttribute z:Ref="i40"/><isCustomized>false</isCustomized></URDFElement><URDFElement z:Id="i42" i:type="ParentLink"><Attributes><Attribute z:Id="i43"><AttributeType>link</AttributeType><IsRequired>true</IsRequired><Value i:type="a:string" xmlns:a="http://www.w3.org/2001/XMLSchema"/></Attribute></Attributes><ChildElements/><ElementName>parent</ElementName><required>true</required><NameAttribute z:Ref="i43"/></URDFElement><URDFElement z:Id="i44" i:type="ChildLink"><Attributes><Attribute z:Id="i45"><AttributeType>link</AttributeType><IsRequired>true</IsRequired><Value i:type="a:string" xmlns:a="http://www.w3.org/2001/XMLSchema"/></Attribute></Attributes><ChildElements/><ElementName>child</ElementName><required>true</required><NameAttribute z:Ref="i45"/></URDFElement><URDFElement z:Id="i46" i:type="Axis"><Attributes><Attribute z:Id="i47"><AttributeType>xyz</AttributeType><IsRequired>true</IsRequired><Value i:type="a:ArrayOfdouble" xmlns:a="http://schemas.microsoft.com/2003/10/Serialization/Arrays"><a:double>0</a:double><a:double>0</a:double><a:double>0</a:double></Value></Attribute></Attributes><ChildElements/><ElementName>axis</ElementName><required>false</required><XYZAttribute z:Ref="i47"/></URDFElement><URDFElement z:Id="i48" i:type="Limit"><Attributes><Attribute z:Id="i49"><AttributeType>lower</AttributeType><IsRequired>false</IsRequired><Value i:nil="true"/></Attribute><Attribute z:Id="i50"><AttributeType>upper</AttributeType><IsRequired>false</IsRequired><Value i:nil="true"/></Attribute><Attribute z:Id="i51"><AttributeType>effort</AttributeType><IsRequired>true</IsRequired><Value i:nil="true"/></Attribute><Attribute z:Id="i52"><AttributeType>velocity</AttributeType><IsRequired>true</IsRequired><Value i:nil="true"/></Attribute></Attributes><ChildElements/><ElementName>limit</ElementName><required>false</required><EffortAttribute z:Ref="i51"/><LowerAttribute z:Ref="i49"/><UpperAttribute z:Ref="i50"/><VelocityAttribute z:Ref="i52"/></URDFElement><URDFElement z:Id="i53" i:type="Calibration"><Attributes><Attribute z:Id="i54"><AttributeType>rising</AttributeType><IsRequired>false</IsRequired><Value i:nil="true"/></Attribute><Attribute z:Id="i55"><AttributeType>falling</AttributeType><IsRequired>false</IsRequired><Value i:nil="true"/></Attribute></Attributes><ChildElements/><ElementName>calibration</ElementName><required>false</required><FallingAttribute z:Ref="i55"/><RisingAttribute z:Ref="i54"/></URDFElement><URDFElement z:Id="i56" i:type="Dynamics"><Attributes><Attribute z:Id="i57"><AttributeType>damping</AttributeType><IsRequired>false</IsRequired><Value i:nil="true"/></Attribute><Attribute z:Id="i58"><AttributeType>friction</AttributeType><IsRequired>false</IsRequired><Value i:nil="true"/></Attribute></Attributes><ChildElements/><ElementName>dynamics</ElementName><required>false</required><DampingAttribute z:Ref="i57"/><FrictionAttribute z:Ref="i58"/></URDFElement><URDFElement z:Id="i59" i:type="SafetyController"><Attributes><Attribute z:Id="i60"><AttributeType>soft_upper_limit</AttributeType><IsRequired>false</IsRequired><Value i:nil="true"/></Attribute><Attribute z:Id="i61"><AttributeType>soft_lower_limit</AttributeType><IsRequired>false</IsRequired><Value i:nil="true"/></Attribute><Attribute z:Id="i62"><AttributeType>k_position</AttributeType><IsRequired>false</IsRequired><Value i:nil="true"/></Attribute><Attribute z:Id="i63"><AttributeType>k_velocity</AttributeType><IsRequired>true</IsRequired><Value i:nil="true"/></Attribute></Attributes><ChildElements/><ElementName>safety_controller</ElementName><required>false</required><KPositionAttribute z:Ref="i62"/><KVelocityAttribute z:Ref="i63"/><SoftLowerAttribute z:Ref="i61"/><SoftUpperAttribute z:Ref="i60"/></URDFElement><URDFElement z:Id="i64" i:type="Mimic"><Attributes><Attribute z:Id="i65"><AttributeType>joint</AttributeType><IsRequired>true</IsRequired><Value i:nil="true"/></Attribute><Attribute z:Id="i66"><AttributeType>multiplier</AttributeType><IsRequired>false</IsRequired><Value i:nil="true"/></Attribute><Attribute z:Id="i67"><AttributeType>offset</AttributeType><IsRequired>false</IsRequired><Value i:nil="true"/></Attribute></Attributes><ChildElements/><ElementName>mimic</ElementName><required>false</required><JointNameAttribute z:Ref="i65"/><MultiplierAttribute z:Ref="i66"/><OffsetAttribute z:Ref="i67"/></URDFElement></ChildElements><ElementName>joint</ElementName><required>false</required><Axis z:Ref="i46"/><AxisName/><Calibration z:Ref="i53"/><Child z:Ref="i44"/><CoordinateSystemName>Automatically Generate</CoordinateSystemName><Dynamics z:Ref="i56"/><Limit z:Ref="i48"/><Mimic z:Ref="i64"/><NameAttribute z:Ref="i37"/><Origin z:Ref="i39"/><Parent z:Ref="i42"/><Safety z:Ref="i59"/><TypeAttribute z:Ref="i38"/></URDFElement></ChildElements><ElementName>link</ElementName><required>true</required><Children><Link z:Id="i68"><Attributes><Attribute z:Id="i69"><AttributeType>name</AttributeType><IsRequired>true</IsRequired><Value i:type="a:string" xmlns:a="http://www.w3.org/2001/XMLSchema">cam1_link</Value></Attribute></Attributes><ChildElements><URDFElement z:Id="i70" i:type="Inertial"><Attributes/><ChildElements><URDFElement z:Id="i71" i:type="Origin"><Attributes><Attribute z:Id="i72"><AttributeType>xyz</AttributeType><IsRequired>true</IsRequired><Value i:type="a:ArrayOfdouble" xmlns:a="http://schemas.microsoft.com/2003/10/Serialization/Arrays"><a:double>0</a:double><a:double>0</a:double><a:double>0</a:double></Value></Attribute><Attribute z:Id="i73"><AttributeType>rpy</AttributeType><IsRequired>true</IsRequired><Value i:type="a:ArrayOfdouble" xmlns:a="http://schemas.microsoft.com/2003/10/Serialization/Arrays"><a:double>0</a:double><a:double>0</a:double><a:double>0</a:double></Value></Attribute></Attributes><ChildElements/><ElementName>origin</ElementName><required>false</required><RPYAttribute z:Ref="i73"/><XYZAttribute z:Ref="i72"/><isCustomized>false</isCustomized></URDFElement><URDFElement z:Id="i74" i:type="Mass"><Attributes><Attribute z:Id="i75"><AttributeType>value</AttributeType><IsRequired>true</IsRequired><Value i:type="a:double" xmlns:a="http://www.w3.org/2001/XMLSchema">0</Value></Attribute></Attributes><ChildElements/><ElementName>mass</ElementName><required>false</required><ValueAttribute z:Ref="i75"/></URDFElement><URDFElement z:Id="i76" i:type="Inertia"><Attributes><Attribute z:Id="i77"><AttributeType>ixx</AttributeType><IsRequired>true</IsRequired><Value i:type="a:double" xmlns:a="http://www.w3.org/2001/XMLSchema">0</Value></Attribute><Attribute z:Id="i78"><AttributeType>ixy</AttributeType><IsRequired>true</IsRequired><Value i:type="a:double" xmlns:a="http://www.w3.org/2001/XMLSchema">0</Value></Attribute><Attribute z:Id="i79"><AttributeType>ixz</AttributeType><IsRequired>true</IsRequired><Value i:type="a:double" xmlns:a="http://www.w3.org/2001/XMLSchema">0</Value></Attribute><Attribute z:Id="i80"><AttributeType>iyy</AttributeType><IsRequired>true</IsRequired><Value i:type="a:double" xmlns:a="http://www.w3.org/2001/XMLSchema">0</Value></Attribute><Attribute z:Id="i81"><AttributeType>iyz</AttributeType><IsRequired>true</IsRequired><Value i:type="a:double" xmlns:a="http://www.w3.org/2001/XMLSchema">0</Value></Attribute><Attribute z:Id="i82"><AttributeType>izz</AttributeType><IsRequired>true</IsRequired><Value i:type="a:double" xmlns:a="http://www.w3.org/2001/XMLSchema">0</Value></Attribute></Attributes><ChildElements/><ElementName>inertia</ElementName><required>false</required><IxxAttribute z:Ref="i77"/><IxyAttribute z:Ref="i78"/><IxzAttribute z:Ref="i79"/><IyyAttribute z:Ref="i80"/><IyzAttribute z:Ref="i81"/><IzzAttribute z:Ref="i82"/></URDFElement></ChildElements><ElementName>inertial</ElementName><required>false</required><Inertia z:Ref="i76"/><Mass z:Ref="i74"/><Origin z:Ref="i71"/></URDFElement><URDFElement z:Id="i83" i:type="Visual"><Attributes/><ChildElements><URDFElement z:Id="i84" i:type="Origin"><Attributes><Attribute z:Id="i85"><AttributeType>xyz</AttributeType><IsRequired>true</IsRequired><Value i:type="a:ArrayOfdouble" xmlns:a="http://schemas.microsoft.com/2003/10/Serialization/Arrays"><a:double>0</a:double><a:double>0</a:double><a:double>0</a:double></Value></Attribute><Attribute z:Id="i86"><AttributeType>rpy</AttributeType><IsRequired>true</IsRequired><Value i:type="a:ArrayOfdouble" xmlns:a="http://schemas.microsoft.com/2003/10/Serialization/Arrays"><a:double>0</a:double><a:double>0</a:double><a:double>0</a:double></Value></Attribute></Attributes><ChildElements/><ElementName>origin</ElementName><required>false</required><RPYAttribute z:Ref="i86"/><XYZAttribute z:Ref="i85"/><isCustomized>false</isCustomized></URDFElement><URDFElement z:Id="i87" i:type="Geometry"><Attributes/><ChildElements><URDFElement z:Id="i88" i:type="Mesh"><Attributes><Attribute z:Id="i89"><AttributeType>filename</AttributeType><IsRequired>true</IsRequired><Value i:nil="true"/></Attribute></Attributes><ChildElements/><ElementName>mesh</ElementName><required>false</required><FilenameAttribute z:Ref="i89"/></URDFElement></ChildElements><ElementName>geometry</ElementName><required>true</required><Mesh z:Ref="i88"/></URDFElement><URDFElement z:Id="i90" i:type="Material"><Attributes><Attribute z:Id="i91"><AttributeType>name</AttributeType><IsRequired>true</IsRequired><Value i:type="a:string" xmlns:a="http://www.w3.org/2001/XMLSchema"/></Attribute></Attributes><ChildElements><URDFElement z:Id="i92" i:type="Color"><Attributes><Attribute z:Id="i93"><AttributeType>rgba</AttributeType><IsRequired>true</IsRequired><Value i:type="a:ArrayOfdouble" xmlns:a="http://schemas.microsoft.com/2003/10/Serialization/Arrays"><a:double>1</a:double><a:double>1</a:double><a:double>1</a:double><a:double>1</a:double></Value></Attribute></Attributes><ChildElements/><ElementName>color</ElementName><required>false</required><RGBAAttribute z:Ref="i93"/></URDFElement><URDFElement z:Id="i94" i:type="Texture"><Attributes><Attribute z:Id="i95"><AttributeType>filename</AttributeType><IsRequired>true</IsRequired><Value i:nil="true"/></Attribute></Attributes><ChildElements/><ElementName>texture</ElementName><required>false</required><FilenameAttribute z:Ref="i95"/><wFilename/></URDFElement></ChildElements><ElementName>material</ElementName><required>false</required><Color z:Ref="i92"/><NameAttribute z:Ref="i91"/><Texture z:Ref="i94"/></URDFElement></ChildElements><ElementName>visual</ElementName><required>false</required><Geometry z:Ref="i87"/><Material z:Ref="i90"/><Origin z:Ref="i84"/></URDFElement><URDFElement z:Id="i96" i:type="Collision"><Attributes/><ChildElements><URDFElement z:Id="i97" i:type="Origin"><Attributes><Attribute z:Id="i98"><AttributeType>xyz</AttributeType><IsRequired>true</IsRequired><Value i:type="a:ArrayOfdouble" xmlns:a="http://schemas.microsoft.com/2003/10/Serialization/Arrays"><a:double>0</a:double><a:double>0</a:double><a:double>0</a:double></Value></Attribute><Attribute z:Id="i99"><AttributeType>rpy</AttributeType><IsRequired>true</IsRequired><Value i:type="a:ArrayOfdouble" xmlns:a="http://schemas.microsoft.com/2003/10/Serialization/Arrays"><a:double>0</a:double><a:double>0</a:double><a:double>0</a:double></Value></Attribute></Attributes><ChildElements/><ElementName>origin</ElementName><required>false</required><RPYAttribute z:Ref="i99"/><XYZAttribute z:Ref="i98"/><isCustomized>false</isCustomized></URDFElement><URDFElement z:Id="i100" i:type="Geometry"><Attributes/><ChildElements><URDFElement z:Id="i101" i:type="Mesh"><Attributes><Attribute z:Id="i102"><AttributeType>filename</AttributeType><IsRequired>true</IsRequired><Value i:nil="true"/></Attribute></Attributes><ChildElements/><ElementName>mesh</ElementName><required>false</required><FilenameAttribute z:Ref="i102"/></URDFElement></ChildElements><ElementName>geometry</ElementName><required>true</required><Mesh z:Ref="i101"/></URDFElement></ChildElements><ElementName>collision</ElementName><required>false</required><Geometry z:Ref="i100"/><Origin z:Ref="i97"/></URDFElement><URDFElement z:Id="i103" i:type="Joint"><Attributes><Attribute z:Id="i104"><AttributeType>name</AttributeType><IsRequired>true</IsRequired><Value i:type="a:string" xmlns:a="http://www.w3.org/2001/XMLSchema">cam1_joint</Value></Attribute><Attribute z:Id="i105"><AttributeType>type</AttributeType><IsRequired>true</IsRequired><Value i:type="a:string" xmlns:a="http://www.w3.org/2001/XMLSchema">fixed</Value></Attribute></Attributes><ChildElements><URDFElement z:Id="i106" i:type="Origin"><Attributes><Attribute z:Id="i107"><AttributeType>xyz</AttributeType><IsRequired>true</IsRequired><Value i:type="a:ArrayOfdouble" xmlns:a="http://schemas.microsoft.com/2003/10/Serialization/Arrays"><a:double>0</a:double><a:double>0</a:double><a:double>0</a:double></Value></Attribute><Attribute z:Id="i108"><AttributeType>rpy</AttributeType><IsRequired>true</IsRequired><Value i:type="a:ArrayOfdouble" xmlns:a="http://schemas.microsoft.com/2003/10/Serialization/Arrays"><a:double>0</a:double><a:double>0</a:double><a:double>0</a:double></Value></Attribute></Attributes><ChildElements/><ElementName>origin</ElementName><required>false</required><RPYAttribute z:Ref="i108"/><XYZAttribute z:Ref="i107"/><isCustomized>false</isCustomized></URDFElement><URDFElement z:Id="i109" i:type="ParentLink"><Attributes><Attribute z:Id="i110"><AttributeType>link</AttributeType><IsRequired>true</IsRequired><Value i:type="a:string" xmlns:a="http://www.w3.org/2001/XMLSchema"/></Attribute></Attributes><ChildElements/><ElementName>parent</ElementName><required>true</required><NameAttribute z:Ref="i110"/></URDFElement><URDFElement z:Id="i111" i:type="ChildLink"><Attributes><Attribute z:Id="i112"><AttributeType>link</AttributeType><IsRequired>true</IsRequired><Value i:type="a:string" xmlns:a="http://www.w3.org/2001/XMLSchema"/></Attribute></Attributes><ChildElements/><ElementName>child</ElementName><required>true</required><NameAttribute z:Ref="i112"/></URDFElement><URDFElement z:Id="i113" i:type="Axis"><Attributes><Attribute z:Id="i114"><AttributeType>xyz</AttributeType><IsRequired>true</IsRequired><Value i:type="a:ArrayOfdouble" xmlns:a="http://schemas.microsoft.com/2003/10/Serialization/Arrays"><a:double>0</a:double><a:double>0</a:double><a:double>0</a:double></Value></Attribute></Attributes><ChildElements/><ElementName>axis</ElementName><required>false</required><XYZAttribute z:Ref="i114"/></URDFElement><URDFElement z:Id="i115" i:type="Limit"><Attributes><Attribute z:Id="i116"><AttributeType>lower</AttributeType><IsRequired>false</IsRequired><Value i:nil="true"/></Attribute><Attribute z:Id="i117"><AttributeType>upper</AttributeType><IsRequired>false</IsRequired><Value i:nil="true"/></Attribute><Attribute z:Id="i118"><AttributeType>effort</AttributeType><IsRequired>true</IsRequired><Value i:nil="true"/></Attribute><Attribute z:Id="i119"><AttributeType>velocity</AttributeType><IsRequired>true</IsRequired><Value i:nil="true"/></Attribute></Attributes><ChildElements/><ElementName>limit</ElementName><required>false</required><EffortAttribute z:Ref="i118"/><LowerAttribute z:Ref="i116"/><UpperAttribute z:Ref="i117"/><VelocityAttribute z:Ref="i119"/></URDFElement><URDFElement z:Id="i120" i:type="Calibration"><Attributes><Attribute z:Id="i121"><AttributeType>rising</AttributeType><IsRequired>false</IsRequired><Value i:nil="true"/></Attribute><Attribute z:Id="i122"><AttributeType>falling</AttributeType><IsRequired>false</IsRequired><Value i:nil="true"/></Attribute></Attributes><ChildElements/><ElementName>calibration</ElementName><required>false</required><FallingAttribute z:Ref="i122"/><RisingAttribute z:Ref="i121"/></URDFElement><URDFElement z:Id="i123" i:type="Dynamics"><Attributes><Attribute z:Id="i124"><AttributeType>damping</AttributeType><IsRequired>false</IsRequired><Value i:nil="true"/></Attribute><Attribute z:Id="i125"><AttributeType>friction</AttributeType><IsRequired>false</IsRequired><Value i:nil="true"/></Attribute></Attributes><ChildElements/><ElementName>dynamics</ElementName><required>false</required><DampingAttribute z:Ref="i124"/><FrictionAttribute z:Ref="i125"/></URDFElement><URDFElement z:Id="i126" i:type="SafetyController"><Attributes><Attribute z:Id="i127"><AttributeType>soft_upper_limit</AttributeType><IsRequired>false</IsRequired><Value i:nil="true"/></Attribute><Attribute z:Id="i128"><AttributeType>soft_lower_limit</AttributeType><IsRequired>false</IsRequired><Value i:nil="true"/></Attribute><Attribute z:Id="i129"><AttributeType>k_position</AttributeType><IsRequired>false</IsRequired><Value i:nil="true"/></Attribute><Attribute z:Id="i130"><AttributeType>k_velocity</AttributeType><IsRequired>true</IsRequired><Value i:nil="true"/></Attribute></Attributes><ChildElements/><ElementName>safety_controller</ElementName><required>false</required><KPositionAttribute z:Ref="i129"/><KVelocityAttribute z:Ref="i130"/><SoftLowerAttribute z:Ref="i128"/><SoftUpperAttribute z:Ref="i127"/></URDFElement><URDFElement z:Id="i131" i:type="Mimic"><Attributes><Attribute z:Id="i132"><AttributeType>joint</AttributeType><IsRequired>true</IsRequired><Value i:nil="true"/></Attribute><Attribute z:Id="i133"><AttributeType>multiplier</AttributeType><IsRequired>false</IsRequired><Value i:nil="true"/></Attribute><Attribute z:Id="i134"><AttributeType>offset</AttributeType><IsRequired>false</IsRequired><Value i:nil="true"/></Attribute></Attributes><ChildElements/><ElementName>mimic</ElementName><required>false</required><JointNameAttribute z:Ref="i132"/><MultiplierAttribute z:Ref="i133"/><OffsetAttribute z:Ref="i134"/></URDFElement></ChildElements><ElementName>joint</ElementName><required>false</required><Axis z:Ref="i113"/><AxisName>Automatically Generate</AxisName><Calibration z:Ref="i120"/><Child z:Ref="i111"/><CoordinateSystemName>Automatically Generate</CoordinateSystemName><Dynamics z:Ref="i123"/><Limit z:Ref="i115"/><Mimic z:Ref="i131"/><NameAttribute z:Ref="i104"/><Origin z:Ref="i106"/><Parent z:Ref="i109"/><Safety z:Ref="i126"/><TypeAttribute z:Ref="i105"/></URDFElement></ChildElements><ElementName>link</ElementName><required>true</required><Children/><Collision z:Ref="i96"/><Inertial z:Ref="i70"/><Joint z:Ref="i103"/><NameAttribute z:Ref="i69"/><Parent z:Ref="i1"/><STLQualityFine>false</STLQualityFine><SWComponentPIDs xmlns:a="http://schemas.microsoft.com/2003/10/Serialization/Arrays"><a:base64Binary>OEoAAAUAAAD//v8eUABpAF8AQwBhAG0AZQByAGEAXwBtAG8AZAB1AGwAZQBfADMALQAxAEAATABpAGQAYQByAF8AUABLAEcABAAAABAAAAABAAAAAQAAABsAAAA=</a:base64Binary></SWComponentPIDs><SWMainComponentPID i:nil="true"/><Visual z:Ref="i83"/><isFixedFrame>false</isFixedFrame><isIncomplete>false</isIncomplete></Link><Link z:Id="i135"><Attributes><Attribute z:Id="i136"><AttributeType>name</AttributeType><IsRequired>true</IsRequired><Value i:type="a:string" xmlns:a="http://www.w3.org/2001/XMLSchema">cam2_link</Value></Attribute></Attributes><ChildElements><URDFElement z:Id="i137" i:type="Inertial"><Attributes/><ChildElements><URDFElement z:Id="i138" i:type="Origin"><Attributes><Attribute z:Id="i139"><AttributeType>xyz</AttributeType><IsRequired>true</IsRequired><Value i:type="a:ArrayOfdouble" xmlns:a="http://schemas.microsoft.com/2003/10/Serialization/Arrays"><a:double>0</a:double><a:double>0</a:double><a:double>0</a:double></Value></Attribute><Attribute z:Id="i140"><AttributeType>rpy</AttributeType><IsRequired>true</IsRequired><Value i:type="a:ArrayOfdouble" xmlns:a="http://schemas.microsoft.com/2003/10/Serialization/Arrays"><a:double>0</a:double><a:double>0</a:double><a:double>0</a:double></Value></Attribute></Attributes><ChildElements/><ElementName>origin</ElementName><required>false</required><RPYAttribute z:Ref="i140"/><XYZAttribute z:Ref="i139"/><isCustomized>false</isCustomized></URDFElement><URDFElement z:Id="i141" i:type="Mass"><Attributes><Attribute z:Id="i142"><AttributeType>value</AttributeType><IsRequired>true</IsRequired><Value i:type="a:double" xmlns:a="http://www.w3.org/2001/XMLSchema">0</Value></Attribute></Attributes><ChildElements/><ElementName>mass</ElementName><required>false</required><ValueAttribute z:Ref="i142"/></URDFElement><URDFElement z:Id="i143" i:type="Inertia"><Attributes><Attribute z:Id="i144"><AttributeType>ixx</AttributeType><IsRequired>true</IsRequired><Value i:type="a:double" xmlns:a="http://www.w3.org/2001/XMLSchema">0</Value></Attribute><Attribute z:Id="i145"><AttributeType>ixy</AttributeType><IsRequired>true</IsRequired><Value i:type="a:double" xmlns:a="http://www.w3.org/2001/XMLSchema">0</Value></Attribute><Attribute z:Id="i146"><AttributeType>ixz</AttributeType><IsRequired>true</IsRequired><Value i:type="a:double" xmlns:a="http://www.w3.org/2001/XMLSchema">0</Value></Attribute><Attribute z:Id="i147"><AttributeType>iyy</AttributeType><IsRequired>true</IsRequired><Value i:type="a:double" xmlns:a="http://www.w3.org/2001/XMLSchema">0</Value></Attribute><Attribute z:Id="i148"><AttributeType>iyz</AttributeType><IsRequired>true</IsRequired><Value i:type="a:double" xmlns:a="http://www.w3.org/2001/XMLSchema">0</Value></Attribute><Attribute z:Id="i149"><AttributeType>izz</AttributeType><IsRequired>true</IsRequired><Value i:type="a:double" xmlns:a="http://www.w3.org/2001/XMLSchema">0</Value></Attribute></Attributes><ChildElements/><ElementName>inertia</ElementName><required>false</required><IxxAttribute z:Ref="i144"/><IxyAttribute z:Ref="i145"/><IxzAttribute z:Ref="i146"/><IyyAttribute z:Ref="i147"/><IyzAttribute z:Ref="i148"/><IzzAttribute z:Ref="i149"/></URDFElement></ChildElements><ElementName>inertial</ElementName><required>false</required><Inertia z:Ref="i143"/><Mass z:Ref="i141"/><Origin z:Ref="i138"/></URDFElement><URDFElement z:Id="i150" i:type="Visual"><Attributes/><ChildElements><URDFElement z:Id="i151" i:type="Origin"><Attributes><Attribute z:Id="i152"><AttributeType>xyz</AttributeType><IsRequired>true</IsRequired><Value i:type="a:ArrayOfdouble" xmlns:a="http://schemas.microsoft.com/2003/10/Serialization/Arrays"><a:double>0</a:double><a:double>0</a:double><a:double>0</a:double></Value></Attribute><Attribute z:Id="i153"><AttributeType>rpy</AttributeType><IsRequired>true</IsRequired><Value i:type="a:ArrayOfdouble" xmlns:a="http://schemas.microsoft.com/2003/10/Serialization/Arrays"><a:double>0</a:double><a:double>0</a:double><a:double>0</a:double></Value></Attribute></Attributes><ChildElements/><ElementName>origin</ElementName><required>false</required><RPYAttribute z:Ref="i153"/><XYZAttribute z:Ref="i152"/><isCustomized>false</isCustomized></URDFElement><URDFElement z:Id="i154" i:type="Geometry"><Attributes/><ChildElements><URDFElement z:Id="i155" i:type="Mesh"><Attributes><Attribute z:Id="i156"><AttributeType>filename</AttributeType><IsRequired>true</IsRequired><Value i:nil="true"/></Attribute></Attributes><ChildElements/><ElementName>mesh</ElementName><required>false</required><FilenameAttribute z:Ref="i156"/></URDFElement></ChildElements><ElementName>geometry</ElementName><required>true</required><Mesh z:Ref="i155"/></URDFElement><URDFElement z:Id="i157" i:type="Material"><Attributes><Attribute z:Id="i158"><AttributeType>name</AttributeType><IsRequired>true</IsRequired><Value i:type="a:string" xmlns:a="http://www.w3.org/2001/XMLSchema"/></Attribute></Attributes><ChildElements><URDFElement z:Id="i159" i:type="Color"><Attributes><Attribute z:Id="i160"><AttributeType>rgba</AttributeType><IsRequired>true</IsRequired><Value i:type="a:ArrayOfdouble" xmlns:a="http://schemas.microsoft.com/2003/10/Serialization/Arrays"><a:double>1</a:double><a:double>1</a:double><a:double>1</a:double><a:double>1</a:double></Value></Attribute></Attributes><ChildElements/><ElementName>color</ElementName><required>false</required><RGBAAttribute z:Ref="i160"/></URDFElement><URDFElement z:Id="i161" i:type="Texture"><Attributes><Attribute z:Id="i162"><AttributeType>filename</AttributeType><IsRequired>true</IsRequired><Value i:nil="true"/></Attribute></Attributes><ChildElements/><ElementName>texture</ElementName><required>false</required><FilenameAttribute z:Ref="i162"/><wFilename/></URDFElement></ChildElements><ElementName>material</ElementName><required>false</required><Color z:Ref="i159"/><NameAttribute z:Ref="i158"/><Texture z:Ref="i161"/></URDFElement></ChildElements><ElementName>visual</ElementName><required>false</required><Geometry z:Ref="i154"/><Material z:Ref="i157"/><Origin z:Ref="i151"/></URDFElement><URDFElement z:Id="i163" i:type="Collision"><Attributes/><ChildElements><URDFElement z:Id="i164" i:type="Origin"><Attributes><Attribute z:Id="i165"><AttributeType>xyz</AttributeType><IsRequired>true</IsRequired><Value i:type="a:ArrayOfdouble" xmlns:a="http://schemas.microsoft.com/2003/10/Serialization/Arrays"><a:double>0</a:double><a:double>0</a:double><a:double>0</a:double></Value></Attribute><Attribute z:Id="i166"><AttributeType>rpy</AttributeType><IsRequired>true</IsRequired><Value i:type="a:ArrayOfdouble" xmlns:a="http://schemas.microsoft.com/2003/10/Serialization/Arrays"><a:double>0</a:double><a:double>0</a:double><a:double>0</a:double></Value></Attribute></Attributes><ChildElements/><ElementName>origin</ElementName><required>false</required><RPYAttribute z:Ref="i166"/><XYZAttribute z:Ref="i165"/><isCustomized>false</isCustomized></URDFElement><URDFElement z:Id="i167" i:type="Geometry"><Attributes/><ChildElements><URDFElement z:Id="i168" i:type="Mesh"><Attributes><Attribute z:Id="i169"><AttributeType>filename</AttributeType><IsRequired>true</IsRequired><Value i:nil="true"/></Attribute></Attributes><ChildElements/><ElementName>mesh</ElementName><required>false</required><FilenameAttribute z:Ref="i169"/></URDFElement></ChildElements><ElementName>geometry</ElementName><required>true</required><Mesh z:Ref="i168"/></URDFElement></ChildElements><ElementName>collision</ElementName><required>false</required><Geometry z:Ref="i167"/><Origin z:Ref="i164"/></URDFElement><URDFElement z:Id="i170" i:type="Joint"><Attributes><Attribute z:Id="i171"><AttributeType>name</AttributeType><IsRequired>true</IsRequired><Value i:type="a:string" xmlns:a="http://www.w3.org/2001/XMLSchema">cam2_joint</Value></Attribute><Attribute z:Id="i172"><AttributeType>type</AttributeType><IsRequired>true</IsRequired><Value i:type="a:string" xmlns:a="http://www.w3.org/2001/XMLSchema">fixed</Value></Attribute></Attributes><ChildElements><URDFElement z:Id="i173" i:type="Origin"><Attributes><Attribute z:Id="i174"><AttributeType>xyz</AttributeType><IsRequired>true</IsRequired><Value i:type="a:ArrayOfdouble" xmlns:a="http://schemas.microsoft.com/2003/10/Serialization/Arrays"><a:double>0</a:double><a:double>0</a:double><a:double>0</a:double></Value></Attribute><Attribute z:Id="i175"><AttributeType>rpy</AttributeType><IsRequired>true</IsRequired><Value i:type="a:ArrayOfdouble" xmlns:a="http://schemas.microsoft.com/2003/10/Serialization/Arrays"><a:double>0</a:double><a:double>0</a:double><a:double>0</a:double></Value></Attribute></Attributes><ChildElements/><ElementName>origin</ElementName><required>false</required><RPYAttribute z:Ref="i175"/><XYZAttribute z:Ref="i174"/><isCustomized>false</isCustomized></URDFElement><URDFElement z:Id="i176" i:type="ParentLink"><Attributes><Attribute z:Id="i177"><AttributeType>link</AttributeType><IsRequired>true</IsRequired><Value i:type="a:string" xmlns:a="http://www.w3.org/2001/XMLSchema"/></Attribute></Attributes><ChildElements/><ElementName>parent</ElementName><required>true</required><NameAttribute z:Ref="i177"/></URDFElement><URDFElement z:Id="i178" i:type="ChildLink"><Attributes><Attribute z:Id="i179"><AttributeType>link</AttributeType><IsRequired>true</IsRequired><Value i:type="a:string" xmlns:a="http://www.w3.org/2001/XMLSchema"/></Attribute></Attributes><ChildElements/><ElementName>child</ElementName><required>true</required><NameAttribute z:Ref="i179"/></URDFElement><URDFElement z:Id="i180" i:type="Axis"><Attributes><Attribute z:Id="i181"><AttributeType>xyz</AttributeType><IsRequired>true</IsRequired><Value i:type="a:ArrayOfdouble" xmlns:a="http://schemas.microsoft.com/2003/10/Serialization/Arrays"><a:double>0</a:double><a:double>0</a:double><a:double>0</a:double></Value></Attribute></Attributes><ChildElements/><ElementName>axis</ElementName><required>false</required><XYZAttribute z:Ref="i181"/></URDFElement><URDFElement z:Id="i182" i:type="Limit"><Attributes><Attribute z:Id="i183"><AttributeType>lower</AttributeType><IsRequired>false</IsRequired><Value i:nil="true"/></Attribute><Attribute z:Id="i184"><AttributeType>upper</AttributeType><IsRequired>false</IsRequired><Value i:nil="true"/></Attribute><Attribute z:Id="i185"><AttributeType>effort</AttributeType><IsRequired>true</IsRequired><Value i:nil="true"/></Attribute><Attribute z:Id="i186"><AttributeType>velocity</AttributeType><IsRequired>true</IsRequired><Value i:nil="true"/></Attribute></Attributes><ChildElements/><ElementName>limit</ElementName><required>false</required><EffortAttribute z:Ref="i185"/><LowerAttribute z:Ref="i183"/><UpperAttribute z:Ref="i184"/><VelocityAttribute z:Ref="i186"/></URDFElement><URDFElement z:Id="i187" i:type="Calibration"><Attributes><Attribute z:Id="i188"><AttributeType>rising</AttributeType><IsRequired>false</IsRequired><Value i:nil="true"/></Attribute><Attribute z:Id="i189"><AttributeType>falling</AttributeType><IsRequired>false</IsRequired><Value i:nil="true"/></Attribute></Attributes><ChildElements/><ElementName>calibration</ElementName><required>false</required><FallingAttribute z:Ref="i189"/><RisingAttribute z:Ref="i188"/></URDFElement><URDFElement z:Id="i190" i:type="Dynamics"><Attributes><Attribute z:Id="i191"><AttributeType>damping</AttributeType><IsRequired>false</IsRequired><Value i:nil="true"/></Attribute><Attribute z:Id="i192"><AttributeType>friction</AttributeType><IsRequired>false</IsRequired><Value i:nil="true"/></Attribute></Attributes><ChildElements/><ElementName>dynamics</ElementName><required>false</required><DampingAttribute z:Ref="i191"/><FrictionAttribute z:Ref="i192"/></URDFElement><URDFElement z:Id="i193" i:type="SafetyController"><Attributes><Attribute z:Id="i194"><AttributeType>soft_upper_limit</AttributeType><IsRequired>false</IsRequired><Value i:nil="true"/></Attribute><Attribute z:Id="i195"><AttributeType>soft_lower_limit</AttributeType><IsRequired>false</IsRequired><Value i:nil="true"/></Attribute><Attribute z:Id="i196"><AttributeType>k_position</AttributeType><IsRequired>false</IsRequired><Value i:nil="true"/></Attribute><Attribute z:Id="i197"><AttributeType>k_velocity</AttributeType><IsRequired>true</IsRequired><Value i:nil="true"/></Attribute></Attributes><ChildElements/><ElementName>safety_controller</ElementName><required>false</required><KPositionAttribute z:Ref="i196"/><KVelocityAttribute z:Ref="i197"/><SoftLowerAttribute z:Ref="i195"/><SoftUpperAttribute z:Ref="i194"/></URDFElement><URDFElement z:Id="i198" i:type="Mimic"><Attributes><Attribute z:Id="i199"><AttributeType>joint</AttributeType><IsRequired>true</IsRequired><Value i:nil="true"/></Attribute><Attribute z:Id="i200"><AttributeType>multiplier</AttributeType><IsRequired>false</IsRequired><Value i:nil="true"/></Attribute><Attribute z:Id="i201"><AttributeType>offset</AttributeType><IsRequired>false</IsRequired><Value i:nil="true"/></Attribute></Attributes><ChildElements/><ElementName>mimic</ElementName><required>false</required><JointNameAttribute z:Ref="i199"/><MultiplierAttribute z:Ref="i200"/><OffsetAttribute z:Ref="i201"/></URDFElement></ChildElements><ElementName>joint</ElementName><required>false</required><Axis z:Ref="i180"/><AxisName>Automatically Generate</AxisName><Calibration z:Ref="i187"/><Child z:Ref="i178"/><CoordinateSystemName>Automatically Generate</CoordinateSystemName><Dynamics z:Ref="i190"/><Limit z:Ref="i182"/><Mimic z:Ref="i198"/><NameAttribute z:Ref="i171"/><Origin z:Ref="i173"/><Parent z:Ref="i176"/><Safety z:Ref="i193"/><TypeAttribute z:Ref="i172"/></URDFElement></ChildElements><ElementName>link</ElementName><required>true</required><Children/><Collision z:Ref="i163"/><Inertial z:Ref="i137"/><Joint z:Ref="i170"/><NameAttribute z:Ref="i136"/><Parent z:Ref="i1"/><STLQualityFine>false</STLQualityFine><SWComponentPIDs xmlns:a="http://schemas.microsoft.com/2003/10/Serialization/Arrays"><a:base64Binary>OEoAAAUAAAD//v8eUABpAF8AQwBhAG0AZQByAGEAXwBtAG8AZAB1AGwAZQBfADMALQAyAEAATABpAGQAYQByAF8AUABLAEcABAAAABAAAAABAAAAAQAAAC4AAAA=</a:base64Binary></SWComponentPIDs><SWMainComponentPID i:nil="true"/><Visual z:Ref="i150"/><isFixedFrame>false</isFixedFrame><isIncomplete>false</isIncomplete></Link><Link z:Id="i202"><Attributes><Attribute z:Id="i203"><AttributeType>name</AttributeType><IsRequired>true</IsRequired><Value i:type="a:string" xmlns:a="http://www.w3.org/2001/XMLSchema">lidar_Link</Value></Attribute></Attributes><ChildElements><URDFElement z:Id="i204" i:type="Inertial"><Attributes/><ChildElements><URDFElement z:Id="i205" i:type="Origin"><Attributes><Attribute z:Id="i206"><AttributeType>xyz</AttributeType><IsRequired>true</IsRequired><Value i:type="a:ArrayOfdouble" xmlns:a="http://schemas.microsoft.com/2003/10/Serialization/Arrays"><a:double>0</a:double><a:double>0</a:double><a:double>0</a:double></Value></Attribute><Attribute z:Id="i207"><AttributeType>rpy</AttributeType><IsRequired>true</IsRequired><Value i:type="a:ArrayOfdouble" xmlns:a="http://schemas.microsoft.com/2003/10/Serialization/Arrays"><a:double>0</a:double><a:double>0</a:double><a:double>0</a:double></Value></Attribute></Attributes><ChildElements/><ElementName>origin</ElementName><required>false</required><RPYAttribute z:Ref="i207"/><XYZAttribute z:Ref="i206"/><isCustomized>false</isCustomized></URDFElement><URDFElement z:Id="i208" i:type="Mass"><Attributes><Attribute z:Id="i209"><AttributeType>value</AttributeType><IsRequired>true</IsRequired><Value i:type="a:double" xmlns:a="http://www.w3.org/2001/XMLSchema">0</Value></Attribute></Attributes><ChildElements/><ElementName>mass</ElementName><required>false</required><ValueAttribute z:Ref="i209"/></URDFElement><URDFElement z:Id="i210" i:type="Inertia"><Attributes><Attribute z:Id="i211"><AttributeType>ixx</AttributeType><IsRequired>true</IsRequired><Value i:type="a:double" xmlns:a="http://www.w3.org/2001/XMLSchema">0</Value></Attribute><Attribute z:Id="i212"><AttributeType>ixy</AttributeType><IsRequired>true</IsRequired><Value i:type="a:double" xmlns:a="http://www.w3.org/2001/XMLSchema">0</Value></Attribute><Attribute z:Id="i213"><AttributeType>ixz</AttributeType><IsRequired>true</IsRequired><Value i:type="a:double" xmlns:a="http://www.w3.org/2001/XMLSchema">0</Value></Attribute><Attribute z:Id="i214"><AttributeType>iyy</AttributeType><IsRequired>true</IsRequired><Value i:type="a:double" xmlns:a="http://www.w3.org/2001/XMLSchema">0</Value></Attribute><Attribute z:Id="i215"><AttributeType>iyz</AttributeType><IsRequired>true</IsRequired><Value i:type="a:double" xmlns:a="http://www.w3.org/2001/XMLSchema">0</Value></Attribute><Attribute z:Id="i216"><AttributeType>izz</AttributeType><IsRequired>true</IsRequired><Value i:type="a:double" xmlns:a="http://www.w3.org/2001/XMLSchema">0</Value></Attribute></Attributes><ChildElements/><ElementName>inertia</ElementName><required>false</required><IxxAttribute z:Ref="i211"/><IxyAttribute z:Ref="i212"/><IxzAttribute z:Ref="i213"/><IyyAttribute z:Ref="i214"/><IyzAttribute z:Ref="i215"/><IzzAttribute z:Ref="i216"/></URDFElement></ChildElements><ElementName>inertial</ElementName><required>false</required><Inertia z:Ref="i210"/><Mass z:Ref="i208"/><Origin z:Ref="i205"/></URDFElement><URDFElement z:Id="i217" i:type="Visual"><Attributes/><ChildElements><URDFElement z:Id="i218" i:type="Origin"><Attributes><Attribute z:Id="i219"><AttributeType>xyz</AttributeType><IsRequired>true</IsRequired><Value i:type="a:ArrayOfdouble" xmlns:a="http://schemas.microsoft.com/2003/10/Serialization/Arrays"><a:double>0</a:double><a:double>0</a:double><a:double>0</a:double></Value></Attribute><Attribute z:Id="i220"><AttributeType>rpy</AttributeType><IsRequired>true</IsRequired><Value i:type="a:ArrayOfdouble" xmlns:a="http://schemas.microsoft.com/2003/10/Serialization/Arrays"><a:double>0</a:double><a:double>0</a:double><a:double>0</a:double></Value></Attribute></Attributes><ChildElements/><ElementName>origin</ElementName><required>false</required><RPYAttribute z:Ref="i220"/><XYZAttribute z:Ref="i219"/><isCustomized>false</isCustomized></URDFElement><URDFElement z:Id="i221" i:type="Geometry"><Attributes/><ChildElements><URDFElement z:Id="i222" i:type="Mesh"><Attributes><Attribute z:Id="i223"><AttributeType>filename</AttributeType><IsRequired>true</IsRequired><Value i:nil="true"/></Attribute></Attributes><ChildElements/><ElementName>mesh</ElementName><required>false</required><FilenameAttribute z:Ref="i223"/></URDFElement></ChildElements><ElementName>geometry</ElementName><required>true</required><Mesh z:Ref="i222"/></URDFElement><URDFElement z:Id="i224" i:type="Material"><Attributes><Attribute z:Id="i225"><AttributeType>name</AttributeType><IsRequired>true</IsRequired><Value i:type="a:string" xmlns:a="http://www.w3.org/2001/XMLSchema"/></Attribute></Attributes><ChildElements><URDFElement z:Id="i226" i:type="Color"><Attributes><Attribute z:Id="i227"><AttributeType>rgba</AttributeType><IsRequired>true</IsRequired><Value i:type="a:ArrayOfdouble" xmlns:a="http://schemas.microsoft.com/2003/10/Serialization/Arrays"><a:double>1</a:double><a:double>1</a:double><a:double>1</a:double><a:double>1</a:double></Value></Attribute></Attributes><ChildElements/><ElementName>color</ElementName><required>false</required><RGBAAttribute z:Ref="i227"/></URDFElement><URDFElement z:Id="i228" i:type="Texture"><Attributes><Attribute z:Id="i229"><AttributeType>filename</AttributeType><IsRequired>true</IsRequired><Value i:nil="true"/></Attribute></Attributes><ChildElements/><ElementName>texture</ElementName><required>false</required><FilenameAttribute z:Ref="i229"/><wFilename/></URDFElement></ChildElements><ElementName>material</ElementName><required>false</required><Color z:Ref="i226"/><NameAttribute z:Ref="i225"/><Texture z:Ref="i228"/></URDFElement></ChildElements><ElementName>visual</ElementName><required>false</required><Geometry z:Ref="i221"/><Material z:Ref="i224"/><Origin z:Ref="i218"/></URDFElement><URDFElement z:Id="i230" i:type="Collision"><Attributes/><ChildElements><URDFElement z:Id="i231" i:type="Origin"><Attributes><Attribute z:Id="i232"><AttributeType>xyz</AttributeType><IsRequired>true</IsRequired><Value i:type="a:ArrayOfdouble" xmlns:a="http://schemas.microsoft.com/2003/10/Serialization/Arrays"><a:double>0</a:double><a:double>0</a:double><a:double>0</a:double></Value></Attribute><Attribute z:Id="i233"><AttributeType>rpy</AttributeType><IsRequired>true</IsRequired><Value i:type="a:ArrayOfdouble" xmlns:a="http://schemas.microsoft.com/2003/10/Serialization/Arrays"><a:double>0</a:double><a:double>0</a:double><a:double>0</a:double></Value></Attribute></Attributes><ChildElements/><ElementName>origin</ElementName><required>false</required><RPYAttribute z:Ref="i233"/><XYZAttribute z:Ref="i232"/><isCustomized>false</isCustomized></URDFElement><URDFElement z:Id="i234" i:type="Geometry"><Attributes/><ChildElements><URDFElement z:Id="i235" i:type="Mesh"><Attributes><Attribute z:Id="i236"><AttributeType>filename</AttributeType><IsRequired>true</IsRequired><Value i:nil="true"/></Attribute></Attributes><ChildElements/><ElementName>mesh</ElementName><required>false</required><FilenameAttribute z:Ref="i236"/></URDFElement></ChildElements><ElementName>geometry</ElementName><required>true</required><Mesh z:Ref="i235"/></URDFElement></ChildElements><ElementName>collision</ElementName><required>false</required><Geometry z:Ref="i234"/><Origin z:Ref="i231"/></URDFElement><URDFElement z:Id="i237" i:type="Joint"><Attributes><Attribute z:Id="i238"><AttributeType>name</AttributeType><IsRequired>true</IsRequired><Value i:type="a:string" xmlns:a="http://www.w3.org/2001/XMLSchema">lidar_joint</Value></Attribute><Attribute z:Id="i239"><AttributeType>type</AttributeType><IsRequired>true</IsRequired><Value i:type="a:string" xmlns:a="http://www.w3.org/2001/XMLSchema">fixed</Value></Attribute></Attributes><ChildElements><URDFElement z:Id="i240" i:type="Origin"><Attributes><Attribute z:Id="i241"><AttributeType>xyz</AttributeType><IsRequired>true</IsRequired><Value i:type="a:ArrayOfdouble" xmlns:a="http://schemas.microsoft.com/2003/10/Serialization/Arrays"><a:double>0</a:double><a:double>0</a:double><a:double>0</a:double></Value></Attribute><Attribute z:Id="i242"><AttributeType>rpy</AttributeType><IsRequired>true</IsRequired><Value i:type="a:ArrayOfdouble" xmlns:a="http://schemas.microsoft.com/2003/10/Serialization/Arrays"><a:double>0</a:double><a:double>0</a:double><a:double>0</a:double></Value></Attribute></Attributes><ChildElements/><ElementName>origin</ElementName><required>false</required><RPYAttribute z:Ref="i242"/><XYZAttribute z:Ref="i241"/><isCustomized>false</isCustomized></URDFElement><URDFElement z:Id="i243" i:type="ParentLink"><Attributes><Attribute z:Id="i244"><AttributeType>link</AttributeType><IsRequired>true</IsRequired><Value i:type="a:string" xmlns:a="http://www.w3.org/2001/XMLSchema"/></Attribute></Attributes><ChildElements/><ElementName>parent</ElementName><required>true</required><NameAttribute z:Ref="i244"/></URDFElement><URDFElement z:Id="i245" i:type="ChildLink"><Attributes><Attribute z:Id="i246"><AttributeType>link</AttributeType><IsRequired>true</IsRequired><Value i:type="a:string" xmlns:a="http://www.w3.org/2001/XMLSchema"/></Attribute></Attributes><ChildElements/><ElementName>child</ElementName><required>true</required><NameAttribute z:Ref="i246"/></URDFElement><URDFElement z:Id="i247" i:type="Axis"><Attributes><Attribute z:Id="i248"><AttributeType>xyz</AttributeType><IsRequired>true</IsRequired><Value i:type="a:ArrayOfdouble" xmlns:a="http://schemas.microsoft.com/2003/10/Serialization/Arrays"><a:double>0</a:double><a:double>0</a:double><a:double>0</a:double></Value></Attribute></Attributes><ChildElements/><ElementName>axis</ElementName><required>false</required><XYZAttribute z:Ref="i248"/></URDFElement><URDFElement z:Id="i249" i:type="Limit"><Attributes><Attribute z:Id="i250"><AttributeType>lower</AttributeType><IsRequired>false</IsRequired><Value i:nil="true"/></Attribute><Attribute z:Id="i251"><AttributeType>upper</AttributeType><IsRequired>false</IsRequired><Value i:nil="true"/></Attribute><Attribute z:Id="i252"><AttributeType>effort</AttributeType><IsRequired>true</IsRequired><Value i:nil="true"/></Attribute><Attribute z:Id="i253"><AttributeType>velocity</AttributeType><IsRequired>true</IsRequired><Value i:nil="true"/></Attribute></Attributes><ChildElements/><ElementName>limit</ElementName><required>false</required><EffortAttribute z:Ref="i252"/><LowerAttribute z:Ref="i250"/><UpperAttribute z:Ref="i251"/><VelocityAttribute z:Ref="i253"/></URDFElement><URDFElement z:Id="i254" i:type="Calibration"><Attributes><Attribute z:Id="i255"><AttributeType>rising</AttributeType><IsRequired>false</IsRequired><Value i:nil="true"/></Attribute><Attribute z:Id="i256"><AttributeType>falling</AttributeType><IsRequired>false</IsRequired><Value i:nil="true"/></Attribute></Attributes><ChildElements/><ElementName>calibration</ElementName><required>false</required><FallingAttribute z:Ref="i256"/><RisingAttribute z:Ref="i255"/></URDFElement><URDFElement z:Id="i257" i:type="Dynamics"><Attributes><Attribute z:Id="i258"><AttributeType>damping</AttributeType><IsRequired>false</IsRequired><Value i:nil="true"/></Attribute><Attribute z:Id="i259"><AttributeType>friction</AttributeType><IsRequired>false</IsRequired><Value i:nil="true"/></Attribute></Attributes><ChildElements/><ElementName>dynamics</ElementName><required>false</required><DampingAttribute z:Ref="i258"/><FrictionAttribute z:Ref="i259"/></URDFElement><URDFElement z:Id="i260" i:type="SafetyController"><Attributes><Attribute z:Id="i261"><AttributeType>soft_upper_limit</AttributeType><IsRequired>false</IsRequired><Value i:nil="true"/></Attribute><Attribute z:Id="i262"><AttributeType>soft_lower_limit</AttributeType><IsRequired>false</IsRequired><Value i:nil="true"/></Attribute><Attribute z:Id="i263"><AttributeType>k_position</AttributeType><IsRequired>false</IsRequired><Value i:nil="true"/></Attribute><Attribute z:Id="i264"><AttributeType>k_velocity</AttributeType><IsRequired>true</IsRequired><Value i:nil="true"/></Attribute></Attributes><ChildElements/><ElementName>safety_controller</ElementName><required>false</required><KPositionAttribute z:Ref="i263"/><KVelocityAttribute z:Ref="i264"/><SoftLowerAttribute z:Ref="i262"/><SoftUpperAttribute z:Ref="i261"/></URDFElement><URDFElement z:Id="i265" i:type="Mimic"><Attributes><Attribute z:Id="i266"><AttributeType>joint</AttributeType><IsRequired>true</IsRequired><Value i:nil="true"/></Attribute><Attribute z:Id="i267"><AttributeType>multiplier</AttributeType><IsRequired>false</IsRequired><Value i:nil="true"/></Attribute><Attribute z:Id="i268"><AttributeType>offset</AttributeType><IsRequired>false</IsRequired><Value i:nil="true"/></Attribute></Attributes><ChildElements/><ElementName>mimic</ElementName><required>false</required><JointNameAttribute z:Ref="i266"/><MultiplierAttribute z:Ref="i267"/><OffsetAttribute z:Ref="i268"/></URDFElement></ChildElements><ElementName>joint</ElementName><required>false</required><Axis z:Ref="i247"/><AxisName>Automatically Generate</AxisName><Calibration z:Ref="i254"/><Child z:Ref="i245"/><CoordinateSystemName>Automatically Generate</CoordinateSystemName><Dynamics z:Ref="i257"/><Limit z:Ref="i249"/><Mimic z:Ref="i265"/><NameAttribute z:Ref="i238"/><Origin z:Ref="i240"/><Parent z:Ref="i243"/><Safety z:Ref="i260"/><TypeAttribute z:Ref="i239"/></URDFElement></ChildElements><ElementName>link</ElementName><required>true</required><Children/><Collision z:Ref="i230"/><Inertial z:Ref="i204"/><Joint z:Ref="i237"/><NameAttribute z:Ref="i203"/><Parent z:Ref="i1"/><STLQualityFine>false</STLQualityFine><SWComponentPIDs xmlns:a="http://schemas.microsoft.com/2003/10/Serialization/Arrays"><a:base64Binary>OEoAAAUAAAD//v8XTwB1AHMAdABlAHIAIABPAFMALQAxAC0AMgBAAEwAaQBkAGEAcgBfAFAASwBHAAQAAAAQAAAAAQAAAAEAAAAXAAAA</a:base64Binary></SWComponentPIDs><SWMainComponentPID i:nil="true"/><Visual z:Ref="i217"/><isFixedFrame>false</isFixedFrame><isIncomplete>false</isIncomplete></Link></Children><Collision z:Ref="i29"/><Inertial z:Ref="i3"/><Joint z:Ref="i36"/><NameAttribute z:Ref="i2"/><Parent i:nil="true"/><STLQualityFine>false</STLQualityFine><SWComponentPIDs xmlns:a="http://schemas.microsoft.com/2003/10/Serialization/Arrays"><a:base64Binary>OEoAAAUAAAD//v8ZTABpAGQAYQByAF8AcABrAGcAXwBiAG8AeAAtADEAQABMAGkAZABhAHIAXwBQAEsARwAEAAAAEAAAAAEAAAABAAAAGgAAAA==</a:base64Binary><a:base64Binary>OEoAAAUAAAD//v8VTABpAGQAYQByAF8AYwBhAHAALQAxAEAATABpAGQAYQByAF8AUABLAEcABAAAABAAAAABAAAAAQAAABgAAAA=</a:base64Binary><a:base64Binary>OEoAAAUAAAD//v8wOQAyADUAMQAwAEEANAA0ADQAXwBBAGwAdQBtAGkAbgB1AG0AIABVAG4AdABoAHIAZQBhAGQAZQBkACAAUwBwAGEAYwBlAHIALQAyAEAATABpAGQAYQByAF8AUABLAEcABAAAABAAAAABAAAAAQAAAHEAAAA=</a:base64Binary><a:base64Binary>OEoAAAUAAAD//v8wOQAyADUAMQAwAEEANAA0ADQAXwBBAGwAdQBtAGkAbgB1AG0AIABVAG4AdABoAHIAZQBhAGQAZQBkACAAUwBwAGEAYwBlAHIALQAzAEAATABpAGQAYQByAF8AUABLAEcABAAAABAAAAABAAAAAQAAAHIAAAA=</a:base64Binary><a:base64Binary>OEoAAAUAAAD//v8wOQAyADUAMQAwAEEANAA0ADQAXwBBAGwAdQBtAGkAbgB1AG0AIABVAG4AdABoAHIAZQBhAGQAZQBkACAAUwBwAGEAYwBlAHIALQAxAEAATABpAGQAYQByAF8AUABLAEcABAAAABAAAAABAAAAAQAAAG4AAAA=</a:base64Binary><a:base64Binary>OEoAAAUAAAD//v8wOQAyADUAMQAwAEEANAA0ADQAXwBBAGwAdQBtAGkAbgB1AG0AIABVAG4AdABoAHIAZQBhAGQAZQBkACAAUwBwAGEAYwBlAHIALQA0AEAATABpAGQAYQByAF8AUABLAEcABAAAABAAAAABAAAAAQAAAHMAAAA=</a:base64Binary></SWComponentPIDs><SWMainComponentPID i:nil="true"/><Visual z:Ref="i16"/><isFixedFrame>false</isFixedFrame><isIncomplete>false</isIncomplete></Link>
2026-06-23 10:41:25,685 INFO  AssemblyExportForm.cs: 309 - Saving URDF package to C:\Users\juanh\OneDrive\Documents\CAD Projects\Lidar pkg\Lidar_PKG_2
2026-06-23 10:41:25,686 INFO  ExportHelper.cs: 147 - Beginning the export process
2026-06-23 10:41:25,687 INFO  ExportHelper.cs: 153 - Creating package directories with name Lidar_PKG_2 and save path C:\Users\juanh\OneDrive\Documents\CAD Projects\Lidar pkg
2026-06-23 10:41:38,310 INFO  ExportHelper.cs: 162 - Creating CMakeLists.txt at C:\Users\juanh\OneDrive\Documents\CAD Projects\Lidar pkg\Lidar_PKG_2\CMakeLists.txt
2026-06-23 10:41:38,312 INFO  ExportHelper.cs: 166 - Creating joint names config at C:\Users\juanh\OneDrive\Documents\CAD Projects\Lidar pkg\Lidar_PKG_2\config\joint_names_Lidar_PKG_2.yaml
2026-06-23 10:41:38,313 INFO  ExportHelper.cs: 170 - Creating package.xml at C:\Users\juanh\OneDrive\Documents\CAD Projects\Lidar pkg\Lidar_PKG_2\package.xml
2026-06-23 10:41:38,313 INFO  PackageXMLWriter.cs: 21 - Creating package.xml at C:\Users\juanh\OneDrive\Documents\CAD Projects\Lidar pkg\Lidar_PKG_2\package.xml
2026-06-23 10:41:38,314 INFO  ExportHelper.cs: 177 - Creating RVIZ launch file in C:\Users\juanh\OneDrive\Documents\CAD Projects\Lidar pkg\Lidar_PKG_2\launch\
2026-06-23 10:41:38,314 INFO  ExportHelper.cs: 182 - Creating Gazebo launch file in C:\Users\juanh\OneDrive\Documents\CAD Projects\Lidar pkg\Lidar_PKG_2\launch\
2026-06-23 10:41:38,315 INFO  ExportHelper.cs: 187 - Saving existing STL preferences
2026-06-23 10:41:38,315 INFO  ExportHelper.cs: 450 - Saving users preferences
2026-06-23 10:41:38,315 INFO  ExportHelper.cs: 190 - Modifying STL preferences
2026-06-23 10:41:38,315 INFO  ExportHelper.cs: 464 - Setting STL preferences
2026-06-23 10:41:38,316 INFO  ExportHelper.cs: 196 - Found 0 hidden components 
2026-06-23 10:41:38,316 INFO  ExportHelper.cs: 197 - Hiding all components
2026-06-23 10:41:39,000 INFO  ExportHelper.cs: 204 - Beginning individual files export
2026-06-23 10:41:39,002 INFO  ExportHelper.cs: 270 - Exporting link: base_link
2026-06-23 10:41:39,002 INFO  ExportHelper.cs: 272 - Link base_link has 3 children
2026-06-23 10:41:39,003 INFO  ExportHelper.cs: 270 - Exporting link: cam1_link
2026-06-23 10:41:39,003 INFO  ExportHelper.cs: 272 - Link cam1_link has 0 children
2026-06-23 10:41:39,003 INFO  ExportHelper.cs: 317 - cam1_link: Exporting STL with coordinate frame Origin_cam1_joint2
2026-06-23 10:41:39,003 INFO  ExportHelper.cs: 322 - cam1_link: Reference geometry name 
2026-06-23 10:41:40,191 INFO  ExportHelper.cs: 330 - Saving STL to C:\Users\juanh\OneDrive\Documents\CAD Projects\Lidar pkg\Lidar_PKG_2\meshes\cam1_link.STL
2026-06-23 10:41:41,997 INFO  ExportHelper.cs: 405 - Removing SW header in STL file
2026-06-23 10:41:41,999 INFO  ExportHelper.cs: 270 - Exporting link: cam2_link
2026-06-23 10:41:41,999 INFO  ExportHelper.cs: 272 - Link cam2_link has 0 children
2026-06-23 10:41:41,999 INFO  ExportHelper.cs: 317 - cam2_link: Exporting STL with coordinate frame Origin_cam2_joint2
2026-06-23 10:41:41,999 INFO  ExportHelper.cs: 322 - cam2_link: Reference geometry name 
2026-06-23 10:41:42,049 INFO  ExportHelper.cs: 330 - Saving STL to C:\Users\juanh\OneDrive\Documents\CAD Projects\Lidar pkg\Lidar_PKG_2\meshes\cam2_link.STL
2026-06-23 10:41:43,429 INFO  ExportHelper.cs: 405 - Removing SW header in STL file
2026-06-23 10:41:43,430 INFO  ExportHelper.cs: 270 - Exporting link: lidar_Link
2026-06-23 10:41:43,430 INFO  ExportHelper.cs: 272 - Link lidar_Link has 0 children
2026-06-23 10:41:43,430 INFO  ExportHelper.cs: 317 - lidar_Link: Exporting STL with coordinate frame Origin_lidar_joint2
2026-06-23 10:41:43,430 INFO  ExportHelper.cs: 322 - lidar_Link: Reference geometry name 
2026-06-23 10:41:43,455 INFO  ExportHelper.cs: 330 - Saving STL to C:\Users\juanh\OneDrive\Documents\CAD Projects\Lidar pkg\Lidar_PKG_2\meshes\lidar_Link.STL
2026-06-23 10:41:44,000 INFO  ExportHelper.cs: 405 - Removing SW header in STL file
2026-06-23 10:41:44,001 INFO  ExportHelper.cs: 317 - base_link: Exporting STL with coordinate frame Origin_global
2026-06-23 10:41:44,001 INFO  ExportHelper.cs: 322 - base_link: Reference geometry name 
2026-06-23 10:41:44,063 INFO  ExportHelper.cs: 330 - Saving STL to C:\Users\juanh\OneDrive\Documents\CAD Projects\Lidar pkg\Lidar_PKG_2\meshes\base_link.STL
2026-06-23 10:41:44,171 INFO  ExportHelper.cs: 405 - Removing SW header in STL file
2026-06-23 10:41:44,171 INFO  ExportHelper.cs: 145 - Showing all components except previously hidden components
2026-06-23 10:41:45,398 INFO  ExportHelper.cs: 145 - Resetting STL preferences
2026-06-23 10:41:45,398 INFO  ExportHelper.cs: 478 - Returning STL preferences to user preferences
2026-06-23 10:41:45,398 INFO  ExportHelper.cs: 228 - Writing URDF file to C:\Users\juanh\OneDrive\Documents\CAD Projects\Lidar pkg\Lidar_PKG_2\urdf\Lidar_PKG_2.urdf
2026-06-23 10:41:45,400 INFO  CSVImportExport.cs: 32 - Writing CSV file C:\Users\juanh\OneDrive\Documents\CAD Projects\Lidar pkg\Lidar_PKG_2\urdf\Lidar_PKG_2.csv
2026-06-23 10:41:45,403 ERROR CSVImportExport.cs: 130 - The following columns were not written to the CSV: Link.Joint.ChildLink.link,
2026-06-23 10:41:45,403 ERROR CSVImportExport.cs: 130 - The following columns were not written to the CSV: Link.Joint.ChildLink.link,
2026-06-23 10:41:45,403 ERROR CSVImportExport.cs: 130 - The following columns were not written to the CSV: Link.Joint.ChildLink.link,
2026-06-23 10:41:45,404 ERROR CSVImportExport.cs: 130 - The following columns were not written to the CSV: Link.Joint.ChildLink.link,
2026-06-23 10:41:45,404 INFO  ExportHelper.cs: 234 - Copying log file
2026-06-23 10:41:45,404 INFO  ExportHelper.cs: 439 - Copying C:\Users\juanh\sw2urdf_logs\sw2urdf.log to C:\Users\juanh\OneDrive\Documents\CAD Projects\Lidar pkg\Lidar_PKG_2\export.log
